AccXL_mean,AccXL_std,AccXL_rms,AccXL_fft1,AccXL_fft2,AccXL_energy,AccXL_peak_to_peak,AccXL_skewness,AccXL_kurtosis,AccYL_mean,AccYL_std,AccYL_rms,AccYL_fft1,AccYL_fft2,AccYL_energy,AccYL_peak_to_peak,AccYL_skewness,AccYL_kurtosis,AccZL_mean,AccZL_std,AccZL_rms,AccZL_fft1,AccZL_fft2,AccZL_energy,AccZL_peak_to_peak,AccZL_skewness,AccZL_kurtosis,GroXL_mean,GroXL_std,GroXL_rms,GroXL_fft1,GroXL_fft2,GroXL_energy,GroXL_peak_to_peak,GroXL_skewness,GroXL_kurtosis,GroYL_mean,GroYL_std,GroYL_rms,GroYL_fft1,GroYL_fft2,GroYL_energy,GroYL_peak_to_peak,GroYL_skewness,GroYL_kurtosis,GroZL_mean,GroZL_std,GroZL_rms,GroZL_fft1,GroZL_fft2,GroZL_energy,GroZL_peak_to_peak,GroZL_skewness,GroZL_kurtosis,AccXR_mean,AccXR_std,AccXR_rms,AccXR_fft1,AccXR_fft2,AccXR_energy,AccXR_peak_to_peak,AccXR_skewness,AccXR_kurtosis,AccYR_mean,AccYR_std,AccYR_rms,AccYR_fft1,AccYR_fft2,AccYR_energy,AccYR_peak_to_peak,AccYR_skewness,AccYR_kurtosis,AccZR_mean,AccZR_std,AccZR_rms,AccZR_fft1,AccZR_fft2,AccZR_energy,AccZR_peak_to_peak,AccZR_skewness,AccZR_kurtosis,GroXR_mean,GroXR_std,GroXR_rms,GroXR_fft1,GroXR_fft2,GroXR_energy,GroXR_peak_to_peak,GroXR_skewness,GroXR_kurtosis,GroYR_mean,GroYR_std,GroYR_rms,GroYR_fft1,GroYR_fft2,GroYR_energy,GroYR_peak_to_peak,GroYR_skewness,GroYR_kurtosis,GroZR_mean,GroZR_std,GroZR_rms,GroZR_fft1,GroZR_fft2,GroZR_energy,GroZR_peak_to_peak,GroZR_skewness,GroZR_kurtosis,segment_length,segment_start,segment_end,peak_position,segment_snr_accy,rep_id,set_id,file_id,activity,pid,segmentation_method,filter_applied
3568.1510606634065,6331.0798702703905,7267.343002463579,476613.1919764105,291565.0457278785,1352045422475.6824,27380.453633284378,2.1240393522535443,3.8262735074966283,3468.1441755383626,6428.428341221418,7304.294282169867,468044.16670332494,290265.03345226456,1365829502989.809,27410.49687076024,1.8506362841145576,2.1487551097156254,20434.37967712786,25721.283106577965,32850.39234830764,2522566.46839588,919941.0754652607,27626195902406.375,57580.29305219627,0.5116761533249227,-1.6598729351074448,9046.312099231993,15464.997881681009,17916.526507030016,1121365.4460417044,548918.9841392795,8217649205173.994,56095.79087516984,1.4264122460965125,0.5199449729903858,10529.408697101495,18990.93992787446,21714.60906520615,1229607.8553576805,222812.5093673822,12071020719481.164,67087.33868253892,1.5681298976517557,0.9689921848685192,11511.497971261493,19968.755039242227,23049.20309597751,1512207.6156431907,766388.4510034502,13600403542006.254,64829.66759482452,1.4476664145464075,0.45625404575497797,16081.823503662832,20811.21484301016,26300.79296228326,1945887.086687923,613378.6980058531,17708331787389.152,55960.412442711124,0.6417131601925496,-1.4017931221144175,3422.569793346818,5625.49201287665,6584.842016120741,460066.89974526915,269887.5486917391,1110019696058.088,22810.390103226357,1.5443651282129316,1.153129191917718,13473.427759360759,21256.47958373911,25166.866707650173,1573994.368156431,491892.0702963729,16214302204944.148,64565.6456902559,1.117952085464822,-0.4861477359707611,11592.805286043897,18924.025843351923,22192.608871423356,1467065.1878800911,559033.4872985154,12608304346111.453,63905.360734575836,1.2510611629271957,0.03792840057421065,10770.43332308655,18581.90281105671,21477.647591079673,1156119.6822527128,34602.56006071154,11809007258793.227,68203.82980798898,1.5825960235118626,1.20992887732577,10724.508840811111,18091.698698930726,21031.51567741915,1283829.0583226758,324562.08940192615,11323511083251.902,57675.25467055446,1.3388937370405962,0.1304017372036408,63,79,142,120,0.8429050654050593,1,1,1,Jumping Jack,TL,original,True
4735.727324681579,10427.401760619947,11452.415499409532,694370.8964616836,525445.1087428745,3357640211740.5615,45393.57280638788,2.23544633345289,4.1457873492042925,5076.425931101308,10397.836645832138,11570.873223200033,760880.360696705,620682.7894006261,3427458742972.608,42044.11322127472,1.9655521257356454,2.8763923367615405,9606.859626054418,18698.063732739665,21021.639784477058,1413579.0073234988,1077190.288994766,11312879084244.701,58841.44457194033,1.5593071843521986,0.7093512850908343,6699.419375777879,13854.728723289136,15389.468085950246,989922.6487947128,768896.1341118839,6062994635993.117,48727.33849272808,1.8159972684268908,1.7388546667117968,7331.201234661965,15818.389817235926,17434.67716802185,1078432.9160396133,816887.7564096381,7781579979600.445,55965.65451322702,1.9526890854708319,2.1973595553871315,5492.986142204248,13772.240122557245,14827.25513208104,815900.6467622571,644381.491983796,5628095865646.682,66689.8767665494,2.42968005147087,4.747113982406392,6659.89631301908,13158.59894151275,14747.981048392543,985008.6851417049,764751.6026999716,5568075392095.887,48476.78524348675,1.6816451145121274,1.34760863381854,5362.083556334714,11000.839371036971,12238.072026772526,799315.091462606,638632.5571288433,3834122417471.2886,41519.69564129096,1.890600445768318,2.2476703975333274,8567.108491606547,16917.26806576971,18962.8401542614,1268455.5536867576,987886.7171582879,9205486251931.355,51339.61865623016,1.617318051932183,0.8752833225974008,5926.8452477785195,12126.842095934348,13497.695870438043,872553.2273278175,668743.0683094563,4664007521557.509,47580.089145054655,1.8085202725219676,1.7503462026159564,5533.09417852319,12765.267798349903,13912.842741582192,804309.678974208,587958.2388362321,4955320144691.1045,60175.7963262663,2.398762172261943,4.853647535528905,6613.3383559859885,14810.758423815738,16220.197572760459,977965.7920245639,755196.5471075653,6735227118064.238,60541.625901993364,2.2168824036462684,3.7293896666709445,35,142,177,164,0.36944059241712485,2,1,1,Jumping Jack,TL,original,True
3579.119884510072,9341.514471542527,10003.698904392008,549911.0236682801,485921.0168997431,2561894189305.1855,52365.85006785206,3.065224656859057,9.604696091709764,3020.4702385663904,6808.772444034336,7448.6658306509225,460165.1133929912,395427.8386251535,1420355140011.689,25582.06531922062,2.0163755995019867,2.45233180499915,9543.630447339885,19362.273556882225,21586.535604559933,1424301.7809305873,1139547.5396043228,11929050096817.5,57596.24702798787,1.5952611839648978,0.6704613862108659,5942.803823213013,13633.598398115904,14872.522400800199,910117.7566961353,794482.2298885239,5662513217594.975,52352.99949191744,2.050552306303466,2.6397477267416676,4597.358774683171,12334.557351316613,13163.472670844689,711103.6268532838,643987.1732392802,4435891526555.5205,56558.88896547844,2.6167018939129347,5.57713884211339,7496.816557415902,16633.039939283153,18244.45877841636,1108014.0704834568,853563.0545338886,8521223068603.742,57938.68955450335,2.0572895528286597,2.7019288086768345,6626.463281503442,14761.16023735098,16180.29255526194,974999.7437815227,740842.5981338456,6702127799650.943,59083.18658257308,2.1714289098540998,3.53692434512503,2866.4845367485177,6282.823535979255,6905.8384852002755,429890.83600064606,349676.17793684156,1220879492702.0344,23864.021600399123,2.028317707969372,2.689402761529343,6138.22280905329,13266.494223863652,14617.716929992514,927676.3960017277,776894.809089026,5470147795081.977,48820.94062351431,1.9593260246109956,2.352981728739941,5661.585693172541,13179.939184609213,14344.488470180226,830330.0727094869,625969.8114502451,5267567346461.016,50826.64465911117,2.274276743709131,3.785161864696007,5918.051415246095,13107.510978900613,14381.591588398564,886026.8994854708,716251.5768541577,5294852521356.707,49354.45773294711,2.1008392691231017,3.0407549795670556,4215.026281595039,12149.36415409274,12859.762669011061,649819.4555345096,582615.5428209462,4233561495124.237,58535.7163525165,3.054138585361757,8.422568495128099,32,177,209,190,0.46166647013303436,3,1,1,Jumping Jack,TL,original,True
6326.605001546959,10707.326993744877,12436.751271798303,887540.760155942,572993.0771343694,3959623224232.3633,40476.22667081415,1.4587521502908023,0.8354672075781386,5433.242757870916,9914.709734252097,11305.821331527844,770814.4819961751,529083.6202689217,3272232857099.0093,39983.27116763335,1.5006387093258773,0.8392794474859082,13926.547170903661,21782.28097884111,25853.75177309065,1911948.3117787677,1118184.8453467258,17111461907061.45,60252.63834529209,1.0600342002477983,-0.6354798639071344,7465.532421078378,13919.080782858557,15794.777116816647,1072249.2385791398,769978.6819967299,6386559594749.818,53716.226702842796,1.730651018857448,1.6934292473262893,9110.002557031494,16721.18946454658,19041.804633447533,1215125.714015012,654506.7307336215,9282312286678.63,61247.27329848517,1.5803120920450882,1.0109076874513283,7549.230451271945,14783.245506148365,16599.25384170829,1078045.4040461846,741233.0957481115,7053701839397.565,60828.491717902914,2.0597885389528217,3.2860441412495636,10406.774250775296,17383.968705991036,20260.881478293966,1398865.9459912695,737141.6236969797,10508884947903.375,58542.49697341401,1.4141515463002514,0.6188607351697981,6000.630468109378,11827.201516115216,13262.362599386304,854377.0248780849,591631.9017047383,4502790699970.576,59444.80592115711,2.527647301670875,6.749782175872257,8865.922482514612,15367.31410148759,17741.44650697167,1158077.5644813317,526048.8398341927,8057828458489.277,52427.02318560357,1.4200135680567165,0.4854236363985116,7779.164595782943,14536.039238772652,16486.71703400713,1057099.497248323,584940.2234764555,6958383067121.177,55613.52892512954,1.8458255870382119,2.244271484944697,8891.105286009577,16214.606344220836,18492.301428025505,1216861.6987231206,721637.7058258979,8754309429886.824,59033.44756948211,1.7442988887369477,1.7586370889951155,8272.808460228329,16213.838011246155,18202.414753942838,1080360.3865937148,495700.9000964585,8481994313588.634,63636.11592695273,1.6601117331585158,1.2944206783533811,49,209,258,229,0.5579297554629017,4,1,1,Jumping Jack,TL,original,True
9030.586751239525,14485.34736426552,17069.762310445243,1103211.2049975595,330332.9756944263,7459245704578.48,58487.86743510463,1.6549038395320577,1.80518742818386,10391.171750563448,14981.688139411504,18232.592516049142,1281538.071143148,462044.9538519002,8510142204321.053,56134.99877501873,1.3727605983085587,0.8430381124551274,19335.319243488164,23039.96397401605,30078.140071679314,2256727.486615832,579064.2363378074,23160179460391.965,60482.879388556445,0.5093124223374731,-1.489654996229088,12978.13421144529,16669.236992136364,21125.705420418366,1476400.1446903043,266295.65746274166,11425162995463.527,52071.34529344137,0.7725247198326568,-0.9703985651378848,10380.314433017997,15818.677163543534,18920.398381977466,1282433.9438404138,526600.4527616682,9164325758278.027,58965.97809176923,1.4090212094688468,0.8534288791820468,12879.341909423852,18471.9129072205,22518.63704738324,1441172.612698236,259733.37834750535,12981478770477.588,54955.66598966678,0.9723709776245933,-0.7533812565494933,14251.542009092174,18730.114218684714,23535.58217427167,1558701.0217176068,191666.1185832035,14180444884016.494,60149.0871846808,0.8347152315445658,-0.8531139674461032,7307.461444193648,9237.86233582125,11778.67111748866,881935.4553066787,277467.03887241223,3551669588325.4155,28916.040733989492,0.7194656124063993,-1.0954121454729797,16164.845558275067,20309.722644538007,25957.40868848324,1858381.0811398965,426847.9656094662,17248948885016.197,59999.34350401996,0.7049553677563185,-1.159674044367532,11959.287782861662,16424.66878644905,20317.340106860887,1320347.8766655822,275211.4542656258,10567534310857.164,55818.35957447003,0.991511721042533,-0.48406582815945365,14803.419275687169,18580.570929837948,23756.658820855373,1658794.38343211,353601.4122263438,14448098261261.45,55407.86220401629,0.768163058906982,-0.9222001835866189,11198.221345336953,17240.30430730021,20557.92435795682,1309658.9001098848,466708.2097322409,10819283300031.342,61375.157779908215,1.4035382338196196,0.6421410565234691,70,258,328,287,0.5890098435838156,5,1,1,Jumping Jack,TL,original,True
3948.8980793918977,9135.681432996704,9952.611279791134,557697.2621030974,416818.12971406494,2535794464937.618,48020.56811491532,3.2544769245975993,10.623186197712561,3260.942954686549,6878.490773680499,7612.317930652107,456444.7637396796,328830.9768323598,1483453037499.5864,33145.72947426297,2.734586007736361,7.076376486984273,18325.93970684665,25129.140884124,31101.668567990542,2411422.423112135,1189666.3540224982,24763232965456.156,57388.907152651846,0.6945605197479425,-1.445031778807131,6337.801782119233,14516.942036476092,15840.11797682834,939268.1973599535,741035.146066406,6423279040507.913,60539.901330985325,2.0810604559777306,2.879943564704737,9068.088084943092,17847.234878031133,20018.841482660726,992623.964303755,55957.37505969115,10259302766282.188,70717.39713053059,1.7790917583241197,1.7392493183885254,10904.665392930585,20472.27812559874,23195.385295003114,1281965.06575103,199959.58415875788,13773463013981.352,64124.613321225974,1.5809545230997182,0.735040355105534,14062.84407882439,19935.09566731574,24396.139507109667,1823791.4982461827,866174.3251678337,15236393544969.14,51753.22325125859,0.8229010127627169,-1.1807911183549644,2237.2204302347973,5055.956372690802,5528.81995510911,317044.52774939325,232636.3032799232,782536962457.925,27441.493810103893,2.633347908353902,6.353091328621922,17480.438388007664,24264.756375015502,29905.586905723612,2276351.6355712973,1082953.6614648632,22895209681300.156,59834.98994363192,0.7596759120997084,-1.2843732237210057,11151.217844358509,19426.382879362885,22399.41988507611,1593676.312350125,1130212.4404597683,12844390686411.342,64935.597827113466,1.4242474548389714,0.43315538247589735,6912.8385616669575,15171.292312561316,16671.995903695864,990659.2093461973,705000.0433790811,7115659453769.004,62458.95925110795,1.9771821273275956,2.5320614695667,8926.02371717773,17744.72507234481,19863.261748583034,1297225.7891091895,975709.6755828494,10100458682693.68,63859.32014902785,1.7423887987955688,1.4629952893657405,57,95,152,138,0.970228398836089,1,2,2,Jumping Jack,TL,original,True
4517.9058886231305,10003.361768007524,10976.279892572444,649423.663867507,462596.4737274327,3084255239170.3076,47004.896994048686,2.057960562310975,3.175546853357221,4358.130190796184,8721.315312013016,9749.596890717168,629211.138402689,455643.2822403666,2433398772005.9355,35661.52802590298,1.778008424554156,1.7775022394852886,10989.028060143868,19152.37334028304,22081.035806144013,1562364.4703864276,1048717.5259112872,12481846842168.672,62124.30933169045,1.3310046779737164,0.11781936939995408,6794.338138859518,13730.724213063579,15319.785186495648,996362.0323811892,767026.3436723739,6008212944905.509,46682.145452326404,1.6915473736394806,1.1603637533924216,6550.905422267368,12053.668006774327,13718.792740945793,938661.0283684068,652645.3025979813,4818055021287.091,42761.373337292935,1.5664252239292822,0.9225789629432732,5792.313300346917,13981.936354611757,15134.247176314706,833154.8898965989,581391.7557911895,5863563202401.015,61064.402647345356,2.531295608980455,5.202609766927363,8338.675009237417,15466.685682204874,17571.336514386203,1180353.8383894106,775252.9454067738,7904047792686.127,56067.879671738214,1.6805626059937224,1.544804584769925,4580.730560602878,8423.303951664673,9588.281489973628,656543.387649156,458201.2797949895,2353539633432.8545,32500.7795920163,1.6616167454234336,1.55140145910884,8516.384597971402,15536.664801139746,17717.69623183385,1190430.6635124746,748660.3467406543,8036269049946.607,50895.30929610196,1.5337175269642553,0.795987046715013,9297.468773206185,16429.88577743885,18878.137414703586,1317793.6044431909,874994.185303525,9123432249559.844,49178.62432858551,1.3726708126717828,0.1863184055217837,8459.485011046847,15980.282004341178,18081.269302524,1219616.6287683519,869679.9413178712,8369466869514.158,57321.68024087973,1.789599375090385,1.9921790800394517,7653.396759288735,15288.176649591964,17096.86600591524,1095537.5797848015,760229.9426355886,7482952376940.038,55381.758868467645,1.8475635393523195,1.9615377426885319,42,152,194,166,0.5505886869683155,2,2,2,Jumping Jack,TL,original,True
4927.9036923569465,9880.806818434676,11041.493476172975,693266.5440280559,451908.84412354307,3121013201519.882,50526.11531949086,2.388725505868667,5.838177588977048,7554.984751548812,13313.34783492614,15307.613307431946,1076545.5040420555,741881.9109648665,5998669444348.61,54676.45291693176,1.7908901838099411,2.5694967925686045,13401.58978608902,21381.823257625663,25234.59876072824,1818907.6209440534,1003804.5135781465,16301695350142.654,61178.2482356864,1.0797753332719267,-0.6127512177204126,9006.637835981057,15509.671054385417,17935.144864867034,1247138.6094697944,759542.7552702026,8234737185888.418,47882.79579733038,1.3842051883261624,0.32485297383490463,5130.580067831336,10260.632493203031,11471.853860340188,672875.9712701573,310019.19355099136,3369047833420.8525,44590.715377856846,2.37160933200799,5.1713923100481,9709.829151824904,17657.51125556075,20151.141056969533,1288985.7123943006,634000.1673819016,10395353238985.81,64848.61852882549,1.5455072421411278,0.9470901626158668,10409.034819052566,17511.74632616378,20371.77619296264,1437301.6049595394,873294.7881074727,10624237190557.68,54856.823798883095,1.274433357447178,-0.06481885802679965,6915.011567364461,11975.204399141136,13828.337043115254,952231.807848457,574125.3890803618,4895306377676.635,40768.79389965829,1.4820311505845445,0.7578996755616165,6674.56296311469,13694.079899690818,15234.093837432485,934742.5626274707,590717.2754810675,5941186945221.08,52841.307797735055,1.8252178024220198,1.7755144956809543,8564.974908523602,15095.40261327209,17355.978083658112,1175761.7660486244,698772.8855915959,7711487366154.771,46405.914041501106,1.4128996953547601,0.32502536736537824,9684.12540466869,17843.203185980838,20301.77787262845,1282419.2714115072,620611.7563196294,10551351930612.379,59760.89988515958,1.5535141617103176,0.7700947575946575,6375.718302310342,12068.680317762823,13649.279412583317,931737.1415652493,697253.6607972106,4769352409158.932,47286.429037279646,1.8112429272768162,2.1252458843985815,47,194,241,222,0.45380599141225636,3,2,2,Jumping Jack,TL,original,True
6546.180228739732,13172.327408052326,14709.272073493967,818552.0860298307,267967.73329765775,5538884734260.979,58919.000615946745,2.0676825770085028,3.437457920457131,9027.23973415574,14851.376397606558,17379.71340734091,1237635.299019898,731686.9326436169,7732593615905.418,57877.06393678111,1.515848254966402,1.3166637842533868,12495.720330062943,19722.724391966025,23347.995288859383,1670678.5488096701,868352.9783258673,13955299430620.16,59234.41509545716,1.1420250219635857,-0.39170678036477646,12013.325078106684,18065.542592155154,21695.248525454575,1609779.7980361606,848976.781612717,12049505499679.715,55589.56229552671,0.9602456419281107,-0.8084249438463988,7704.907264225834,14309.92464025283,16252.370262827359,1018556.8426771734,512597.1845697878,6761972202496.896,61374.26045496621,1.810132975749789,2.2468424128009596,8311.375621303243,16275.004330110956,18274.428326585876,1126712.9530601418,652983.0674705872,8549241104986.22,63928.32683250952,1.8125536744807251,1.9570721106011293,9997.447506156062,16456.360726411353,19255.14905151659,1405885.4588753148,920634.6684369994,9491475583900.672,57609.125976096664,1.3659598925035856,0.4612440744212676,8525.070328281967,14885.321714165488,17153.705915526247,1164166.5707398602,689821.4746862554,7532790441890.82,52308.297814259655,1.6920428722297987,1.6643630266654057,8501.140696217702,14771.689716066167,17043.245295559875,1135626.320921743,586876.6177140452,7436088581238.367,49813.01806130705,1.4676415876921853,0.5883525392634663,8455.881141931746,13083.32459241151,15578.039295010036,1144373.4223803373,635005.23161791,6212487891888.045,43064.73298898662,1.1266239668586862,-0.2675978827439356,9338.84956240166,14738.96282951027,17448.528202655238,1258450.4776882143,688645.1399129689,7793949092834.691,50041.82700591752,1.2132273387463481,0.004721674745578497,10074.675841946355,18121.718842565188,20733.92840561768,1345560.447758214,729696.2154598723,11005332150509.56,64556.25496539311,1.5623723659112014,0.9570942621435043,51,241,292,261,0.42600178354578566,4,2,2,Jumping Jack,TL,original,True
7219.493763752709,12254.782359236633,14223.247901837389,929118.7405984421,506183.5832285536,5178899990454.314,58227.77520580974,2.2484904552892924,5.007411648723425,5669.721040523896,9027.52963301919,10660.301494441843,726297.0781971664,373160.32745737425,2909235915581.413,31256.37626578149,1.5438136502768909,1.0056458289098087,18943.298213204347,21332.15352844799,28529.09604869504,2115458.837772392,334428.76440171973,20836078626705.07,56452.17302337693,0.40781568781379385,-1.556386408704249,19497.10207391106,22844.58774030689,30033.517581280532,2125451.7220560936,419222.30151166895,23091511764610.227,59743.26654078859,0.5133291243668057,-1.466524586263859,13229.162958039571,17658.365284837044,22064.193098844662,1556219.8246387644,449420.2402181993,12462812597839.473,60745.07296374311,1.0633884975880588,-0.23912605651005414,14514.81175426254,19525.560340530395,24329.555418736516,1552304.788746902,596376.9656077711,15153338031958.309,62391.54815692211,0.9030632614935874,-0.7391360379339194,16812.829800897634,19752.575380951275,25939.072460173167,1822165.396396173,359036.32854237425,17224588290409.316,56302.56007298069,0.4837153447068587,-1.5207946052959993,5181.075458054538,9083.982642506448,10457.642351477387,679931.3025196048,363000.1451117721,2799674458916.1846,39443.221351580956,1.6934025800129395,1.6762779240845855,19546.024787031864,23607.74235053204,30649.185696595072,2091246.759115504,373002.1113863175,24047938146927.812,57788.56481747946,0.5682744126583532,-1.4759763743999716,9227.087940902982,14934.858754917806,17555.317083393915,1032923.381668816,293675.43439410295,7889642442201.658,58171.77779631873,1.4630577053178047,0.8927617715997274,13789.590575002952,18072.264457526268,22732.34591609448,1588287.0217790364,475068.0546630882,13229044501733.816,63522.54466129802,0.9992502738792539,-0.27026890288519034,12442.033884420613,17176.635391672004,21209.455687487836,1428229.2913508553,571541.7390818448,11515929870323.455,59276.40561136321,1.0454467464857649,-0.2887106665222312,75,292,367,324,0.8106362434826686,5,2,2,Jumping Jack,TL,original,True
4670.906231126589,9423.787354218986,10517.848312155622,651761.0060341561,416232.07603244594,2832003407808.3813,43507.61817837375,2.2326478524248476,4.329618465880478,4029.306647956604,7452.922577944262,8472.388507150663,562078.6594092612,355742.68936665,1837602995612.1255,28889.46339036413,1.814475057009599,2.045046455625232,16156.090450090862,23603.827339164323,28603.494955837097,2137042.3887801617,1061133.1307553432,20944894046428.11,58794.275418507445,0.8279952660681174,-1.217037010075821,9411.384766744177,16399.07239145982,18907.7692636663,1229396.2718051516,574661.7061222404,9152095706317.928,57450.91147745989,1.4191618037658318,0.46026872219689485,10499.250411095185,17906.796199260243,20757.83248117981,1382104.9509187394,653038.696515565,11030722798508.121,64707.7499294605,1.5319830841862383,1.0292046510803106,8542.089234089837,17493.278337760225,19467.46196825628,1233734.8518303502,878878.5912321069,9701941132428.92,61803.85349481929,1.7980136565099116,1.5681275130951358,12381.479212167853,18747.426824854407,22467.021165134807,1649768.9744126934,839733.0696201219,12922036224886.152,57026.84700662647,1.0196895100638075,-0.6627529611215319,3090.8448173461816,6619.9517036839625,7305.962102558699,417227.10239305405,226794.85227983157,1366453305447.0127,36009.2015721898,2.4725934545756516,6.160235467632747,10186.565161075941,17456.226990138668,20211.03585945292,1362715.8865475792,725724.2136889837,10457240845109.55,57876.57494934746,1.4689740793790487,0.670188578903999,11227.715922520374,18199.62067710466,21384.288569585682,1458459.0539572418,654560.5874921979,11706567619259.209,57211.1982209485,1.2293184561510366,-0.17527842740628463,9963.774693864485,17175.752030954267,19856.56727581391,1262265.280524724,472757.5224400659,10093651557860.453,62858.87298602685,1.5043184831377596,0.9598643455522766,7862.495692829818,15527.02944249985,17404.237467583138,1012808.8463977732,429270.3723557541,7754431534797.429,64635.39328697377,2.0170382047356945,3.0406720798328086,52,137,189,174,0.6610038873065004,1,3,3,Jumping Jack,TL,original,True
3465.1246280177743,8600.912228252986,9272.690000523422,524734.2837084162,442133.7180735727,2201159164052.6616,38418.83661220383,2.549308546175728,5.462308586380818,5356.86296304895,12825.499891728357,13899.259990287605,820263.3277096304,718225.68293513,4945649363906.811,63003.47638694288,2.87082501737925,8.172773851387452,9195.626443155441,19110.676176529072,21207.958166834815,1354450.0558647984,1033759.702787685,11514303733919.117,58232.36281168879,1.7273888484109268,1.1638778379418557,6645.746574153003,14142.860343650687,15626.466210499213,979565.4928017886,749738.5691815236,6251173023433.565,45572.013290668045,1.8203411302688493,1.5469987991179286,5763.684543913016,13747.181544040452,14906.544197987278,869561.521509609,728052.7130365338,5688449534119.633,57933.3250892744,2.462141665813378,5.074145598372711,4724.449547169293,12739.270112197128,13587.10515581841,701274.4852447727,547398.6272358593,4726001318790.84,60894.59942174595,2.90409903680821,7.408010830388166,8218.10807014396,17180.074642649768,19044.481221067243,1229175.7152617965,993864.9537021236,9284921983477.318,62456.42776413378,1.8874588000809764,2.1621973368892213,5350.205490148085,11669.938621734113,12837.919076776117,807292.7575775489,673625.4023148,4219191455279.415,48694.550488011424,2.2112873995168694,4.021179791001435,7296.739770465292,15414.657930870897,17054.44488699796,1097607.9838089277,902915.5521515184,7445864714333.463,54213.79596724676,1.8348862151103236,1.757852840598626,6189.981875570558,13371.96670827678,14735.174558421577,933420.501912463,774957.5476715034,5558409453239.154,50367.45451930054,2.037848923429463,2.811721542683223,6708.165986451374,13867.189119774841,15404.493662090454,1000513.3818049593,799015.1424532834,6074839679625.854,45654.947742596094,1.773857186587995,1.5111943038118145,6171.322489718999,14029.686464467875,15327.012871508416,930670.1777077587,771564.7109293129,6013883483222.646,56296.84321682207,2.1673233701835284,3.3995009345611225,33,189,222,204,0.6233242445384821,2,3,3,Jumping Jack,TL,original,True
4712.090203088109,10121.925149598328,11164.997215230736,701548.5148995693,558267.8155681805,3191223368092.418,43005.846812047705,2.055207433489726,2.9873444921359082,5939.562245979202,11725.503438812393,13144.04163746687,863949.4138123951,634047.209198702,4422805262527.047,46711.0485583331,1.8486866295606241,2.24392188223689,11052.9086707808,20279.18315338772,23095.715175184894,1591591.6368581427,1121523.4257544975,13655348722003.602,59968.02116179985,1.3817458716071866,0.09557278143679104,8482.567228072096,16081.15622429889,18181.24121970416,1225346.857372969,875171.9513894556,8462272826600.182,55441.851790935885,1.6118198002498696,1.1294472127826998,6214.495634241489,12244.718985052887,13731.463833507376,891099.6397334652,619511.8566137847,4826959334679.579,43558.57442857575,1.813600619553064,1.943325288837645,6476.116386185454,14062.569177675538,15482.116629334949,929271.852941852,652340.0696621266,6136215944302.842,55666.80517012433,2.0769268773080345,2.9923245016960944,7753.5574436858415,15077.340155653423,16954.168785340535,1138782.2226465046,868592.9425397635,7358562283566.473,56072.49991181914,1.719851064503121,1.5727873861457518,6177.104890463403,12378.985240642238,13834.590720936607,894056.241202659,645333.6713896543,4899735050645.126,52498.86811220524,2.0157872726521258,3.266758211046916,7525.801768001705,15608.176404181097,17327.806061798277,1118617.7207418336,883101.3433380971,7686473290631.504,59271.785018452385,1.9747151176143933,2.574257866638595,5435.640246705422,11789.089930147016,12981.865284800084,814377.7083374849,660868.5623690079,4314337952581.0566,48914.89051592906,2.017843132028251,2.787038115290745,7468.5476184893705,14246.214876512515,16085.205682160542,1084608.033468346,791209.3631420261,6623586351037.691,47445.11658214116,1.5834583505365432,0.8710628634911872,7851.420272621524,16270.234355765666,18065.584028446734,1163099.658775776,907755.0047668194,8354952352995.064,57723.758081143416,1.9082670659736938,2.144359457184456,38,222,260,241,0.4038416036050595,3,3,3,Jumping Jack,TL,original,True
9033.560753165399,15361.182565680521,17820.526078017378,1176009.6336710567,520256.44489163515,8129821432250.812,57624.82996731273,1.6619539181066176,1.713424879405781,9754.269102117949,16257.908400818676,18959.571495314533,1283827.5792299283,614101.4050975946,9202312992920.152,58304.392241635076,1.4668489957845554,0.8148254128346442,12079.415458163148,18444.42109291359,22047.878520701863,1570049.5999370464,699471.4511457451,12444389049948.84,56428.38663673836,1.0455418380586359,-0.6197500665241411,10466.188472827027,17291.43182290294,20212.24172710286,1376627.9843329294,644836.884075297,10458488720251.852,56904.60537882303,1.4187459059918477,0.5757983299182801,6687.130636340973,13063.146885898874,14675.269084758189,963295.4208606642,703886.7983696138,5513306181377.521,51705.83977833465,2.0286380542818034,3.0087287043682496,8671.129573134298,15860.080479648508,18075.69198938209,1156453.5429976548,598743.353229908,8364304406912.305,57390.514286380865,1.8070418609135956,1.9613178927068295,8886.794184251858,15505.640839444593,17871.76568543535,1252089.4822081183,841694.9570494689,8176640223106.678,60953.10962821473,1.6194153618100562,1.5889051168519899,8451.655919153234,13449.294721438637,15884.395370295815,1123171.1439142036,571655.1242510318,6459238816764.803,45212.77097879963,1.3002227294751478,0.2774727751706836,10194.9218872116,15881.326832298922,18872.015637992776,1392227.4143135408,807442.3768176103,9117516140560.484,57946.61927340392,1.2061386072827696,0.08962493907806568,6730.450482262588,12050.132530054734,13802.342470974701,940133.7316217426,611946.777485641,4876919236763.444,45253.227744662494,1.66911449868454,1.5144513792347327,8241.218464981781,13610.454573216168,15911.070217843222,1137489.8470348276,700533.6713618361,6480951180214.723,42331.126010989006,1.3055764147866549,0.10838924410269524,7695.887891999099,14429.184129960007,16353.227360448092,1036976.6885651762,565497.7970337837,6846157954624.207,55198.95874798053,1.7436701229693277,1.7207588217758483,52,260,312,280,0.4773529910593388,4,3,3,Jumping Jack,TL,original,True
7170.609469529426,12729.776703945203,14610.436512877055,977678.9590230538,618577.8499871892,5464700290478.362,56022.34493446901,2.0700326944735505,3.7580964740500145,6394.292684320955,9947.29537614933,11825.213073476616,857995.6689410725,503686.9752509184,3579793004367.9316,39075.46527600538,1.4331269492191363,0.8724225391564393,20138.250627429246,24252.4296839486,31523.475124231238,2369857.964968483,724613.2623297189,25439474788045.46,57890.324599716994,0.5098037961190531,-1.5431596763861926,15441.053839832219,20075.41421115329,25326.831610645117,1735618.6457361933,453926.44652284123,16421079025509.703,61062.51848832457,0.8666211348181402,-0.7228596240630729,13577.581740356842,19562.551504949046,23812.68878770005,1623000.3777829867,479076.07539509644,14516330170876.305,67509.77170723326,1.151379302651274,-0.053854362140568046,15053.98228908208,19743.57271879193,24828.02945185586,1772762.1003082204,481482.31466966146,15780634789432.879,55624.04800885115,0.8497705503933558,-0.8776169456340162,17211.043000095422,21517.42555755246,27553.939895701766,1914178.5422001595,206286.35560203172,19436021856664.207,61907.144018834326,0.6259563373878536,-1.3316010837752459,5711.962258171235,9162.477600433938,10797.106492816782,777305.6130281012,479324.5911007019,2984384220600.993,34007.12071868205,1.4872843222855945,0.9526890705324069,16236.957902384485,21547.34796562133,26980.12242884327,1883402.7045449456,548748.0907611118,18634931360649.516,60774.300101249915,0.8628888091120507,-0.9074594089641925,10785.20304778929,16906.822095515832,20053.958166692824,1469874.0299845024,845266.551378225,10295327696677.527,55348.69753840756,1.1515105287562462,-0.3088915495597351,13062.934255105838,17828.84740311658,22102.218238829202,1536704.6033417159,421170.6217115143,12505806107566.951,59097.759701476985,0.9621710650518464,-0.617237412737603,10109.36253195271,14926.339587316208,18027.612828057194,1196558.0397254252,321779.40955311566,8319867501525.306,49376.29101261584,1.1961540495117038,0.04515210614222376,69,312,381,344,0.6891285547277268,5,3,3,Jumping Jack,TL,original,True
2905.4633121189536,5339.093485741282,6078.456737326856,367553.8054757039,181308.1304351218,945859489473.3885,27199.01212183151,2.203085518854772,4.39898158653834,3895.6826269525145,6519.848981434563,7595.049300080478,511907.2290451523,317631.8659093709,1476730211088.7158,22066.77464453529,1.6940339064996555,1.4368039393814191,20451.321315922298,25434.403338278247,32636.872042849285,2421351.543964968,724413.3037295787,27268234668577.723,58619.44790878489,0.5158146441262441,-1.6549499060594632,14093.155919503788,19150.198237778044,23777.029594077598,1685965.3025877331,500411.5001790648,14472886689731.633,60051.362653762415,0.9755430064105454,-0.5240745796792754,11915.379627900853,20489.409736065783,23702.15566165622,1228932.015977004,200746.51641882586,14381879885040.18,67136.86260149442,1.4029170858025128,0.35040372893893235,10094.24285740357,18740.625849964876,21286.258386870497,1081550.521299417,303835.32014789194,11599482780482.936,67946.66012598181,1.6084019615185836,0.979435767674516,17955.845879883163,21787.285718835345,28232.92794338348,2102769.0492668613,513339.09967965464,20405714438560.863,60673.79855058815,0.49082413288813675,-1.5742319608203337,3709.803635950654,6273.9714051917,7288.714578749521,497388.02369751025,325027.30201820267,1360009221388.1807,21548.295552187985,1.6517736696043566,1.2678174856110864,19373.93255146813,24387.66085370704,31146.544983742115,2225997.370475401,440451.8819882399,24834745969261.34,60152.67681454957,0.6131160716636318,-1.4382861779479403,12180.460372690199,19938.44905101732,23364.61781092705,1422357.5874915777,465114.5198937682,13975177355537.656,71710.63561841498,1.293459558080702,0.14942988774290766,13730.862186222355,20682.05387752401,24825.06654512404,1491017.0142651948,144723.07562362636,15776868581627.824,71203.90541316793,1.1137010203854292,-0.28792109158584767,11484.073440067337,19888.543969634215,22966.021074816887,1576158.6245036065,973981.8286601417,13502415974628.695,65920.02402207964,1.498711047954859,0.6495053021164883,67,95,162,140,0.7691909893326118,1,4,4,Jumping Jack,TL,original,True
6323.384888541189,12594.893445561218,14093.137952694282,792233.314500338,269702.2629028735,5084583356254.002,57980.12140389529,2.111437221713879,3.766241114826949,8539.668549395768,13825.309080721365,16250.080310909723,1164142.8063968346,671075.0930716537,6760066818842.004,55477.827923261495,1.5149124229467221,1.4592920006185963,14924.975274859496,21697.8334853492,26335.353897624165,2005231.0294926262,1077220.9978089975,17754902141775.57,55973.70717356278,0.8014832826902056,-1.2844209056668208,11424.299967345563,17289.013271547337,20722.562815627603,1511100.2699899115,740804.3257695957,10993270006979.375,51329.80466217207,0.998561979956735,-0.7505226117534973,8510.696906202713,13868.052730119905,16271.289080912877,1112747.2199093741,511497.2666712601,6777724117878.644,51874.57657041059,1.3345918942887405,0.4274741230393597,8138.784570298873,15422.538115743673,17438.30542837524,1092445.1434003569,576154.2910285338,7784819103060.516,60819.245758023004,1.8817880346203153,2.375420141725056,9847.474709018215,16010.584991625514,18796.584528015122,1363232.902240273,849115.7500438386,9044776701921.729,52677.4819490809,1.227477505364711,-0.13168067141531248,7425.183773654935,11901.316575211265,14027.640225495767,992319.2749678965,525135.2027012086,5037432071576.242,38925.13305827912,1.3355677143794682,0.392391149430277,10310.485101768307,17723.50591566156,20504.3596577966,1343219.072887681,629584.9987875634,10762976383392.682,57400.972359684565,1.4666624219175237,0.5463143821033749,8241.246670961782,14634.328828695925,16795.288832230282,1131365.1589041608,677347.6170263403,7221292210125.807,54918.41043833574,1.5146318515073716,0.7935859343864382,8419.901742945873,15666.959116722237,17786.18433857889,1129586.8169140795,611507.2364247605,8098517845143.27,63670.40251668182,1.8467326636816084,2.365311639208949,10068.111566327798,17206.235596410606,19935.43111927131,1355166.6494276584,744246.4107272668,10173988196127.004,59072.426882521686,1.4008524975465924,0.42911081550192565,52,162,214,184,0.42050715944874895,2,4,4,Jumping Jack,TL,original,True
6343.312356282299,11611.256942341894,13230.982557257284,845256.1952973852,424215.61018400174,4481507825419.432,48587.718608838586,1.6228051741806115,1.3772700714346673,9136.937153453493,14797.449841143209,17391.036264331924,1223842.6896326847,637357.6604153203,7742672444091.083,45634.709273902925,1.2322269552844693,-0.11063724855892465,12355.877456692624,19153.864068275954,22793.38097937201,1696986.8583592477,1004640.5492420547,13300178341652.42,55653.65016733444,0.9956434248135584,-0.8512721362569788,8950.426240477074,15162.555618182763,17607.19235882616,1248651.1192436542,797736.5886803503,7936338502674.08,56357.819318505215,1.5316796527964023,1.1788994577404432,5665.5792807466005,11166.802065070215,12521.831213799423,830189.1400712149,633417.394338504,4013984177840.1675,45493.12786754132,1.9228936221506783,2.4664323794722307,10010.034302691147,17530.454734593,20187.065907225537,1382599.6980294487,834666.9027399336,10432451326532.287,60896.48564287255,1.6142672790189154,1.3007221404221552,9669.373353332552,16124.995013908121,18801.921317905235,1317877.907988836,753601.5787492708,9049913478264.303,58547.43972512454,1.3509452576046586,0.3945781313721244,6544.285365685055,11566.077884019729,13289.162071655603,841057.5986494556,342831.4303564249,4521006811308.283,38761.429066040575,1.6707481472756154,1.5192001724777233,10028.663172033008,17476.18152505975,20149.21848893725,1380198.8598555324,812036.7878335495,10393369746302.23,58917.33418310535,1.4846294199055448,0.7136238040130065,9179.235917538219,14540.04593441621,17195.095457855332,1241835.731317607,682387.9343505539,7569185479801.779,49597.38496167351,1.1689085160239825,-0.1554507842140751,9026.612397029056,17024.010353510836,19269.059652267482,1248231.5780602996,781601.4063706201,9505194492995.652,62571.190640028835,1.605331266244964,1.0251393398197362,9699.463143772828,17447.293195401726,19962.15482165487,1320729.9486458008,740157.3457548347,10201283203167.2,62925.09180155866,1.5421948183257022,0.8743975876724104,49,214,263,244,0.3309018077462617,3,4,4,Jumping Jack,TL,original,True
5638.3563303803485,12655.828669591363,13855.001314413174,830542.3322816774,640705.2339300043,4914203172413.203,53488.23033000357,2.2885464534337494,4.116001240976,5562.747020780482,10989.503327880244,12317.196832505888,806932.3872077678,588722.7824267426,3883861447953.742,45586.12932204851,1.9541499977431533,2.8763058105336228,10378.402478573471,19488.067704523197,22079.312055934624,1527649.920534827,1173949.8931049327,12479898134101.504,59522.18836365099,1.5126904963742662,0.5591188841364723,7368.182344906597,13752.794214144153,15602.226115666639,1086370.5994196762,838058.2797242424,6231794169968.387,51241.451295739345,1.607767792955058,1.264166174077408,6132.4570197460835,12758.653015151831,14155.92652778602,867869.1148256357,569257.8573493792,5129990550017.945,53153.056812143936,2.123777155948673,3.526467509546534,6612.351331714477,14130.90677122307,15601.465197571162,955761.2081555559,682094.4173459492,6231186337562.219,58908.9779824715,1.9756817294888998,2.5078597977270327,7877.340456958252,15266.321424320475,17178.855098797983,1142797.118644028,829557.8668087274,7554894400140.735,57970.41638938425,1.73821575675491,1.6543819095113586,5858.883024346584,11611.821933033056,13006.187715754533,847309.4484330479,610260.9240388591,4330519523774.5703,47695.862390504735,1.9494864618123477,2.8326528542572778,8031.008549442151,16532.018279997188,18379.46481079833,1183852.4064255587,905959.5920803455,8647801004323.177,62199.78007709476,1.9285503567858626,2.295499781367166,6434.8664889923,12921.023517555179,14434.692773743755,923749.6119338096,642804.8055842471,5334025100092.676,54205.823642077616,1.948187183480893,2.8134079016160136,7364.118999330014,14380.716778496188,16156.585768646017,1065845.9768585702,767318.5494076121,6682502750710.143,49951.10296827293,1.7372396700271864,1.5707727173862667,7340.487269565654,14275.988656685498,16052.619894598776,1061711.9550583353,763480.8863944449,6596777100299.992,55830.603334422674,1.777114884382974,1.8808917385384216,39,263,302,282,0.44165615445737955,4,4,4,Jumping Jack,TL,original,True
4643.221434717947,10282.89374684587,11282.615348435225,643985.8493936069,457708.4091311592,3258813672979.1006,56577.431422104,3.2492273405053997,10.916122984991517,4630.457855858925,7995.617364383455,9239.644852077154,629335.4154805342,425751.54483102576,2185498547008.4053,29060.3291822601,1.725528675913321,1.6389865447131582,21180.97072317295,25836.556255450017,33408.99818786764,2539857.271341647,747212.265232365,28573725693873.742,59173.131227545215,0.4332983502841117,-1.7503192879026834,11800.060475292034,18576.22342106026,22007.21481264035,1606725.2175104406,937248.7563630106,12398528097528.24,59784.103749784284,1.2231421219996803,-0.16970794583151427,11326.458621958323,17129.723699132817,20535.72737751372,1373186.9537714098,446097.41711132025,10795932132443.305,67647.78240407446,1.3608262895033985,0.7980212380090013,12925.891600327866,20542.81239116397,24271.090099169145,1513273.8883512726,390062.717437986,15080596853810.848,70406.12135915122,1.189251891750736,-0.20765003173266505,15027.003487681603,19729.680282236568,24800.627368235455,1812838.2249739617,651055.9952756608,15745820617166.582,51039.26754003712,0.6572979442197424,-1.426130061536376,2959.7201084203866,6198.385100582756,6868.764151964623,398148.35111354885,260391.77733246313,1207805976968.046,31837.694966132836,2.383766896026608,5.092720020988571,18915.554869236686,24136.13260017066,30665.144919013906,2332246.12863352,856945.2574869078,24072988490345.586,59088.92089007924,0.6131833807919229,-1.4645393122647077,12635.921264336894,19321.920985510274,23086.860695400395,1371159.6276525403,84780.43177758137,13644880301281.887,61249.56085860419,1.2081723471765127,-0.0318750089053812,10973.50956592141,18070.6058461187,21141.53986442681,1380611.8235527363,533815.1891160378,11442296520682.188,67742.1684163085,1.3860242086561325,0.5635677431232975,9670.403999450671,16698.083823482048,19296.18399810243,1210893.0128171542,533075.4288453319,9531973552348.785,65538.16115259055,1.7203395898502933,1.9050854885162813,65,302,367,322,0.7858395741087479,5,4,4,Jumping Jack,TL,original,True
3579.131391524896,6373.322892801788,7309.543502415886,478795.65299850353,291976.11687685206,1367793311070.9836,25387.79876371798,2.0288044219987276,3.0780386438036276,3990.288025646626,7150.085463725733,8188.169555291394,547102.366591791,370626.9470406944,1716380689054.7422,30457.03650188573,2.000975385208464,3.129538646227884,19944.93767608762,25546.423619219157,32410.188191919187,2393946.9461772805,788282.8002697306,26890759645071.82,59979.75637214433,0.5868731239918379,-1.5708335042989754,10084.438034682,15447.312771781599,18447.638394780723,1112975.1431389004,355472.2168015157,8712073276021.447,47743.849578841575,1.162036038164975,-0.280388108087517,9644.74251248815,17257.94757183546,19770.12424150181,1136529.6184548666,483916.5174734738,10005960000625.09,75571.14773394352,1.7187117186257177,1.8575056594531167,11573.622764334239,19508.91302949146,22683.615926112343,1426788.4689117384,577100.7894013769,13172388645974.46,70249.86915723434,1.3968232115244956,0.35925431481069836,16530.431177090206,20580.04228213357,26396.842523963383,1982377.1768351097,600408.8864156741,17837908358013.99,51637.445611977084,0.5343842670312113,-1.5658448092022785,4238.407031253287,7453.405087186963,8574.22542019288,594367.5118180052,428055.59670929133,1882043943840.814,28821.522406388813,1.7544493106117924,1.8664229575700864,18646.179777044763,24267.96755765757,30604.15445094658,2303800.8331494983,832227.6792421682,23977325303229.258,61098.711896190856,0.6861250903649262,-1.3480107970970419,13821.373189510172,20233.623783661464,24503.67091401738,1701653.2422936077,739730.4230893019,15371005139519.016,56692.26875743399,0.9771915015142738,-0.7919917339221185,10277.087276008995,17385.37745857016,20195.78847818687,1186073.944430598,269121.07706193585,10441468729745.04,72746.97532998529,1.5660294372678123,1.3515955063271194,10862.056763241791,17113.27429266787,20269.396491853764,1329698.8237290445,424399.0347925577,10517719914085.727,62494.425536614304,1.2291675495978505,0.040085085186954306,65,111,176,153,0.842994464514321,1,5,5,Jumping Jack,TL,original,True
4803.052996939701,10467.601035250187,11516.943584327495,672268.1270746208,427796.4490427248,3395583731829.3047,48964.243194021314,2.3823977191473733,5.171675253136268,5828.782426630284,10986.515448106979,12436.97014021049,838276.1874418542,591547.3322331867,3959762592473.2754,40381.74382775588,1.7358503268137022,1.7925405073989245,10677.05099979664,18925.425359337965,21729.499374908086,1539180.9114322977,1096329.1891337947,12087581262953.746,56081.851198160024,1.341277348451419,0.03044493592717501,9608.580702113319,17123.352369725075,19635.020231382343,1360915.774654773,902772.9540481416,9869670898861.924,53072.110329374205,1.3734029732989423,0.16984388020787478,5747.150547608287,11763.615815530278,13092.45570824161,827510.6043620002,583677.176235187,4388157349690.069,47849.87507779211,2.0294622882355813,2.9784221887285858,7308.688750842938,15241.434856916614,16903.202884492952,1033447.8315410134,691829.6476103443,7314387654510.87,56646.7071037098,2.0302415063535073,2.772176102276613,8589.868965137208,15612.133262864641,17819.218665689918,1250518.7640773538,922219.2526080803,8128628578705.201,55709.67499385391,1.4834140198862142,0.6337967531982569,5715.1250705614675,10202.408573042338,11694.0923231967,805781.7316448644,522448.22571385856,3500845958744.2686,36017.95733701195,1.4112076927575612,0.38402513779397385,8595.08287559015,16056.128749244861,18211.938942643927,1241847.3203292168,887809.6614440768,8490872833295.113,52878.33762511364,1.60283785346147,1.0016867628637325,5177.248192131781,11077.680148348185,12227.791963884538,780655.6884824556,648360.7559869738,3827683745588.2056,43021.929182138534,1.995252773353936,2.586654526034298,6370.149197845023,13474.186229051204,14904.110014957576,911300.2820260525,625560.2899619438,5686591880651.742,52673.412385773016,2.1377430836840507,3.3199001554772085,8523.760443773888,16854.153293643296,18886.952516180885,1241889.738907434,912273.6490415497,9131954568920.871,59765.48270550187,1.7737894101515834,1.5794634079479604,41,176,217,199,0.40821729246327376,2,5,5,Jumping Jack,TL,original,True
4956.519361113465,9831.617580832079,11010.349151267594,714764.7495386872,506596.91472344496,3103431383880.1675,39825.317639859415,1.8475166827655574,2.250583168625573,5328.734966026619,11186.776057651523,12391.100633204464,796395.9850577584,643805.4456702847,3930607997496.3213,46552.00329419245,2.1436752913918804,3.6926121719502216,9235.168330610242,17244.372877750928,19561.61368705604,1355040.8976789457,1023283.5267141161,9796012289065.426,52247.39247806047,1.4267168068788278,0.23087488798579558,7618.497507076677,15155.268953329654,16962.419677424896,1106582.4139242438,807666.5889489589,7365726241615.137,50964.74737338063,1.6991657334944477,1.2535781222189364,5194.814981356185,10164.489778027108,11415.03198147689,748618.9556544606,528756.8796860378,3335755651536.3896,35284.39705750558,1.7028226167801654,1.394620406166375,7961.3631560963895,16993.595715664458,18766.075739234842,1155649.7365711385,840897.4760939311,9015439325457.88,57251.76430672127,1.9682853625045111,2.258195055851825,7519.855377172728,14359.017459281527,16208.936032002388,1121273.7003140228,897040.171637053,6725877946612.36,43859.35534697737,1.5052905043499911,0.4544708466749481,4994.925115101262,10273.51385726577,11423.412969900946,739878.7113159598,580561.1810505497,3340655715351.0703,40546.45467580865,2.051240505144223,3.1664448784829213,7417.207231692987,14250.942373451213,16065.625467105412,1090281.713804342,829971.8617201551,6607470634222.232,49508.88636503804,1.6089869992066432,1.0290267478210335,5464.272282941834,11275.409568682167,12529.690041004837,807012.5642629784,622179.1216493536,4019024192605.589,41680.906738460275,1.9524127444404018,2.5148714764621314,5707.486174607862,13404.728597175608,14569.21916910022,831118.6319577552,610130.2707554996,5433910968250.299,55852.85154173748,2.235861200611581,3.5889861706187407,6265.269979934545,14912.65934951614,16175.321226985885,934808.4429170319,746082.0638424028,6698010029982.211,61345.972224461584,2.3219979578112957,4.0030035906690165,37,217,254,235,0.5004122213793624,3,5,5,Jumping Jack,TL,original,True
6316.675070128406,12942.248580718546,14401.464587558203,927626.7258060515,706323.8661345147,5309495866027.338,50829.09951569491,1.9812359025205035,2.7603732351029935,5288.464918728245,10229.558743161137,11515.71679386063,781657.0007364384,607600.8126005715,3394860371875.9375,37599.18452295555,1.737563340764587,1.7035953946947826,9734.500675252375,17831.58964275382,20315.66126376531,1414794.0250027075,1031027.3931350671,10565787970151.787,51744.1905878941,1.3629798153511896,-0.0019248753956349063,8942.432014199516,16282.579103818753,18576.583986317168,1300924.5383432752,954263.5452514658,8834290498577.8,46647.42543105005,1.3357009164818725,-0.08509846304110358,5823.799362243413,12268.54399377399,13580.641028273836,842070.3886157314,603736.6105489882,4721505554914.167,52553.425403158784,2.145761960625815,3.680441872472378,7896.04950372865,16742.085200750247,18510.67299247961,1148633.2929056315,841197.0450901969,8771712374643.557,60085.617049285676,2.017557910486728,2.590484469229568,6647.419831097393,13710.479122221168,15236.975689805688,984320.0787912316,768494.6194118671,5943434961196.274,54959.42035798009,1.936903068115881,2.4916161919942272,4629.304058261557,8778.055224625958,9923.946271036539,676248.8710268696,505229.30583485996,2521208565514.7524,30989.08957791933,1.6105859637114515,1.1290564321820948,8214.127378868394,15185.402325900091,17264.655582887463,1196699.5326354867,880225.1855749396,7630549309330.617,48377.168022529,1.4424779515629325,0.378059661864774,5786.179646024834,12184.268938397843,13488.375901467107,838363.085729611,601056.3424659148,4657568882157.531,53197.415525844866,2.1826944988954606,3.979749278531502,6472.607281196579,14338.207071724304,15731.459787579908,926986.1058771679,639423.0861436158,6335457972435.039,55775.76760415001,2.1793800553589513,3.5198595384682214,6792.152754786832,14830.690404008223,16312.042082581198,998522.6434029237,764653.5815725235,6811717552739.839,60222.69869757194,2.0969761453624782,3.0784701588955787,38,254,292,274,0.35513975813411186,4,5,5,Jumping Jack,TL,original,True
5752.5157952505415,10076.86544335952,11603.217447681493,724855.8634784668,287085.4292949913,3446647171537.413,48339.62158554849,1.8427731925093038,2.8508907812354387,6344.201296733658,11325.939986132198,12981.748983205045,868436.0023243687,568547.405859692,4314260650571.398,46039.09708869514,1.911187487701747,2.8488163181827737,17478.01160230274,22802.14114466439,28730.097987153225,2201895.544130659,888520.4556535118,21130714376996.5,59095.640318666214,0.6282608794136147,-1.433702145082822,12831.803479878257,17636.327761327302,21810.438726701024,1590829.5506445481,573079.9974437323,12177798078750.205,53436.37276679457,0.8900434532517543,-0.7991704748391695,13455.763974479982,19731.245489319997,23882.62198119637,1805856.4886053742,992356.0959855523,14601718597036.133,62957.775240444746,1.1041434828432037,-0.31374160122205064,11422.240363504949,17654.556781832383,21027.385716836638,1545388.5683464603,871156.0884825438,11319064322166.41,58147.95379844816,1.2709863998653164,0.16649876987411627,12788.726313415083,17929.85082287556,22023.42097063957,1624625.645288363,661449.7320927266,12416795424000.172,49826.452071061365,0.8909956861725878,-0.9217259209658737,5277.3945010000025,10109.87531730481,11404.405799980728,707962.8443508103,439199.0051839756,3329548074256.2324,47215.0898259768,2.3601437757034702,5.2682469098883935,12491.678513583525,19082.907578638133,22807.880079954142,1497581.5556945521,425716.4210954447,13317104479784.166,60195.373403286736,1.1867448856097416,-0.14613142611897256,7316.080233182535,12464.781242741152,14453.228061846803,915692.641407356,338126.083577577,5347732516038.55,47512.07949620197,1.5461336165914794,1.0269118737122724,10595.687332700229,16287.82003415189,19430.94623319368,1355819.595890102,606142.7601868889,9665578790841.95,54173.39969845336,1.3189992410881097,0.3527938636422072,10496.29898188168,17013.149391950003,19990.48635100855,1178025.3667492634,167523.49438740243,10230260340476.396,57904.3075038888,1.388671548897065,0.5144785386585986,61,292,353,311,0.7713847767758705,5,5,5,Jumping Jack,TL,original,True
21944.73066983561,24946.789263150487,33225.193734749904,2485713.8607098768,433291.98226001504,28260185567018.6,58413.07223337811,0.26750034340444895,-1.907258951244865,2764.0523068029406,3359.4442705572055,4350.385150963337,337314.8023096701,128518.75566267778,484501784620.0907,10263.79938328157,0.6328669381192495,-1.1536751604167519,23711.339419565025,26890.806333568362,35851.681722609595,2703565.2314181,520175.96211880015,32904782907886.043,57270.88553601294,0.25304886425023765,-1.934466075389179,14217.056514873082,19810.957881002058,24384.395586315703,1431775.2468745431,249889.90055359132,15221727951614.275,61924.76135218253,0.9672782970105667,-0.6378851533199428,14354.440022912848,21750.417709604084,26060.13466798783,1767365.3322102344,901802.9286468262,17385743844189.725,66805.76630271213,1.1876989868447902,-0.26477097185648546,12211.90450633027,19629.338231678226,23117.99150197426,1685892.8597322884,1088359.9382422587,13681703195785.062,64522.2858981028,1.3856225708045617,0.3858138037867995,2326.556733718022,3648.8341868269927,4327.453888623895,252347.16045350872,21249.422459256377,479407543249.0514,30136.684719148914,2.943444671068225,15.863469365560324,2614.6583619527764,3191.892183622108,4126.089439359923,319120.43270363903,121750.84769725414,435830119976.8956,9635.006346327049,0.6460040751164695,-1.1454126962992899,22539.196510879854,25572.56267080342,34087.700727802505,2557188.4964438537,456559.4557130811,29746466327250.61,54209.67214460603,0.25563566623322526,-1.9297596983901697,15965.511464597317,20909.968702635626,26308.25626056181,1718337.830349704,270486.9833761168,17718383295267.58,58898.804201615974,0.8535914935915083,-0.8600059897272807,16298.33069898992,23314.140928102817,28446.172867172765,1788821.172016538,517813.566341204,20715129620200.348,67417.01325609948,0.8716187717201413,-1.0354903874109243,11817.12236249306,19569.991394668355,22861.079242186424,1070330.361826463,630870.1591752371,13379300969408.693,59549.66320335944,1.4347157504385484,0.4133253934939849,70,79,149,119,0.2894470003971918,1,6,6,Push Up,TL,original,True
17086.32245887916,23097.428058208636,28730.360214813216,2206759.040794491,983683.5525788842,21131100110666.797,58502.58374578921,0.6912054736282607,-1.4276596936619517,2520.287075394767,3526.109350168489,4334.200513560436,335629.01609237876,180968.5039276333,480903528748.7372,11818.921661010081,1.0048569663038547,-0.32238334077503605,20096.903653398214,25999.82656849969,32861.47467850511,2536204.1050026733,1007175.0300776201,27644838861978.44,56952.31138006361,0.5285518676861208,-1.706232328495725,8525.638325922791,13512.25630448869,15977.095458894833,1023098.2758696966,283563.39616890845,6534850030147.531,50575.12678284524,1.3481372639442686,0.3497243545803461,9645.723316793064,18468.502210107563,20835.679787059344,1361196.6342282412,1026115.6247836862,11113614136035.154,64699.32154178462,1.6547899932936134,1.1308934185486939,9954.938638246027,17952.183750153556,20527.58399545648,1322778.5093238128,841249.5497742433,10787371640077.336,63730.31878060229,1.5662074880431036,0.9050895746488741,3727.002762898946,9517.31551133077,10221.049072227059,373123.50483512477,144686.72292224568,2674428009903.965,51598.843226259276,3.512952963063756,12.033392151878962,2361.1676184787198,3278.569022505547,4040.3127797096904,313782.78986677533,166735.95750041291,417897660361.8674,11187.365623059,0.989897971183133,-0.3028758084189964,19242.032716357335,24882.430252961,31454.588828195396,2390593.849227563,853140.0144249678,25328413653781.37,55883.92004775056,0.5266289234942915,-1.7085698294211733,12777.163572316655,20101.179471633517,23818.34009969117,1634396.6898786987,874983.8923276324,14523221122676.646,58716.789003840306,1.1477979836495613,-0.4118237473436057,9651.038443345189,16034.554357102374,18714.953285162042,1222470.4782722478,567740.4832829483,8966386597524.416,72337.49445795867,1.4125108529541217,0.871666326699625,10857.675963900421,18882.2533584338,21781.38239940582,1425062.131232225,893410.4778151968,12145372652266.125,60501.76091420045,1.5661240199512128,0.9330296922114689,60,149,209,179,0.3302199080251546,2,6,6,Push Up,TL,original,True
17910.51062315266,23454.824130030873,29511.27184234429,2273754.2029449656,922683.8116048665,22295428243270.22,58158.33614695174,0.6081497107963393,-1.5485551552321672,2603.2176318568536,3536.5374928355823,4391.336866723184,344332.54862115136,179209.26626023313,493666290612.28,11030.328123126794,0.8683302481161557,-0.7590763809045642,20620.446788240497,26309.782239440738,33427.645254092444,2576004.6985377665,962698.6790933459,28605631161176.305,57052.42574588318,0.49764997784488324,-1.742469144033695,9791.483778410166,14553.175257169363,17540.46933946626,1172417.7733400424,308310.51364143775,7876302455008.152,55462.64946405627,1.3324901852632831,0.8262532069167268,9573.868498948126,18022.956519171872,20407.98666520319,1304447.3446424475,938230.8126478014,10662039545014.045,57836.48655075053,1.4725603379920054,0.3433165256469999,9681.601304593754,17940.597602477847,20386.23177919709,1351518.2614374037,985606.6516994444,10639320221571.72,65688.95045970388,1.7341651646474385,1.600534838414748,3416.2766774258716,8838.120851613488,9475.40640418389,354521.1993598171,130355.56270087538,2298453159025.897,56125.529932636666,4.0809444866937294,17.697106099651556,2403.814963618509,3278.9504926835893,4065.6909268642407,318627.27555438253,167318.83337973736,423163973447.3269,10421.406261527249,0.8894930684776563,-0.6943531359530737,19524.60350654026,24908.471004282394,31648.72935614921,2406184.6786510455,819354.1957623793,25642036988384.793,56505.02320926764,0.49780266010407476,-1.7397830298813237,13134.20967314342,20300.11266681037,24178.54499392569,1667873.37420098,872800.7093591059,14965812173396.2,59395.252524311036,1.2634889737670616,-0.01893461046527145,9059.411482661135,16885.940945644525,19162.67043060457,1196032.8293327314,716337.6248046204,9400523213618.348,64641.24507479708,1.660055183120871,1.4532835289546409,11419.98011298438,19626.154109417792,22706.868364166283,1501993.29764394,968386.3131712236,13199407895233.932,63699.363020795645,1.4412645626566656,0.5191404995538016,61,209,270,240,0.29134473673088834,3,6,6,Push Up,TL,original,True
17953.48152505163,23529.38453361197,29596.61189056863,2275977.145099934,915129.2673116567,22424561546264.28,58879.939214478894,0.6114553567872291,-1.5402780573442834,2542.5357459976303,3484.602183091881,4313.576288195728,337724.2222652989,179596.82669534555,476337674088.56146,10955.176353382234,0.9105429214969268,-0.6499491866337137,20746.543082555945,26434.241986054294,33603.39565064259,2573069.795998571,918186.3328663209,28907217900892.812,55874.042996080505,0.4899657812179703,-1.7585924710394194,11024.671091976901,16052.662720630782,19473.863332903424,1318862.7611537694,339411.46418880904,9708322639580.172,61174.83478586466,1.2338055092076703,0.493692454551812,10081.499641075035,18872.2981063872,21396.267684559894,1325616.5551538407,898040.4887423556,11719686933231.152,65178.940618356966,1.5066724943946965,0.5321634785395752,8901.50421466138,17099.570761088067,19277.761734628122,1232328.2070019864,886473.301507009,9513781695925.56,65196.06047632988,1.8388845603328785,1.9401821183647137,3291.533135309229,8371.891672529962,8995.707896403437,340779.9471355385,124409.87615783032,2071622670269.8274,51459.6640201149,3.8443263326159673,15.42852266188558,2477.205493463027,3361.531029868072,4175.6961002459575,326862.3356140844,168520.00890800174,446372810793.198,11048.684467247911,0.8829309247642134,-0.6511279679878181,19550.543058357194,24940.833950459808,31690.202461030243,2415943.9425328183,837424.5935287895,25709284659739.836,56432.25611162913,0.49765859463558615,-1.7400237416042945,12510.139453533146,20106.48718625458,23680.676006353075,1561515.0149108917,791229.9254500349,14355825052617.375,62699.467717161184,1.3606078876920258,0.26858116806601373,7357.041859571362,14352.873565496167,16128.578502478264,857892.9575396329,263194.4909665909,6659354739471.462,64241.964235322455,1.9913573991292233,3.0610379119607325,11410.315477148446,19521.001577093084,22611.165424650808,1486124.1204111804,928479.6335399597,13088378927639.652,60046.864142671686,1.4838404779761505,0.5837207688560899,61,270,331,301,0.31203194895623143,4,6,6,Push Up,TL,original,True
20722.95628016584,24424.43721322692,32031.14188055944,2433229.6677989094,597240.1043079358,26265447684416.734,58356.432984425315,0.3860525954220461,-1.79441055163275,2750.117072983993,3514.7748611626516,4462.822676264315,345808.2462310171,152556.11562332822,509869727738.3419,11943.62000238678,0.9096978340805586,-0.3752533761112682,23587.742495486185,26790.597290387803,35694.78532235625,2700341.0245186426,535580.6534778301,32617413099752.938,57405.74040785102,0.26122225655742215,-1.9213145815210673,12395.776532698497,16530.284314601213,20661.69342939125,1430190.3179776636,362570.3634399861,10928782729475.828,57956.614374985875,0.9940180972133391,-0.317888725614337,11959.712976450024,18890.87336123275,22358.43981205308,1285232.2331826077,590305.0403137663,12797435669227.523,63452.95931090814,1.2686852120462968,0.1157087473462628,11258.011267809436,18254.2789325266,21446.71343242616,1415318.718864459,858030.1832127688,11775014836546.78,65216.9451110169,1.425497725753686,0.6521238033430712,2965.311665683772,7473.210503793927,8040.021673394678,320025.77448667487,136960.622978558,1654833881821.5974,51550.10361350944,4.605342486872316,22.78689868826314,2643.5616097190205,3388.159921191126,4297.44640873462,332212.4887378381,146462.33117992093,472781968280.21954,11505.837678712018,0.9182511571100541,-0.33159974877899323,22285.700705697185,25306.95631897861,33720.83175241387,2540502.9158314904,478349.2753711073,29109619048309.844,54710.92654589185,0.26066730790817844,-1.9209737157429092,12955.26511888229,16923.091114863568,21312.670109174553,1570164.2043519013,578715.3177346902,11628285623872.062,59391.07635280058,1.0436681398446837,0.015382570543715612,12730.072420276507,18823.1700338611,22723.698509466525,1356056.6448797425,189183.13015569956,13218981733097.758,61506.35738263528,1.0699623779389225,-0.4630464265786616,12589.98011521546,18518.622679183092,22393.011973280307,1607119.9397079088,910659.6016455186,12837042822028.16,61530.63051120855,1.1162318273294463,-0.19812418918722807,70,331,401,361,0.39001625170921383,5,6,6,Push Up,TL,original,True
20078.632001096812,24670.280768519086,31808.398517263195,2415096.5147892972,703526.5540595975,25901419935565.61,57633.67510474844,0.4276852047954762,-1.7910495241842048,2478.7880949573973,3391.010676794508,4200.398056117642,322438.97278690606,162702.56256948292,451669602043.82385,11726.566939809787,1.040149918440536,-0.12921527406841538,21329.26410440087,26126.844278029817,33727.57772452245,2578045.1581851956,783425.0141514828,29121267178590.793,55465.965837195305,0.40916934407976646,-1.8313318986217075,13249.288983934006,18038.855634997533,22381.777659517513,1656702.4866997148,672160.7732847803,12824165662721.977,56629.742769228724,0.8934487693329521,-0.7441208942015871,9308.505136905567,15820.916881553978,18356.189115849644,1250903.0769422937,753682.0120309308,8625911778735.025,65891.9002533525,1.7608975053680047,2.303982798260308,12291.219133665456,20170.666616251365,23620.53893406628,1706209.616199909,1067723.2127595725,14283004404114.969,61588.77835238871,1.2818394486054827,-0.028147707729683447,1977.2196399935376,3058.6208759017654,3642.054251007013,239698.6896749722,78735.99851788412,339572714682.32336,19044.182415844996,1.7206632796145709,3.9444295106065406,2428.857127699609,3324.0663899997785,4116.88769726639,314903.8442615375,157031.28564862313,433888366384.7261,11436.007778079187,1.0426732705465196,-0.11334071958775516,20551.555079960486,25189.28913176376,32509.486356573547,2473417.5841274913,724511.8474047241,27055787601106.984,54557.17116919488,0.4128165788292055,-1.8234247789683864,14619.615253466827,22273.32587114865,26642.713741692674,1631319.5773103214,527087.3680172558,18171755405357.562,64315.94211506542,1.080540598746285,-0.5817944115352955,9619.205183400805,17114.23061633838,19632.269302084744,1215810.2272375335,614898.1746497699,9866905547509.223,60616.17173433889,1.666633331890563,1.363763396457622,11123.80612536974,18816.32517064124,21858.480176858604,1178990.2001202158,145460.37030943602,12231504784438.283,61931.5690790354,1.5291397362727588,0.9461021246665089,64,60,124,96,0.38546363083410873,1,7,7,Push Up,TL,original,True
16184.16007125759,22454.388509948873,27678.992043927687,2123281.1895078006,1022151.3247717823,19612840974535.996,57383.933032546025,0.7445772522886359,-1.3530875637189612,2260.078967246961,3329.034216854434,4023.7328135923367,307666.2561162098,180888.85339458575,414474899332.6004,12031.825454709051,1.2228540836087447,0.4215278746925195,19112.455537892685,25402.729813355287,31789.693906331566,2436726.3692497066,1019805.0428900378,25870966749651.312,57445.60414374739,0.5851624036249939,-1.641742155373149,11120.432807425948,17803.51379328147,20991.167885852345,1368869.676039573,423424.87303785456,11280105707828.191,58654.42811911549,1.3656924875734486,0.36316370002389053,9133.191287888107,17671.100809245658,19891.781893829364,1224083.6333837167,832776.8573311893,10129484464938.95,59160.72190180067,1.6448525626776473,1.0046129590443407,8542.80336616132,15775.205021893147,17939.804425791826,1172910.2304179147,730938.8939337425,8239016520592.895,58234.21074411804,1.8216395619212,2.0567909759500855,3325.5518448174507,7849.317554244462,8524.733493777916,360557.2256307477,108296.53198258043,1860379677182.4385,42263.061691491195,3.294298646361898,10.827099969952245,2280.8774283423204,3293.4820598622564,4006.1734762433853,307344.24656429404,173212.51878950177,410865303596.95386,11951.893600759895,1.1484403652377435,0.24479455961668517,18721.10298174539,24869.800603052197,31128.550863936653,2366814.649249493,933348.2677271259,24806058979550.504,56078.521427952626,0.5827875561094863,-1.6457668834599328,11010.033257783953,19037.584271696018,21992.05418416925,1413950.2461953561,759456.7251308443,12381451449329.566,59479.65008307736,1.3871888432779393,0.24921974025487525,10102.570259086056,16912.813199373162,19700.385177875614,1276224.6275380284,589587.9715653039,9935492509610.523,57678.1801433545,1.4453049424785676,0.6356670284727048,11184.302923668722,18519.146192591234,21634.40333337046,1471480.1714512554,798571.2320176623,11982013634328.348,61731.59867715179,1.3651575697124376,0.3517763375017702,58,124,182,152,0.38600183748579436,2,7,7,Push Up,TL,original,True
17274.71617979477,22973.921486438412,28743.988720382906,2206101.1779440744,920232.1322330394,21151152321471.996,58020.567381836,0.6281662389423038,-1.522153413985489,2172.9950945275314,3106.442859560155,3791.02821415945,292383.93588394567,164207.61707647835,367920509966.1565,10797.509442826702,1.0965407726947873,-0.02075863712995929,19628.10901698866,25689.157697565002,32329.483243521772,2473854.6633060146,966480.0068889637,26757004461904.76,55706.32027368852,0.5460546417442801,-1.699046306338071,10942.773109632879,16971.615716072727,20193.563908903034,1342849.807615462,472093.13663293177,10439168597579.55,60634.38892121354,1.3694455295293535,0.7209584648755367,10378.927879550114,18631.965063291213,21327.73466753108,1309622.9292931277,708803.5081332797,11644730010844.34,64729.95210102154,1.580606791943228,0.9620753182945241,10525.979046405226,17424.85993278545,20357.356865825037,1368810.8742111458,767768.3950888508,10609202651201.373,63870.992882119725,1.262930461109951,0.049601192917577475,2841.708589496815,7147.450066040409,7691.641577333219,290491.1185664368,73884.19546948322,1514530563946.5227,41958.83571316865,3.7190063356243583,14.522905242435233,2245.4220933114857,3211.072632841911,3918.278682089575,301059.7429805697,166868.20613353647,393034440461.251,11179.83059249575,1.0979480809704742,-0.002177727646542671,19185.71255086774,25130.33661179446,31616.852852657885,2408440.1180915367,915372.8050771479,25590409838249.492,56009.520607155195,0.5510687661910176,-1.686563124318683,11767.00205492833,18628.819331757444,22033.95668181154,1521257.9332500766,819652.2251546824,12428678324632.258,62742.77406818027,1.4354235516764244,0.7282078217278443,9555.978583845414,15991.911991777715,18629.49209848932,1147016.6470044134,359890.37744067615,8884684181700.51,52935.14218694249,1.3588637511323907,0.30263086152585483,10218.991463500279,17108.40369690019,19928.001996868617,1348088.705923478,792549.9846197922,10166406747832.312,62629.38156486911,1.6041626021430506,1.4406690371057849,59,182,241,212,0.34978660712916126,3,7,7,Push Up,TL,original,True
17171.710504503724,23090.956797390816,28776.030432800366,2205349.682689119,951023.1076953477,21198334143217.99,57906.15295904008,0.6589156113689747,-1.4915138767142877,2175.480708482127,3189.1143423660246,3860.4619673897287,296271.0916272168,175049.4030355063,381521065002.5619,11400.609539164241,1.212201086351482,0.34199515235427924,19540.930502867915,25576.948477336642,32187.392847670137,2462161.0142428502,959863.3415683532,26522323413254.324,55793.59372048949,0.5465106086241976,-1.6979270853573094,11268.52444280603,17570.023127779787,20873.077296575935,1434613.6589839393,642873.0799717196,11153545109218.143,62426.03782496506,1.3471985365254944,0.48231996237698116,10287.764849435665,17207.4301161338,20048.28563241537,1256753.194711592,470627.8038116994,10289504174052.162,60044.814560704384,1.5124015052274653,0.8777537876188615,9222.76672178308,16629.980031771676,19016.19472611579,1175909.9737955625,490432.17844508786,9257360943655.781,63647.36257882638,1.6812375428780357,1.599731798544994,2711.8137014927756,6410.7209149493265,6960.695094670696,308163.7975011444,79509.8344909396,1240352670744.9006,41809.75903209939,4.058922254426233,18.955003291228874,2305.6795356716707,3318.867339684687,4041.1679672640234,310244.98966146493,174555.62829487186,418074586614.80554,11747.818153961856,1.1428385568766648,0.16553444310676557,19207.20541290257,25149.594274192656,31645.202352488406,2414980.9258914758,927363.5152887749,25636322097406.406,55768.1248143489,0.5488524079119828,-1.6921120749762133,12157.821484892262,18861.832588593174,22440.618348401706,1526001.99387027,620032.97850392,12891682607580.758,65754.14734962746,1.3345842932344363,0.4329886212819911,10207.231426418424,17128.41438570454,19939.16128529167,1197821.861056211,251099.8901809929,10177795910678.379,62716.22531496934,1.487033407792955,0.8386411963632674,12960.981517969649,20381.63893625818,24153.638393359008,1701188.7884904402,849123.7253003868,14934995139510.945,64054.226871478335,1.1383455376974279,-0.40165082083686654,59,241,300,270,0.4014741734981196,4,7,7,Push Up,TL,original,True
19546.53157487819,23695.506636983377,30717.160210394344,2342443.142549963,670743.7210884473,24154724643610.45,56539.28106246381,0.43126701507255266,-1.7483048825467722,2418.472232569294,3161.853841823559,3980.7446108439444,310962.2933555624,146168.85032208374,405665988013.1356,10481.699952946405,0.9060214132954542,-0.43767572290134993,22160.381669855666,26451.236069512895,34507.251489488044,2624790.67346596,691647.8827081413,30483210377184.64,55726.77529452943,0.3565685237181647,-1.8713772156984847,11225.082163025447,15953.369789261327,19506.729023585376,1362850.3642815806,479718.0498463868,9741119416309.453,61160.19477658805,1.272259021575319,0.6783156033096636,11866.140711136168,18987.163019733096,22390.12404866045,1389732.682453971,728812.1799642062,12833731965808.723,62440.06100028849,1.32526118968824,0.18358457391555838,10310.721736549298,17972.30215336039,20719.90896264346,1345252.388960312,918062.6718685415,10990454461957.957,61991.27173932069,1.5340088433456291,0.8987874117316594,3181.317972874442,7009.0546888188,7697.248318417872,360022.3106146936,136824.22467480323,1516739370889.901,41757.358449404775,3.79126048260105,15.429665998487312,2396.9746652018766,3144.5891269441213,3953.97626736869,308783.5096592877,146014.06487768257,400228565066.6199,10823.18073238563,0.9359771856860504,-0.30528012348350053,21359.194366764023,25519.437970350766,33278.47499991225,2513236.5362698403,618969.5787790578,28350896596986.48,55611.530182757204,0.36242748124802765,-1.859221730107691,13859.27210698037,20839.027406306846,25026.875285902795,1698466.7587223146,790066.9720035574,16034418856348.975,67117.25613726489,1.143271218943115,-0.32840039249694364,12947.464835312347,18536.49976805681,22610.587549040378,1555054.846167876,572825.9736784995,13087709934408.191,60836.85191686487,1.1364146198867953,-0.11712574699130673,13636.515794674584,20905.108228802033,24959.52950430628,1771379.0050420098,1052996.3193682807,15948239694754.2,63559.60073616514,1.1599971927977286,-0.2895395889466439,66,300,366,330,0.34286845397206944,5,7,7,Push Up,TL,original,True
18816.77015889517,24052.005945918143,30538.006307471504,2324516.2993346932,803372.704797296,23873787628420.336,56223.09195976938,0.5092759927147876,-1.7136103943692504,2253.5277549054485,3184.9435574732406,3901.570556381044,300761.9394359838,164903.68664201113,389689671844.33887,10962.840769270575,1.0931596955907066,-0.02480119799134739,20354.5325481548,25934.79720456789,32968.48042139577,2527696.8929201216,910225.6130800563,27825169953176.47,54921.33087851939,0.48997441245163664,-1.7585721805591876,10814.758406720608,16727.014450636096,19918.634788245974,1261875.4301973612,239027.26265692097,10156851502784.582,58929.86951179583,1.430667644715632,0.8823540101382648,10099.995652315589,16831.635018217665,19629.41286853188,1267402.8606988504,540480.5764933326,9864034548820.094,67214.67811384112,1.6601193383712725,1.7240398705005413,12377.432948064234,21250.915073214448,24592.72733620245,1733887.8480624438,1125874.7298040192,15482937288519.658,68752.33117249515,1.386922731113204,0.19366568743468004,1591.574983036467,2607.672048719365,3055.0064550340617,185716.43578958354,42832.444273157,238926449671.67444,18069.463667503533,2.369620133751811,8.950603099905075,2145.1974033826336,3021.2301976745684,3705.3614947559854,284945.65948701685,153385.64226400814,351480417454.59985,10254.714217058461,1.0782261196055825,-0.06422633154048141,19571.38547065402,24953.345524383833,31712.908761263356,2419379.671198571,840941.2784604705,25746139701765.484,54512.29804711001,0.4939631524283861,-1.7493624998497455,14370.045285732844,21268.111674236345,25667.699072994466,1683413.2031261355,477734.99438441417,16866067857966.105,62268.5980133492,1.0593927366045706,-0.5378079399514557,13035.612337991794,20951.353006140766,24675.623230514917,1475759.1409171335,268098.38402975013,15587491374446.781,64998.82156989126,1.2659029171225966,-0.011810302821088747,10730.933142540971,19383.315452130537,22155.492412187246,1180150.677405714,154778.06149418707,12566165607078.059,68452.66160710076,1.4755398988900614,0.5770545876038753,61,25,86,57,0.3778635540824617,1,8,8,Push Up,TL,original,True
16142.822160797547,22378.13460569345,27592.963156313443,2117159.18995084,1014117.7361225623,19491113363089.17,57174.62264216137,0.738707775440604,-1.3519387400858132,2155.181591953051,3224.1689628689605,3878.1533228355984,295535.732611076,178703.26234404603,385025873802.7723,12062.11865746736,1.2831651178873573,0.6509663729762787,19073.622076748714,25650.341885050573,31964.716453405552,2443341.591201477,1040215.2335109671,26156623307433.363,56191.548849414445,0.6029541078241235,-1.6327346274683516,12119.331229978838,18248.12451786377,21905.98634806023,1528072.4262383338,635707.3657801792,12284729289763.867,58367.627322498076,1.1277137153544095,-0.28967823401440596,10009.46680575045,16211.176924301062,19052.340617530732,1255524.5403799883,560912.6227044488,9292587084964.129,61225.18026591139,1.3339655819841956,0.4119700819867407,8531.62811707193,14574.445970414648,16887.95883677326,1172600.946303553,751886.0626430989,7301200734017.228,58901.22797755697,1.6386673188036984,1.698280019744483,3263.515651024924,7915.823856781184,8562.172722859004,352533.3192003257,107734.22894417561,1876756524443.4119,41370.94975768221,3.34590769922725,11.007011361940068,2097.855982302498,3124.276272641213,3763.256827572528,286028.3506450512,169225.71310452168,362549809926.944,11572.826962367619,1.256689899380097,0.561982615680237,18401.73668838683,24770.000440352855,30857.362735071878,2348529.6805537823,976418.8833854885,24375726975073.348,56064.07697778338,0.6088244004763943,-1.6174448465708517,12159.950368264002,18039.823082633156,21755.45011741536,1516704.7337600528,562998.3821536527,12116470011170.504,55922.962117883966,1.0209158537873104,-0.6273036329944981,10743.880869902514,17371.80948215442,20425.737216338788,1271825.1240348353,276845.826039025,10680594965271.744,59052.96717265753,1.3748966781684,0.4336724321490313,10623.403372699026,17691.257926378916,20635.825794882494,1384522.611289842,772913.6869601515,10901435039660.488,58103.40147096346,1.4090527527402614,0.5342267338632509,57,86,143,115,0.391856806467291,2,8,8,Push Up,TL,original,True
16348.665769171295,22580.547993641463,27877.58992677127,2133791.7706316793,995325.8147728518,19895296515205.605,57137.7925869588,0.7182864224901903,-1.4013125184536523,2111.6383699131075,3108.065898732926,3757.537789052267,288317.5431723604,170917.99506638895,361448710045.5885,11127.578108047519,1.1781726587817472,0.23814882649414493,19156.886255788464,25757.8940093075,32100.707076510575,2457453.183810834,1055285.8245845714,26379658107185.57,56137.68264933876,0.6018616908145601,-1.635619052028618,9475.838752924139,13932.965860408034,16849.897855438612,1219122.8859540473,539030.0536648249,7268327878111.096,49479.705196631825,1.0757155311491429,-0.32544154113797585,10386.209162582829,17785.823456361675,20596.331148769787,1354238.291206712,778402.4977821751,10859746733818.488,58433.29359492409,1.3335346336883485,0.059535649112016475,7508.9580511657605,15171.748007290445,16928.2718731384,1042522.4338911547,743663.0091328631,7336099548438.751,59158.050443787186,2.1051931550756304,3.2906797906266627,2547.3851468457788,6568.9663533875355,7045.600757799723,282120.66279981285,96585.16364524778,1270796544980.6858,41781.618169198155,4.140996773694215,18.446769321986867,2033.883702477014,2953.411096551433,3585.989406068393,274513.9908875676,155110.61895802518,329198592523.12946,10695.999473246091,1.131637259620675,0.1621556276675875,18308.744522395213,24642.659204459476,30699.68694715743,2336581.9605895933,971578.3016949396,24127251933528.78,55794.78593953325,0.6082951826183668,-1.6187664321218203,11651.278830488076,19559.00152406262,22766.353221455196,1573695.2826891881,980579.6263082473,13268655078504.023,57304.895879813834,1.4149955882336627,0.33906676520306656,7929.270047907336,15080.953218667599,17038.44105181812,1034864.6746377619,524085.4810899389,7431896920992.793,57739.89706147427,1.6643436515296823,1.2543319520309701,11481.122638169618,19588.191817147046,22704.920957757975,1555263.3639284729,971080.4440647924,13197143953869.754,59882.23938407717,1.4281141600934237,0.41847726995541423,57,143,200,172,0.3578195050329723,3,8,8,Push Up,TL,original,True
16824.49010841175,22657.60548366831,28221.101212773414,2160734.5283382223,929462.3813286637,20388622173736.992,56797.012899513466,0.6500932890422609,-1.5039844992770321,2071.789478974598,2945.506911108016,3601.155732341344,277482.3886160392,152189.22775004467,331989058779.51807,10064.812101034404,1.0358483530298954,-0.20188833992661337,19324.282920689002,25633.55523805232,32101.51187313632,2461272.762577579,1019932.4815480475,26380980852252.47,55965.744061733145,0.5737973842942272,-1.668267906735239,11071.82466062615,17561.309145565272,20760.175341787555,1291139.3775416054,214097.61309292662,11033212933677.156,56410.897373587395,1.397397605940785,0.5073927073741067,9237.5640248188,18560.699760832915,20732.394090514717,1344391.4613078213,1057167.6807815444,11003703416944.883,62565.966247278375,1.794815264007342,1.5596911558728284,10535.593537051562,19771.039986032458,22402.96304749122,1544705.7843796944,1204383.9051001456,12848454484665.777,57687.21251181349,1.612731485503413,0.79858057560772,2418.046162582449,6786.202008499102,7204.129714582945,307063.1545879337,189992.71130129456,1328626814580.1455,42181.04486637386,4.32777707174443,19.62050078826826,1997.2566952899301,2823.0480672383155,3458.1258937202447,266382.5093336008,143279.7639427189,306141048238.5521,9838.504589612137,1.0074413137883476,-0.2650653690439948,18713.185442650618,24850.053568021693,31108.012982904882,2368254.070294376,939726.7495192611,24773336876661.21,55702.23358635802,0.5805076440346575,-1.6514885766554015,12035.907687866997,19613.583785328414,23012.078193308695,1577310.665864839,833960.7847263576,13556627015038.809,63808.43910860701,1.2973911826526348,0.06779581146440439,8057.6835509076245,14954.006710922911,16986.71777939737,1080372.6669005218,674289.1909551212,7386843671472.507,53997.927492640054,1.7714446195389462,1.709465961865523,9720.029033755378,18409.398662826738,20817.89911455847,1255745.1720271586,813279.3750705499,11094654042724.72,57522.58070938204,1.6457067959479152,0.9673161175174645,58,200,258,229,0.3085741288912259,4,8,8,Push Up,TL,original,True
18429.86893187794,23327.872101095574,29729.609577175295,2272730.2271868647,778119.4430381196,22626551951648.59,56770.330165167805,0.5008130245461506,-1.7016723444249864,2223.676384281508,3110.147300685902,3823.31700150211,292033.01258094015,150090.00050244498,374214474085.76215,11549.405151122673,1.1642574361584204,0.44113279737249167,20742.225690535106,26083.172726990488,33325.243076429535,2551601.411097838,867532.8171364089,28430638748239.742,55934.04306651498,0.4631059404078639,-1.7837536724290375,13498.491709203843,19459.39726303717,23682.85076303407,1558842.0481369384,294051.65893176675,14358461958762.072,60447.15002389557,1.0948240509310458,-0.31591614075863106,10464.589026012796,18923.812067680294,21624.483500334285,1340830.9419576188,875909.1342442242,11971028138399.484,62511.405966796476,1.4341075800738874,0.35614355248430707,10009.571483251351,18323.028394829525,20878.81440206909,1456424.3619053066,1099543.1045557028,11159677205402.816,59887.67171499041,1.5426666381622478,0.6849409788244252,3093.875686159746,7198.798778276523,7835.481517528197,356579.23125992913,174588.9889859187,1571706127655.0654,42360.949184730016,3.7544793777423355,14.909328856089495,2233.7514632004873,3078.3198740552716,3803.379924008905,290241.09468113293,141100.26458591985,370321890466.6619,11623.380677013327,1.1077132241212742,0.33909107041229847,20057.541934388973,25253.357965542687,32249.605842329456,2451711.2555105216,791185.3376765174,26624949170831.625,55738.733820783506,0.47058674035613784,-1.7668489660306117,12194.19407695995,18548.64335570854,22197.985032967194,1556576.0560911132,785762.7157317352,12614413811810.191,61248.46460288449,1.1963995611400164,-0.11972910122470726,11268.033984228965,18173.37062381263,21383.17071203882,1279246.1199739312,256638.78804009064,11705343736324.988,68147.20495452668,1.3381056591544942,0.4146665546967947,12168.436364981239,20087.190048334505,23485.4433129653,1401728.5919331214,607854.6357468558,14120090818726.57,62552.96598305302,1.408867771865117,0.36543236736258233,62,258,320,288,0.38149323704169696,5,8,8,Push Up,TL,original,True
20049.90725649136,24338.310514696164,31533.34964293636,2391718.6558626792,651197.05977011,25455414776414.08,54477.71769383555,0.4054349496800575,-1.806435815447589,2355.3178464681514,3253.001801220836,4016.1602155090095,304820.30230381706,151667.41746388254,412916297641.9168,12324.958173971669,1.1935689342223883,0.5714359026865417,21667.204423245515,26198.779405959653,33997.70271475479,2593076.172462025,735762.9979545018,29589601020949.645,55121.96285210946,0.3827945980283897,-1.8520884227070675,12906.801562900902,18356.379399287838,22439.745792559683,1560763.739380108,506477.0064237965,12890680095608.314,57735.63414544258,1.0554037156114244,-0.4136554363484457,11622.937372091521,18103.73015955898,21513.663538451263,1358534.4107533952,283445.73581775354,11848645602449.596,68182.09228810223,1.4775933884736898,0.9798039856909262,12103.474577595707,19339.855855707512,22814.997728907398,1605381.9125686488,907969.9727792251,13325417507073.273,58422.96818373943,1.319740069273501,0.13408573740045515,2109.4936585038577,3184.55269314922,3819.861169036375,242528.07412959402,51120.008207044826,373538287378.22565,20423.628679784983,2.1654226140409185,7.389002985740994,2362.518969116243,3277.988084652172,4040.6313569237777,306085.2630897976,153297.05407496754,417963565121.42566,12240.388310110891,1.192574231779523,0.5202421696331112,21019.86465186935,25432.934442558544,32994.982411609,2503854.226607317,679242.8252578956,27869922927165.11,54696.80238080384,0.3868041431911421,-1.8436843597761143,12674.492545109348,19570.94672297514,23316.618899608147,1526980.4553880445,605118.0038750074,13917816752884.832,61797.396169325766,1.2553601597489337,0.037153090637726205,10303.204519023095,14059.963769441661,17430.96682799982,1225479.4947467016,328662.87686082156,7778268276706.049,49304.45352165299,1.0083323869757905,-0.3065795608622266,10714.203133400251,16374.729136005037,19568.49261086035,1213756.7725879354,182988.5493759032,9802903118369.18,56751.73916913171,1.3258932948716025,0.3634505038853657,65,46,111,81,0.42565340823334424,1,9,9,Push Up,TL,original,True
17359.51424943059,23167.203692675135,28949.4742942611,2215518.4768504286,919201.2492633086,21454644785000.555,56033.55205169185,0.6090016341418988,-1.5835164766932313,2116.3744122279177,3107.1838994409222,3759.4723616058095,287449.3006979342,167895.1576880626,361820990404.5558,11280.394907285916,1.209678319601003,0.3731990485680803,19347.301500734553,25663.585524919534,32139.348116525092,2460098.5306586092,1008375.4187246865,26443205052292.73,55563.91409038002,0.573657665140481,-1.66867045552771,12202.315450702732,17386.57330364481,21241.22015331212,1573367.8769617872,706552.7100011996,11550449500197.707,48924.72123019357,0.9125722495015881,-0.8977752802471048,9954.2829127573,17632.422832049644,20248.21185278832,1224092.6954154978,373914.4721842712,10495746130826.18,61082.001581501114,1.4937332051071877,0.6503550878840647,11967.168700349805,19935.445550624456,23251.561582064645,1573223.2437485887,822364.8911723566,13840258969716.332,68432.4828120063,1.2820785092321005,0.06735868773031761,2281.5143750951443,4156.526196824227,4741.520628306057,265353.8680152521,50365.92449535314,575539657437.4875,22762.569579967305,2.5797775231015247,7.950966995938302,2130.58844392855,3136.3898833515755,3791.6155683022494,289692.9205285748,169909.1123353415,368034524615.4751,11548.03585169637,1.2324163882098293,0.4868201256629998,18783.77232562961,24931.979354097693,31215.920574191667,2381053.556170526,955621.3026490399,24945502650732.6,55033.57028103304,0.5775698467403299,-1.6589215922899891,8090.934960156516,13469.638307681193,15712.873214954532,1035956.778273476,474346.2111841859,6320496247532.431,56252.853369432196,1.555963941006577,1.400538402820965,10389.6394302187,15977.495881407622,19058.462218404522,1297183.700851826,466144.7254670287,9298559542537.023,56219.7797646465,1.2790587211867177,0.27471903259381447,9335.269608346567,16635.007283261057,19075.3958274702,1197973.3930113465,606855.5453817487,9315090584951.488,64945.78924251486,1.905130373840577,2.6639853209458177,58,111,169,141,0.3793024399081394,2,9,9,Push Up,TL,original,True
17537.530767460255,23089.427143056684,28994.596586504493,2220664.8816727363,885579.6545922105,21521577759081.93,56029.839455590496,0.5797860098550112,-1.621323932541411,2102.237881416066,3057.120898789662,3710.174160316092,283323.3525430848,160920.9287761365,352394042876.8569,11311.21734365085,1.2114999367976504,0.45966433965676146,19706.52767866206,25791.81242511457,32458.663270722787,2486374.313171806,977654.7241209798,26971259425847.508,55725.188318507586,0.5460542916716518,-1.6990625311872425,9889.69072941027,14665.287968220176,17688.319702962377,1195726.6814830208,339944.4307481558,8009642340203.698,48886.917399797916,1.1384846737517984,-0.1890040579620509,10055.62566602541,16675.167359722294,19472.46296722571,1142537.7746440296,147002.07450460593,9706926438655.404,58343.44078307519,1.4834198159784528,0.9464443181009377,10571.092175247057,16369.288440903278,19485.933229872753,1393139.8040510246,753648.6578416929,9720360802279.914,63413.17419012183,1.3934830574564476,0.9211342505755256,2378.9032091745626,4350.628170884537,4958.54272543004,269087.9878185766,51060.37028961043,629430936573.8284,22730.043170675694,2.69072623375839,8.203181373477197,2180.4473223907225,3138.9856607304214,3821.986591288891,291150.71147088223,158884.01254414933,373954086502.19714,11778.11081404071,1.1790677412423645,0.41202039896890685,19101.63085713116,25015.663690785612,31474.6839744674,2400795.1882212013,919207.3650494738,25360786721090.434,55126.26232766778,0.5498445977550177,-1.6898623765964342,10205.43041608092,15928.427416352622,18917.336227267395,1367153.706904568,791115.3853967325,9161359614348.377,59720.79650838843,1.360515724512242,0.6352488729985595,10129.757654149516,16904.344643241453,19707.076341996715,1251448.930276635,400802.09156082006,9942242763501.738,61889.132191433775,1.3936684527233985,0.5440990172943887,9126.780671086779,14901.212012227748,17474.102118606374,1173937.8935705058,586243.306220453,7816812668197.982,60170.010529941486,1.3995487316351118,0.710561021349065,59,169,228,198,0.3854458635777088,3,9,9,Push Up,TL,original,True
19123.02822118658,24125.10745393723,30784.915429676206,2324093.7672922704,717957.5494061976,24261402061115.297,56228.94840577795,0.4833468932845483,-1.7360774428955896,2260.2589479619155,3038.134896544967,3786.691717244249,290054.847251421,132981.24167113352,367079274533.0228,10171.600177410088,0.9036468614325813,-0.49709318440762695,20619.745870292216,25935.743045146814,33133.61868343563,2531335.2288457653,846370.8226356347,28104619188718.438,55847.77142846759,0.4646436041192005,-1.7802944870599562,11810.480429753303,17583.359309058334,21181.642348341033,1411765.9903804197,416418.68503894116,11485746497869.672,55485.57557556799,1.1310657678173253,-0.31708383973663246,11674.295013216508,20561.4222406133,23644.47606973771,1402832.7851708254,407073.01090798125,14311967964477.418,70536.90798475775,1.374978234700021,0.23878437879887437,8998.397057228955,16797.859167177965,19056.21216821149,1279481.3446243205,942401.3668161217,9296364088317.225,62647.63231195212,1.8468487359408847,2.10505408426547,2190.618472173082,4146.21084121399,4689.336160953525,242675.18914199644,48166.82931067383,562940764938.9146,23298.873769333997,3.0252310982459987,10.759179048659496,2253.626601379359,3083.872578800553,3819.568423359196,292863.2313447636,143672.38326392605,373481035282.50006,11072.67815757753,1.0294676495871868,-0.03032836618964385,20148.042062399276,25344.25378439428,32377.072116483818,2471551.549504702,821930.5369054911,26835834850201.453,54937.89842519666,0.46511020585333746,-1.7791583889902107,13330.144835673278,18640.67918806792,22916.537302404467,1614933.9236250536,510883.5308895231,13444292657471.883,60961.013536948485,1.001760810117269,-0.4756026930693489,10932.01791759187,19140.705416815083,22042.586499860765,1325914.4264189424,354454.1654496367,12438415861858.404,68722.62338622798,1.4404669240274028,0.5778903042364667,12510.185743150414,18742.7993314385,22534.357636877412,1585982.5872544816,784203.854110068,12999610217131.4,60653.17792285339,1.1809888908935147,-0.10616248157605535,62,228,290,259,0.2959984090642944,4,9,9,Push Up,TL,original,True
19965.29282980789,23661.94396081378,30959.65939387367,2351703.5557759977,590263.4470581706,24537613050487.56,55388.93931823838,0.3622912245579567,-1.8311506834189075,2395.2122146803185,3076.534738089486,3898.9880158863198,301849.9701546986,128968.01082293654,389173953229.4436,11257.464398436397,0.9294955982351282,-0.11180057660367826,22542.487840179405,26562.12457235964,34838.344102758216,2647943.0690084524,656397.8721087358,31070981627448.016,55693.917727158,0.3301818260842685,-1.8898734881030361,14885.245339618757,20718.86948857787,25511.60680367595,1668405.772719617,242456.96198444505,16661557291657.34,63229.14578591981,1.002003741377569,-0.549865596269945,10861.826582259355,16466.090544375613,19725.90719127138,1234635.9689929076,345372.08186511305,9961252211677.488,56288.437347578954,1.3893899890425565,0.633023436300602,10945.544957489807,19019.14682735766,21943.857920999664,1453047.058735963,998038.6893430224,12327242251699.701,68372.72585018806,1.4595591164400485,0.6614248894386283,3148.8905176606663,5912.175505823115,6698.457337616481,330175.8539730574,106153.07635201231,1148654866019.0225,34091.18726445772,3.1293996443912238,11.198236019358001,2396.553252322837,3066.4623973893904,3891.870903026237,300392.6001646134,125819.05711509005,387754473621.04974,10979.856979785427,0.882249340843704,-0.30948511028484305,21836.25255590187,25752.022283876373,33763.716877654275,2548332.2346368474,587040.5243257063,29183707581296.547,55698.8039698741,0.3353374005314604,-1.879617901753794,12560.34992360649,18912.494804513422,22703.410535295985,1499381.5883918665,655990.8210150135,13195388158315.23,65139.490502218345,1.2646391423603065,0.1711015700934002,11877.337519216613,16211.345466059072,20096.73775430492,1488939.9551647264,592976.3492629051,10339299030151.799,55011.341609004354,0.9930765861825744,-0.4320352031403796,11819.997574874735,18110.88975734522,21626.758205351918,1508018.1791465539,806921.7237891938,11973546764102.568,67976.06977602182,1.4050999594046505,0.8257063912359768,67,290,357,322,0.33107502531097305,5,9,9,Push Up,TL,original,True
19729.720167947853,24547.564445092517,31493.567249384418,2390357.6208950286,729154.7953996796,25391226319142.36,55515.3839356429,0.4514374220686735,-1.7738666075554357,2443.7592868539664,3354.7668173937186,4150.472244356175,317488.9851887285,157446.42135026984,440996348189.9773,12280.817362770422,1.0934719779534496,0.20268451316150715,21015.88838662449,26078.96268092499,33492.9822379575,2565437.193688808,832445.6905730059,28717564395318.684,54242.88776087628,0.4353150305364483,-1.8099791782880834,9103.028394296232,14597.367846310977,17203.14721171324,1208035.0339283186,684083.8823286488,7576275814089.654,57309.74342883256,1.3893017901293268,0.8010267143146308,7409.525900589004,14306.033052187895,16110.979354520685,961862.603966631,519093.41544113733,6644829587501.869,68982.22935210774,1.8999297883407078,2.7574491651447,15452.13224881349,23317.767312871423,27972.963080303754,2128121.5925608985,1294299.1845261108,20031658585396.15,62025.67754712862,0.949074048493949,-0.9817485152139658,1928.3459743459775,3010.5722404687667,3575.2011708234636,233522.2639836571,77607.7291912658,327220823343.55115,19584.53566099058,2.0440370805374117,6.392270401959481,2434.2595016281293,3334.842522620664,4128.776328640942,315073.7660501617,153969.42125302323,436397925681.8119,11899.991685378607,1.066639933395799,0.08201048425712987,20337.09401030135,25258.076349864776,32427.886358494492,2470664.8379811635,769498.2313860754,26920136030193.484,54337.34177268486,0.4404090092688181,-1.7988853772989124,13479.307247764891,21354.734619430103,25253.047628869142,1506139.0245460004,472258.58441274427,16325540212375.895,65452.679064294585,1.1802476574949172,-0.2938816024825157,6789.414190679777,12393.559976145661,14131.400282170327,864557.1812883043,424319.652373453,5112229732734.044,54704.94827249746,1.8565841916237367,2.6064248280334734,7272.178776346159,14367.567883123906,16103.154691901618,824921.6139215303,296459.028909542,6638376730401.615,68033.50182889993,2.251416460660017,4.681166083833674,63,25,88,59,0.36849944406470203,1,10,10,Push Up,TL,original,True
16921.258127099496,22812.48822897396,28403.144118231106,2183293.7387797297,965365.1205932591,20652508052505.758,57623.06644939419,0.6565452644896883,-1.4875495602864357,2169.8023674960773,3200.9871064499516,3867.0868583017914,295159.30998420564,173443.89485053153,382831635703.0506,11593.83017971766,1.2254440618998392,0.4135540676159808,19340.453351257773,25655.095789631647,32128.446520293404,2460834.3343592407,1011886.0785746682,26425269140668.242,55607.59615973787,0.5738017029498077,-1.6683067927346302,11429.806538575842,16867.756942982003,20375.517215442378,1496737.9434190302,735337.1857327343,10628139565997.791,58595.400616344996,1.1467527376215052,-0.011146008878919478,12019.056980172469,18273.466288361375,21871.838077411605,1558930.429320792,790095.2822740438,12246458902643.51,58625.42114974648,1.025270250316746,-0.6303788870312736,9440.838960454284,17279.852672893834,19690.676694165384,1302832.1850927263,886292.2073186355,9925702366058.186,64715.77581338673,1.7103571505900856,1.6135760311239906,2946.6728840003684,7098.716625985309,7686.004086737353,350837.6750718542,156059.37113127563,1512311265826.3882,43077.47080614365,3.832536707085184,15.574060677945873,2283.613834053237,3331.2914463638454,4038.860587306307,306949.6009746782,172327.44608251573,417597307998.6239,11981.076649521287,1.1853495350859975,0.3290042624974876,18878.09160226169,25064.134557411686,31378.227860340074,2391904.809725881,957029.0380940277,25205585501578.805,56169.18134449881,0.5793851466823643,-1.6540773707594132,12447.75103733643,19319.292954355788,22982.201507769685,1570158.9104586793,697277.0195874631,13521448605279.52,60378.97575573011,1.2052769618411079,-0.11493099810381757,10800.111043029417,17693.250986587605,20729.05036455238,1486305.8705159705,915378.4826163697,11000154342813.416,59874.58547289524,1.4113293110645402,0.509701253060824,11429.741523877407,18807.293358431114,22008.027507542207,1458154.2959400672,669323.610169354,12399443834182.004,67739.70457794568,1.3219536019102907,0.30878552089104794,58,88,146,117,0.3891331502471303,2,10,10,Push Up,TL,original,True
17673.30244635925,23173.047650574128,29143.365570507925,2236073.8596120286,890714.6337065487,21742995373472.426,57720.21203675865,0.5928552012208994,-1.5801287820124732,2211.401393287274,3122.3778181617126,3826.1650985786273,292940.5015054364,153972.25391702642,374772207656.47864,11675.45765551992,1.1262905570592656,0.2853902591712303,19930.4033477829,25736.356387135016,32551.20608657905,2495740.944490386,942389.1391933906,27125274052888.09,55627.13184351571,0.5179464067696958,-1.7295215674026083,10805.24928324704,16259.744101189233,19522.619965293306,1328550.7588649099,479622.13640810736,9756996871917.28,56132.2949714648,1.2586716238025941,0.2134065042164126,9436.799418669325,16183.949734117114,18734.284407594198,1155743.3565851287,381528.51916630537,8984919353974.455,62474.889891967374,1.720658552571165,1.8479406095652866,11413.635769562226,18493.046513659476,21731.632493593366,1550862.9724541847,880460.3112993794,12089954581417.04,61305.27867394948,1.3616076704369053,0.3625386340821146,2384.837075291134,4289.216247466653,4907.629151964836,277086.8781221316,57902.422127829006,616571491666.3062,22228.33213308189,2.512777872400965,7.173964690229168,2263.5776871693433,3190.6091119521807,3912.003380765819,299456.7773666381,157120.44073616105,391776523548.75397,11461.786862406394,1.0740471068089488,0.01078632365524479,19564.368692176176,25285.83954058516,31970.896196316164,2438654.690066303,889480.0512848087,26166738012047.97,55967.559428689405,0.5232535695953505,-1.717006628984993,9771.168487473784,17199.164700020607,19780.975708721642,1250999.6611249903,619192.0541956763,10016947199719.314,63997.9277845689,1.5926940725780114,1.1607609822572584,10783.291920019034,19067.662705038936,21905.596217986866,1331086.4044661243,417735.5071880004,12284291729036.299,65023.67415257472,1.5166842987125084,0.6832768984067101,11033.17836358037,17826.326790022857,20964.46878953208,1397560.776398571,588332.6735745829,11251429161657.973,65376.440986140806,1.5183219790653408,1.1689396355645254,60,146,206,175,0.35013723127111,3,10,10,Push Up,TL,original,True
18831.151739185538,23450.650511058895,30075.659347985325,2296553.9541014023,745440.381978302,23156359301531.066,57588.06116710996,0.4899181293939429,-1.6867161954996965,2383.961380967696,3171.7050228521002,3967.7430130907733,305992.00504532264,141165.5358148106,403020406219.02466,11513.559326345438,0.9625094321001945,-0.16402455369806646,21278.304106520227,26068.732681632155,33650.3350544382,2570814.592506454,778795.8644982108,28988033261464.375,55562.97779427815,0.4101954743062346,-1.8290574807452424,12583.030292749856,16987.352677705032,21140.075741231223,1518112.1526455365,483400.3501481114,11440711740031.816,49588.77145464759,0.8735893317928938,-0.8416991799163225,12444.266097118152,17844.6967423511,21755.297297953897,1500264.9655806473,465341.6986922704,12116299789372.422,56974.67990502899,0.9111967284836802,-0.8566882072339923,10722.922314107589,17072.30421912611,20160.4720754445,1436772.8894153584,814066.886377245,10404982638202.305,61853.65416423941,1.3905249008866634,0.6191545784930108,2974.3052914101363,5850.58411720154,6563.2176924860005,332373.89513435855,95835.09643602984,1102741157861.4082,33970.46762649818,3.135848076981594,11.088658486858156,2411.054004652563,3229.6012415779946,4030.3232615949414,310121.8591752177,145560.54179268947,415833743179.6041,11474.283455215133,0.9565428037683054,-0.27013237450352356,20881.322137962015,25599.506905954,33035.80433495345,2511243.849444248,728884.3967654678,27938927822267.613,56132.48399991125,0.41426076512099586,-1.8202530731861835,12597.558691076634,19061.507627680956,22848.185004837032,1574838.7193414837,729825.3994922307,13364212685190.648,60079.7591377889,1.1493284909830954,-0.260235535506685,13481.593173626316,19132.54336198778,23405.289359405713,1669242.6998420795,601026.4928330393,14023873791936.262,60756.88751131789,1.064179831298225,-0.2976671116500964,11017.892477501016,17564.807785376925,20734.4261358498,1299586.9401355463,441569.2700254897,11005860535885.086,69671.67346791399,1.3722401216694156,0.6383342559863099,64,206,270,238,0.328667965037072,4,10,10,Push Up,TL,original,True
19714.722353879482,23588.786979039796,30742.49743649778,2341815.60568624,636314.3032472355,24194589405006.65,57163.672316122866,0.40342495131203343,-1.7743551475068642,2391.288086132054,3040.4133975992395,3868.1225858519597,297190.9738968405,119666.44874281326,383036731882.9579,10023.271786302364,0.80062806468309,-0.6703840950999282,22422.382393618715,26423.242721707167,34654.73976436576,2629355.5745043023,638397.6197418637,30744345296279.383,55459.19623181236,0.3307826804845645,-1.8886826111663217,14025.772052465185,18615.611163712794,23308.008509228366,1671537.0556936474,480730.40897059866,13907539473056.307,54647.238227749694,0.8702906763647799,-0.8395321893069929,13493.886222031619,17835.022815430522,22364.54793194045,1616529.6635582102,474989.1696179129,12804428907521.586,63935.877100747646,0.9594557264878978,-0.3428280823010783,12799.689359954058,20681.386201108944,24321.83757265763,1569665.2623482526,915739.4999393657,15143725642514.957,60754.77501721635,1.2376536488240326,-0.20106182174593945,2625.05876922207,4347.207163967417,5078.301258129467,275760.8836068279,55584.116244422985,660202077908.9747,22460.7492549564,2.3637162812092156,6.601935591519133,2390.5054425513945,3085.4398710333617,3903.134057219942,301251.04715469567,130190.93851242428,390002059996.93317,10638.521976856537,0.8985962923411139,-0.3552771672327162,21794.21537312514,25698.714761603474,33695.871618470126,2547581.6656405716,597668.1692589587,29066541161687.562,55698.535431461125,0.3345020120303411,-1.8811792722672334,13236.006464028198,18082.576160844044,22409.18177284752,1526382.40232957,389538.50076930464,12855588549850.154,55685.89072299277,0.983311452107726,-0.5422548678066219,11479.965632175372,14937.258614096216,18839.089835242023,1427185.909320751,548638.2088402938,9085729429000.172,46106.65295803963,0.8500539181698791,-0.7450707134378249,10769.21543753944,18582.724060221386,21477.74742933878,1353010.6495805231,738775.6298718917,11809117046744.793,67282.84890241863,1.555144738655855,0.9685446222538152,67,270,337,303,0.3093534161852398,5,10,10,Push Up,TL,original,True
1839.9817405382541,1883.2560836457312,2632.904533419858,175564.28561833937,12966.212536574514,177463968821.83267,5452.798339465336,0.5237078790798447,-1.1368014203365349,2420.751558068844,2592.1640697094913,3546.738314308742,253964.13211118663,64009.939924851715,322031428356.7517,8418.543752930025,0.7728509361184382,-0.5781979025546189,32733.793142410323,27079.767764960958,42483.11471272237,2678533.450874637,799121.9422183841,46203264913774.78,56105.69370535703,-0.38101477646843834,-1.8538003192936707,16659.82508439541,20141.310348131625,26138.518595788944,1476078.4398874552,407358.0873038517,17490487152189.555,63567.49097643031,0.7243472195394709,-0.9355580752735211,18970.02966741167,22165.065363214027,29174.51196058006,1178330.5041352853,921696.3189227881,21789494992333.55,66337.88346388051,0.7355223970520005,-0.9636793892401707,17870.66105243256,23737.711132805256,29712.614430161415,955786.1339761054,1257297.4464998199,22600690080651.164,68447.97317668908,0.7966714329645613,-1.143425858710526,27255.387122275664,22581.66888584689,35394.74391565978,2214787.3879032317,701675.7978213241,32071370159491.47,48901.36730319945,-0.3718467400919869,-1.8483852197618593,2396.328897295671,2541.834749507106,3493.3245022207916,246603.4390316813,43830.496038220605,312404891592.09314,8118.7320682602385,0.7275084095133771,-0.7101362373034341,32481.442030387105,27010.764059391207,42244.827511134405,2640465.2698972863,803651.480946008,45686411557004.74,58138.21519904112,-0.35369182251355336,-1.8467191942157628,16181.912182843045,23133.998719323266,28231.82917628425,1539694.9022623955,48003.46396291979,20404126173155.703,69345.23762761301,0.9885296034972874,-0.6920877647317147,14151.92200585445,19846.623534949875,24375.507424417116,1425717.2237521051,821124.3820716891,15210633272264.035,65744.24429993924,1.0701453361798907,-0.3490952984821498,15870.14245685056,22014.645106559095,27138.644416559888,1822702.633366294,399495.86510806094,18854554131673.016,64502.32565355659,0.9688972210929171,-0.6999692329035967,95,69,164,119,0.52398806729529,1,11,11,Squat ,TL,original,True
2157.897733042391,2194.824436953903,3077.9501190434366,212684.20301875606,22777.98559642168,242528689544.1794,8365.983490541605,0.5499645167246704,-0.6246200324283677,2580.655172664051,2806.8875829875547,3812.925258083017,279294.96358214726,70573.406287449,372183015007.4225,9114.188761843838,0.7244414731157669,-0.7467936633590355,31134.127570288525,27462.59379219187,41515.39422139618,2758710.230814202,556279.460017363,44122315708363.14,56708.99937096385,-0.25090123012877186,-1.9355993302890144,14236.88482190477,21775.861797841233,26016.86081122901,1502250.6602387368,307381.90825808496,17328052389654.111,68644.33307332099,1.155304218158005,-0.3578085167590457,17544.435133300485,22816.638515031245,28782.046439963156,1110546.4357264338,1209724.0880044792,21207198650168.207,68801.92746671228,0.7857432049941822,-1.0490999699422885,18304.06416835015,23639.26903356532,29897.387938085165,1695696.9098029071,774391.0827079277,22882657421321.22,67181.99170036757,0.7713913110862533,-1.1580201421987195,25856.51047925003,22843.503241469174,34501.95319842892,2281457.562362695,478836.7146751415,30473850227368.438,50227.664500944215,-0.24118744650594837,-1.9269608890055874,2431.95808409603,2701.853555701973,3635.16612540052,266377.0388838249,74304.0806294053,338289478637.0413,8963.801735673835,0.7597848633399068,-0.7148488255864938,31388.562916654744,27688.51019823141,41855.650502296085,2771711.1420602435,577928.5427124547,44848524261641.18,57018.69274985963,-0.2505860019046033,-1.9353586454103404,17854.876948071418,23199.428953905994,29274.735432076992,1545154.0828311092,247295.1283041657,21939459446223.457,69189.10611382512,0.7787919266827649,-1.0870513355279803,13572.551339528927,20275.701218915838,24399.143628063954,1160237.2878497227,783610.1422312901,15240146170442.082,70800.18767720662,1.18040157140155,-0.023462313230218523,12939.310992278193,19676.24314694398,23549.528940778226,1317974.2455970289,483607.6110926335,14197256021313.312,66721.18345664706,1.163222868375554,-0.2511234089323189,90,164,254,210,0.47743657074310397,2,11,11,Squat ,TL,original,True
1279.7518479812868,1694.7082465275255,2123.629165664269,143168.00593609025,62695.706699007525,115450901331.4539,6478.821716447874,1.5871622232874394,1.844214171520937,2901.3010003460286,3380.0623350731926,4454.477397359797,327039.8371169923,104198.70135573288,507964643419.88635,11253.510405585526,0.8726181617104387,-0.45117139787940275,29866.191198704015,27023.71285149154,40277.41840035697,2713164.165663248,469727.25686616707,41530123084733.8,55970.80232495266,-0.19906878717194837,-1.9577968965446473,9195.477914611718,16765.971279108046,19122.097348617066,793875.4164314358,559087.1538179875,9360757939455.688,63065.63824530016,1.6681242923525645,1.3909866958754806,17708.245311805284,23318.67318602786,29280.41104868319,1713254.3390162524,352799.84052208194,21947967262204.12,72704.37315754355,0.7813712896538626,-1.0826262282549324,19697.965046994523,24846.61512361327,31707.477195349133,2430392.2369167674,1001585.3081485594,25737321218395.79,59680.558209574156,0.5938906599400591,-1.5967440839758724,26507.49122861437,24015.962520704794,35768.89077160438,2431018.359470164,386656.850282925,32752986803992.695,53555.18944187316,-0.1908173106803082,-1.948870432160306,2888.688706501919,3239.5811313435947,4340.438727781925,311839.92174973874,84086.09330384507,482288853750.507,10863.842030417207,0.8171387572269314,-0.46062795465843864,30360.05700004285,27467.665483033797,40941.49127882004,2754453.5246709404,480230.43736309983,42910866128222.64,56632.21682365047,-0.19969871322249264,-1.9583662593229638,16765.363014019797,23762.003357501,29081.096962696432,1616984.7480822692,630863.0227014788,21650181134176.035,72463.95829323538,0.8860895408724554,-0.9405173264460411,11263.778582669209,19743.683908780724,22730.722871242884,1206317.7529261324,1231934.7982093534,13227155513580.656,66132.92245003529,1.5655952667263866,0.7966098419216117,11027.80931662473,19475.867427000474,22381.286610870546,1432147.456109838,1178750.0281059912,12823602953163.09,59810.474037900254,1.5656593818683036,0.590410668986109,88,254,342,299,0.5445129603125545,3,11,11,Squat ,TL,original,True
1952.8700458458516,2459.6301093513234,3140.6180428045654,161352.05269408462,101403.41211480396,252505131284.21332,8215.325630731513,0.9172732270820173,-0.5593884491144738,2785.9653339625143,3608.3069386920683,4558.67105699174,337942.158688788,165926.21560517064,532005934229.8672,11776.54293398912,1.183349951819169,0.06944652497014658,29952.008680688457,27111.580893332502,40400.00795227333,2710043.2964366735,497901.8654121489,41783312449119.95,56410.891320659735,-0.19681585710126298,-1.9557250041173022,17300.09162804648,23012.124186849913,28789.773009348417,1694413.1965808314,1028115.3028893636,21218586366203.05,68270.95969873454,0.770026980036281,-1.1360657575570414,17481.24898692128,23551.61443461706,29330.40416734142,1224988.7651582998,1436063.392644508,22022978780661.734,68676.29880523165,0.7932765972603385,-1.1373712806991252,16671.475952071556,22839.65101112731,28276.983020304502,1570967.0555262812,1281304.1233600322,20469446879503.08,64105.5128425184,0.9134882646317086,-0.9386796980589693,26361.945839708358,23884.072949401365,35572.47712920823,2428857.3386201784,345490.6489543439,32394268905165.887,51313.93243504896,-0.19133066396446072,-1.95075062739703,2604.5525446965826,3563.8214799987236,4414.127037069247,326488.77756166586,175508.65377244967,498803647984.2747,11817.146050934873,1.2877328002590784,0.28866000626651545,30375.889295282832,27485.514120724987,40965.20641910462,2752850.654289465,489026.05668827007,42960592306172.18,56773.921387952,-0.19893941337428303,-1.9576889488029174,13949.402054173708,20725.42859263664,24982.57808989028,1346194.3400896564,671372.5729268637,15977707725247.129,75761.09635677924,1.1803210256922088,-0.008100942375703468,14318.664336108992,20865.149316513136,25305.70300091559,1456418.12074469,1165384.5938723353,16393692271886.035,65172.708070191184,1.1346472715795548,-0.3152756667928691,14828.550443217217,21414.896016054656,26047.71927876741,1642609.3800760806,1143883.0888383326,17369182198412.066,63510.141249886234,0.9887420781868789,-0.7827596446653629,88,342,430,386,0.6874664593824793,4,11,11,Squat ,TL,original,True
1916.4069461629174,1963.0808269807612,2743.4106357891355,163330.610167361,42937.92359213759,192673329063.96027,7275.857017013615,0.591421612011117,-0.6545499205010032,2873.3009999267006,3133.6845786382046,4251.568848622198,300769.0344035648,100941.544102636,462741444469.1119,10815.430683243228,0.9030276947854491,-0.1817212888792099,32195.388619128255,26987.571992790236,42010.380745748174,2669432.6123109674,762781.4535245607,45180725514309.86,56073.07828497993,-0.35322557347795264,-1.872210320711353,18184.49501487684,21647.794383815544,28271.944762078827,1802984.5389114332,178639.46948078,20462153232128.93,68133.47396051728,0.7470228955900153,-0.9318599356112416,19139.145276550356,23258.440972410575,30120.78947145985,1285314.7800356583,1387684.0585196116,23225906134630.566,72628.06927637126,0.6593282228616331,-1.2391309845510694,14609.105720451063,21008.84760185778,25589.014195732536,1244467.8165137647,992147.4172614601,16762819776240.672,67941.35031232735,0.9523620345600244,-0.7790555799088832,27381.458987482176,22983.480259149437,35748.91132756185,2279923.2656172016,636345.1450089649,32716407324310.54,50619.35583659534,-0.3448615436706974,-1.8664536685907043,2815.0024521499754,3070.821759356788,4165.835460426814,293789.3361985535,85937.95866061344,444267138133.74695,10288.182164247668,0.7996553085533601,-0.5519218977079388,32734.97166245609,27435.215357562996,42711.46697852538,2713404.3858363167,775038.5227287071,46701296933316.195,56927.1943190974,-0.3542532951029982,-1.8728558415830896,15291.575219536327,20803.421482109585,25818.881038051128,1485911.8771743511,542326.4733631423,17065334222260.129,76577.55878816357,1.0610383778395929,-0.24151061202971924,19090.380334175334,21329.21995346015,28624.783756852223,1688803.91836433,201506.33481687398,20976083075239.703,73575.10017743167,0.5478288328119277,-1.2363031308154102,18098.715649978778,22566.47878938627,28927.659309570954,1959925.31327393,413296.3317308132,21422322512143.547,68959.99914858867,0.809478614274001,-1.017640833954128,94,430,524,474,0.5350750316276959,5,11,11,Squat ,TL,original,True
1709.9581862864877,1866.9661433557028,2531.7029010696815,152973.92868139615,17497.043169576034,164083701229.68683,5532.867492689486,0.6112032452458241,-1.0998177995253773,2539.477406503609,2966.983489449401,3905.372776676721,292551.02859138965,94841.9092032854,390449575035.0757,9321.008805356427,0.8906651793493843,-0.47029564066653284,30210.476162824256,26995.91630248775,40514.84131766403,2703212.3047817973,530471.4291984569,42021180595084.7,56284.747233706796,-0.22357410594700303,-1.9461867571838545,14432.312064728121,20721.60247314459,25252.2561484856,1668462.9722186574,506300.61628779094,16324516879071.465,64695.38588095542,1.0559947959990645,-0.490184499768509,12443.22591523046,20276.789071850748,23790.377177375496,1190163.6998692926,393689.834621889,14489140383789.795,67089.48685083607,1.3095288429978966,0.10101309045131135,15576.834294131486,22360.811417695553,27251.489021419995,1243395.481405709,1087095.2985663777,19011677539445.11,67023.23396247905,1.008833356512778,-0.7243156697751041,25772.20900882476,23049.833880130685,34576.0263635972,2316585.863846907,444748.52560345567,30604840936861.914,48888.95061185024,-0.21840142805224969,-1.9416692843347856,2617.700921162369,3026.4050446627966,4001.4354433146536,303581.19201163884,101217.10597895001,409894031539.57715,9926.848077632461,0.8439235336608961,-0.5366412791478585,28554.75671656999,26507.192789322467,38961.588785787564,2756138.686041908,202660.1314324908,38860938258247.875,59842.14197702827,-0.0653830856102428,-1.9005682302263225,21838.164019629003,25739.691228273296,33755.54935525517,1745870.8585387894,663116.3284939439,29169590074241.746,67656.40015167551,0.42565252434154177,-1.6751128425342388,12853.296883250794,18250.682149879853,22322.514188704812,1368424.2629144674,795346.7245245966,12756342776446.148,63175.90815624173,1.074322059655381,-0.25748386768368725,13266.485940000586,20792.893861074943,24664.63225580632,1456819.4456502777,633228.1505655205,15573608558442.531,68648.07433437147,1.2080584334525701,-0.19720525019697854,89,89,178,137,0.5617355356655396,1,12,12,Squat ,TL,original,True
2018.0658877002875,2211.1831240773085,2993.6467285409344,217743.74108322672,63965.92176022214,229425170823.77814,7521.752574245022,0.6750585062453323,-0.7295051396372711,2449.8559184054957,2966.5254891291543,3847.345513285674,289042.42322788044,102630.04443963109,378932927964.14465,9584.514778676694,1.0079618336690297,-0.16448009357857174,28811.439429637736,27073.064837393318,39535.425654688304,2742564.5135411816,291771.88320002984,40014076971453.086,56259.03739599391,-0.12313483016045743,-1.9819767283537695,17310.891268566542,21815.130259803438,27849.001144822498,1593714.3197144417,344672.28936017066,19854511737966.715,62620.1583235513,0.8731102776106161,-0.765782259130662,15248.956353667154,22185.620226193063,26920.85464276557,1173958.5851341567,1033078.0739215239,18553149816240.96,62627.55435696277,1.0677797742378872,-0.6113590266636755,16019.893450616975,22254.602911966504,27420.874109671062,1328730.6749941378,853300.8422857248,19248751025623.773,68826.9073829637,0.9360968975213033,-0.8049965728023629,24542.53967366646,23102.100673239634,33705.24156789254,2321828.515283916,290980.2932848221,29082708714239.777,50279.2103297466,-0.1127047523580254,-1.9707051362484034,2490.7058763402188,2868.8279680315995,3799.1827637790752,287509.92466752126,89747.88053916802,369505015618.45776,9092.30464547771,0.8680755044963573,-0.3955873135304184,27905.90165649156,26920.29410080921,38774.23863515365,2778025.257325657,100552.62283878753,38488104492437.55,61350.533147271795,-0.012038630692374562,-1.926731231851727,11891.511172353104,19196.97142128202,22581.66844393295,1357214.3166771035,735809.7309216532,13054252792619.965,69150.90637096838,1.2776501758844274,0.10827915732683246,12412.22648528742,19137.833173283343,22810.52443260555,1088325.5050274301,782760.890912415,13320192637196.668,66016.3791449071,1.302405570659274,0.25231015172932203,13793.25549838744,21131.8944092013,25235.11162181433,1692807.1424276973,630338.6659338039,16302357979274.975,68094.60165261055,1.199496503667594,-0.19233941671061716,85,178,263,219,0.5569631671367383,2,12,12,Squat ,TL,original,True
2085.0037351693786,2200.5125966176765,3031.418193444007,188610.24873303174,45583.815978961735,235251104346.70917,8096.489300718069,0.7093627043057026,-0.418155486961469,2693.5635785461404,3028.510373816623,4053.0432807934817,293288.7192796264,79703.4419486854,420535291801.22076,10361.967861849098,0.8383979899005934,-0.3512076474918979,30512.243512526038,26920.43365664666,40690.37665627589,2693370.778069496,569248.6648929848,42386092862197.805,56077.753294736,-0.24946639887141153,-1.9343896502026152,15410.842649972934,21940.75603589505,26812.139911034512,1462167.3983931507,638357.0301415316,18403605673187.582,64566.09019601341,0.9940671225637687,-0.7368024907014816,16684.16884245319,21517.67229026145,27228.141889496816,1362166.0403061043,546877.4631954377,18979115795317.023,73932.40296342532,0.8374133705565621,-0.8605066694612389,18629.794333186474,23534.214209418078,30015.4706002022,1762650.0949129728,1114185.0646912998,23063768969001.03,70711.22593953012,0.6956363456969228,-1.2151043059838829,26107.221127559365,23070.386713513515,34840.059387353846,2307224.025008109,494666.2189759708,31074041295727.176,50613.13623704789,-0.23975696046184672,-1.9256724080811667,2864.661756180182,3052.5858831856667,4186.235486871915,310464.43829808343,66097.22928577817,448628929319.5709,9800.213350101509,0.6476869008091822,-0.8181396107409844,31463.747331919738,27754.18415940778,41955.47800372686,2775839.121068316,584259.0024461502,45062710643742.94,58720.323889616215,-0.25072106401035793,-1.9354555034154586,14420.889729168683,19630.763444119246,24358.344237238525,1144709.0244421572,822934.3771617665,15189220709883.168,73203.77753842858,1.0168947072668668,-0.41799746086866385,12993.39419127483,20791.798534446985,24517.895074962824,1454330.8599513548,754604.829238338,15388855780016.291,71326.86443249868,1.3273281228645966,0.24165207839307712,15379.578960816227,21511.95416159067,26444.19824578464,1870130.8854360534,783814.479291625,17901967894076.4,71829.64143296538,0.9007680663474553,-0.882727346658859,90,263,353,307,0.5226430552240064,3,12,12,Squat ,TL,original,True
1948.1435076567334,2006.9434807294335,2796.977880010397,185109.55284523152,50344.069595833076,200270982688.44684,6633.2304414262435,0.4650628254997865,-1.0083840941266853,2695.5930085930536,3299.895691021874,4260.931029669511,315647.39138596423,118065.42779456705,464781650933.7723,11302.348406644724,1.2194378543301767,0.567418241343709,29639.5214243889,27163.931163050856,40204.23343999701,2726490.8902148465,430677.8046840963,41379337894343.016,56139.236765019225,-0.17264572278926157,-1.9661885978656857,19602.128064647077,24415.44794129889,31310.661488334943,1736751.0939935597,318031.2189955051,25097152584629.78,66723.42533272193,0.6510327335412182,-1.355160389843096,14087.728821072718,21759.929538586082,25922.16497247701,1332275.523301818,494135.6845937625,17202141103624.04,71459.11576231016,1.1823828709471427,-0.18440519912198106,16385.72208562407,21687.893059946233,27181.916666176658,2020851.2654440142,1005559.0151424144,18914728797362.496,63088.84548639515,0.7944342352411727,-1.1038034022170404,25295.11994198358,23219.326500700896,34336.2813365904,2351679.77387522,331602.0626194167,30181893530252.445,51479.65680210675,-0.16279541666799344,-1.9555933681133721,2531.212242171426,3164.898854131095,4052.6065898133784,299117.63486279955,117373.22540023846,420444676398.04974,10831.413948120064,1.2314478216682812,0.5241194507512015,30265.035090761194,27732.48810257743,41049.521865724644,2785597.4347846396,438989.67577367555,43137619082357.89,56804.157529643286,-0.1736711997861417,-1.9672113604817671,15674.858467233764,21623.696601170916,26707.40426674409,1326244.1564946251,663911.7250230785,18260107332282.9,66974.7363889573,0.8941945627191671,-0.8544034569672991,16565.55759826571,22838.434133060364,28213.68058569451,1632066.987076997,858533.4502073019,20377901368104.844,69210.87899100773,0.9293185924872209,-0.8153140802182519,13954.962393554863,19854.509841129882,24268.138297715665,1482896.8379915238,1076875.3260210955,15076928932788.574,64043.4163626111,1.105260356587398,-0.3114339100166239,87,353,440,400,0.5988531605841654,4,12,12,Squat ,TL,original,True
1878.686174094812,2220.1355411706863,2908.34378330765,174144.68921503282,79025.8296692608,216536667184.74896,7593.842687075613,0.9851711816767403,-0.1158270778740289,2757.7526311449665,3516.425891535437,4468.831013279399,328364.14222112537,140744.51148226988,511243536006.34314,12538.4115745995,1.3040910308650993,0.718885852521153,29892.689646898514,27056.76801785337,40319.245899417896,2706427.9253058434,494957.1719679461,41616424701381.8,56128.5350921099,-0.19708661425900703,-1.9560361430458468,12940.907614857088,19824.65178925597,23674.541356941132,1470783.4055713713,859498.2795499059,14348388056614.812,62994.529619931694,1.1980620278431164,-0.17784739620124324,17793.657832503515,21849.25761619399,28178.08221719542,1415547.3094107502,833740.5332584942,20326510526439.04,62697.41714402025,0.751063037481104,-1.1136355927660961,16563.423584417185,22605.049579053695,28023.83391522835,1984040.5345991892,1195959.7391169257,20104582843092.555,64353.14443989331,0.8866438984029504,-1.0217916312053468,25898.977746833574,23461.891234341478,34945.9209153665,2383195.875264292,358985.54007447365,31263165148750.086,50366.59282062701,-0.19186465263650013,-1.9508301464652362,2618.180007538678,3386.9197618659523,4280.8985067615595,311855.25760602154,132615.9951214124,469147955844.9497,11952.633305898842,1.315429802977035,0.7167066918562064,30464.60309838653,27565.75565848749,41084.82599410222,2760661.3341234946,493491.50013793114,43211850930320.836,56776.55569325593,-0.19894925645840403,-1.957706609740054,17100.914794792196,23356.403978524053,28947.588735968264,1639112.344926144,420518.6754333447,21451850076844.973,73419.77626294628,0.8960418784969151,-0.8837097198477162,17613.279872936306,22971.770043787456,28947.017926325916,1810390.9315981017,1229989.2169998244,21451004078772.062,65959.63027641704,0.7171358525405457,-1.3138275241693722,14061.795128521984,21044.097935245594,25309.84275227194,1869554.5654310738,1219472.3959787067,16399056387705.148,57863.84612327269,1.1157322104883216,-0.5788844819816763,88,440,528,480,0.6665147369837913,5,12,12,Squat ,TL,original,True
1618.393276923648,1784.0835995609373,2408.7654699065192,143853.83269837734,9385.319212048647,148535067878.75772,5747.482617832572,0.6776927770164559,-0.8611300284333128,2426.276847274645,2957.5422640217257,3825.4248892241694,270390.18905934086,95368.88275616024,374627214927.2512,9725.299768680214,1.1502903197747814,0.23101272278383123,30456.10549729465,26868.773420104637,40614.102811255885,2682719.743534493,577656.5674595897,42227336887379.54,55562.10056888002,-0.24995793341923503,-1.934836921791609,13674.305736917391,20565.575895998903,24696.751796962755,1598147.600963379,469006.1683143569,15614196462612.043,66389.74241571693,1.1180023313186789,-0.3305008657693369,12623.474803368055,20439.112608508178,24023.10222128995,1450375.521436395,288781.23284912365,14774001672564.379,72251.2410871631,1.2617244645016208,0.0745908578508141,18554.315836026777,23779.96909961761,30162.0550778922,2151952.2679185094,1156079.1470990526,23289588902958.137,65319.18244233533,0.7293849339377662,-1.284025691773514,26062.51869052552,23025.65627512694,34776.94246759316,2311537.21313191,485644.09358822997,30961554621293.684,49168.64524153076,-0.24142281134574506,-1.9279013814910986,2351.767761611349,2924.83085813479,3753.0583732806435,265769.39273838117,98629.93504993364,360587447123.2499,9695.240983442964,1.1404925231531453,0.11614672444450891,31580.11600832901,27856.077045779068,42110.15026665065,2787540.940482728,586233.8576381818,45395577740285.39,56981.93530745276,-0.25089201012369255,-1.9356184054161683,19133.1206905481,24064.550180880695,30743.761688628885,1405578.9230197195,759003.1788039233,24196579398840.445,71422.9524712576,0.6651614432746806,-1.2808062770033868,11200.876982342084,19843.86450872888,22786.807670543723,1439211.6310779403,989590.0777811966,13292508257647.367,66069.21996630858,1.5030614508311708,0.6175699460352067,15128.870383800368,21842.54150747817,26570.271707224572,1835583.157610717,949668.8927138387,18073071068050.906,64777.69624667697,1.0695213997298798,-0.6027913021461675,90,105,195,154,0.6311122233048211,1,13,13,Squat ,TL,original,True
1678.4866445617506,1908.4531186629301,2541.556751698932,171711.3532723274,24995.570752732336,165363474485.92456,6702.425914839817,0.8380030986046223,-0.29907902174321555,2234.93095996754,2825.08631113382,3602.2255705573357,261639.54466451643,103662.13837478906,332186343966.13434,9559.246765865804,1.2385696931110866,0.5139125701920202,28845.85483461891,27106.902371169963,39583.67715738455,2734633.988721737,315149.0295347804,40111807930881.2,56205.08785086598,-0.12283754308748905,-1.98174602136637,15329.368530438718,20511.20489844661,25606.62152506779,1624472.3171724966,519187.99660156044,16785896087758.465,66367.51069317662,0.8722980509283335,-0.8663368146091037,15713.406554351348,21529.753917086935,26654.107549731467,1393785.4166919629,576090.2399456328,18187301101379.89,71960.1297771419,0.9430847040046316,-0.6606479014578004,16181.829248514323,23414.547980699263,28462.126676840955,1706493.2526055146,1164534.207997248,20738371967194.664,71058.10042633089,0.9691206979524815,-0.8431235055452979,24435.29182305759,22999.889899309845,33557.09197559228,2315759.795508842,286500.3795323523,28827607599574.016,49798.801646530475,-0.1130805517051921,-1.9712571098399552,2406.3452412394663,2861.2277381023277,3738.59888050617,279982.65983280295,99384.55652690238,357814312686.6428,9514.756450896293,1.0011718611314147,-0.10391447538665766,29873.32368199991,28064.85263229001,40988.430332005795,2837677.039942732,310814.4071742727,43009316379691.32,57261.093871908924,-0.12444446979602557,-1.9834528033759342,16884.077074634195,22802.43982744813,28372.932889403248,1588269.9428271572,256710.11803729145,20608597011112.46,72338.9080966271,0.8601837952739213,-0.9292714447978643,16803.97060959784,22930.485497071335,28428.517256086834,1594516.3116837966,695706.5576441785,20689423190518.445,72975.05847914638,0.8272031106700682,-0.9878737053712343,14050.821161143947,20965.49490015814,25238.41420753308,1805874.6996336519,868870.032222795,16306625323801.793,67107.72262496721,1.127448984656573,-0.3528655171468791,85,195,280,236,0.6165275909236614,2,13,13,Squat ,TL,original,True
1968.4711038629316,2074.949851903083,2860.1215664121655,185463.95731160586,45896.86000097399,209415561591.19305,8463.105342205114,0.7877016362294104,0.08752708426860645,2751.0361397134616,3022.796323278743,4087.2359185685664,300098.7493880983,81174.5316015091,427660734823.348,9472.862086024963,0.7910052821518139,-0.49756324734707613,30641.610603311787,27033.81407488294,40862.39596255129,2704065.098088337,576134.2857197789,42745226337288.39,56084.91020847167,-0.24964743971873798,-1.9345734102282626,14248.695589666473,20271.708903921648,24778.367740678907,1493633.989234247,178050.91602855315,15717568202043.312,69554.34614476125,1.1087891733549717,-0.26993354155854465,12905.296108374121,20946.120212548412,24602.573434568694,1350804.842286146,394128.6389872422,15495337461845.639,64874.89083731039,1.2746014508986276,-0.04721609906154978,16670.52414077532,21771.515173354783,27420.8907235303,1626002.6454832426,931389.7077128927,19248774350637.83,70548.4623590615,0.9123218168261155,-0.7395516107289253,26002.691476967608,22971.348676064812,34696.149988776975,2302111.4893571916,491072.35485515086,30817864295518.934,49778.925021926494,-0.24160459524860828,-1.9275212134282265,2626.519767741654,2964.0641868294742,3960.3386968771683,291710.797903578,84138.65568732344,401517634405.95825,9098.928284600017,0.7852614105090517,-0.6642731609141319,31105.661146479553,27491.145409128996,41512.95257224522,2758448.8807408046,541511.0646330068,44117125920396.33,58827.40505511799,-0.24010584555006262,-1.9288280792493553,18614.144167821545,23142.49141671066,29699.516360927017,1495333.0115590314,512716.8484611812,22580768565068.08,70603.60361614134,0.6728014700298035,-1.2050227631591888,11545.086233727097,19932.723734579828,23034.810431676593,1120729.5997489898,330695.76335907466,13583423785555.887,65888.59096032093,1.403113286747476,0.29419394587949776,16547.669079234314,21353.66542688876,27014.891802843704,1808270.0913215647,724984.3259663765,18682992105455.414,67883.08574350592,0.8728849054219656,-0.7873027444487573,90,280,370,324,0.4915504589749772,3,13,13,Squat ,TL,original,True
1779.111110385472,1983.5872435909557,2664.5552529519427,168499.66934997047,39941.82434578436,181756280218.46503,8811.115143452456,1.1190782570663107,1.335307925075564,2617.8076647126372,3150.5252859950356,4096.184388808972,296391.5505893475,112124.10334686533,429535399606.33154,10501.356417845962,1.1389189974131813,0.3104040438166762,30265.681504583703,27045.17210475531,40588.82618545079,2701288.76706693,541909.7052381024,42174791964486.016,56049.79873422742,-0.22361061397940513,-1.9462724094052073,17849.54905516508,21986.693616221593,28319.97700645861,1599813.6584760817,989274.3339184019,20531740099746.41,68350.64196451503,0.742840828285543,-1.0578125340795739,15700.027533826496,22074.68448281589,27088.42113484621,1453723.928255026,753172.6107118825,18784833525216.836,63423.217464294736,0.9121552527246017,-0.8851256767240181,16820.414006406645,22952.18287245754,28455.73801463694,2012193.1953036732,1283325.6692417634,20729063064515.938,65566.72846905323,0.9055391966513819,-0.9250262414789661,25849.99801726707,23120.26397344348,34680.96024758282,2333384.6383969607,423796.8293354895,30790886494577.15,49278.21572002426,-0.21809218888217555,-1.9411618014923078,2570.890368185223,3134.0447866660415,4053.6050634041976,292946.1474139266,108766.81178835017,420651878657.4373,9965.085010846245,1.067426459890691,-0.10298525114513657,30994.493942268447,27688.555785582612,41560.976603403295,2779068.0797578064,527045.7811342669,44219258271453.06,56556.18906701513,-0.2253133026755134,-1.9477524306787013,11509.196026022926,18992.615936185084,22207.680051388834,1163474.9611564619,333671.0699663924,12625434963580.254,69252.77873059694,1.5635785627239913,1.1315577434102684,16481.375209982783,21247.729300952004,26890.550928881494,1339387.5912889864,918574.5490949224,18511404269024.5,67550.47405354455,0.8622043373044159,-0.8069810018531247,14989.862470953556,21247.23773507611,26002.713094385825,1795547.7046567574,1202710.320914363,17309211859684.965,65325.40636748222,1.0169728820120678,-0.658628904025707,89,370,459,417,0.6016029614286232,4,13,13,Squat ,TL,original,True
1978.7439272908464,2072.7525635249635,2865.6117530799092,180752.52690542414,60840.47706390077,210220306416.37653,7640.382668523583,0.6721064318728082,-0.4367409484791209,2750.164520571353,3152.3888938029877,4183.414948099446,306045.91138051666,100107.57903619246,448024592076.3362,10454.272796359983,1.005280322003517,-0.0369187252621761,30873.585141641157,26894.21032796385,40944.801973668444,2679737.078638213,628048.5370411638,42917806301770.83,55960.48027379597,-0.2753110363835337,-1.9211145764524853,13071.228010848752,19941.616834007076,23843.764041483704,1737690.419242426,999195.1681421263,14554242141848.355,66306.1210272894,1.1915124299838318,-0.17944181248330082,13408.460606782497,18142.328040104258,22559.496504984134,1469700.886722467,630394.3153092307,13028630593494.814,65288.81911660603,1.088580395589637,-0.0855022616042711,16247.892379741063,21934.138314917996,27296.527808525418,1546246.5994425956,1250345.0266275771,19074571018280.992,63155.486238628924,0.8651837604770506,-1.0159706488401643,26436.174412908615,23058.316265061578,35079.299687555445,2315704.7663916014,512229.70646468905,31502266024174.78,50131.64637410888,-0.26743952593901826,-1.914524418366247,2748.524251224679,3113.04325395689,4152.76099246955,306873.55205333856,93731.9849185749,441482850830.7631,9991.477369254002,0.8971609470528366,-0.39268306981035117,31758.586629215548,27661.274767471026,42115.9583346612,2757132.96586405,642952.9404287263,45408101029041.086,56882.74485721174,-0.27615514973905664,-1.9217781936033556,20177.561240233095,23919.677323710406,31293.528737964065,1450677.67764368,1324012.545601089,25069694486368.844,65139.22562802409,0.5844955294171856,-1.3976618016826277,13325.406788095255,20158.20360243683,24164.42919966272,1588828.3344569795,909522.2259435515,14948342746765.117,71298.82499933145,1.2507482524490035,0.0984946966898681,14742.482855024971,21088.54102185525,25730.66969904159,1745754.5886949617,1181097.3106507522,16948924496926.137,61032.98152763178,1.04725394026129,-0.5790660923357978,91,459,550,501,0.562165881590038,5,13,13,Squat ,TL,original,True
1571.3857811900039,1905.9731145075862,2470.2199874812495,126477.03492204558,47772.77570342377,156210861735.72778,7510.713388939331,0.9083496746419712,-0.32872922360472323,2900.174618093181,3374.8599858102443,4449.796932361639,329581.10277856933,96997.59579835128,506897734124.92926,10411.219854694024,0.8949279812047625,-0.47485372387511404,29702.85745449276,26879.696182413878,40059.67807934547,2693836.011462827,478184.47523077944,41082311880212.26,55777.925972541714,-0.19822483110020683,-1.9570080286511091,14030.94250440579,21829.686354769547,25950.001038719685,1363797.9575128024,351189.51964776265,17239105380084.55,69617.2037997775,1.1908959766783576,-0.2089517610709799,14148.160582753108,21803.837765739136,25991.879293156948,1407090.017360525,522658.78133096895,17294791403265.047,66098.93773596405,1.1279062427907252,-0.4698116536466084,11874.028859042377,19416.985214851546,22759.87425666352,1307206.270674005,685968.5296217449,13261104030185.844,72438.25526224669,1.3856926484164072,0.3513242405195176,25709.14349267964,23293.772061977594,34692.36048473151,2359871.470490835,379388.0407102138,30811132825665.53,49908.36661465166,-0.19092825832532787,-1.9501001726631975,2931.2687481882726,3314.935253961808,4425.057311726491,332193.48335420585,95149.56182424397,501276984628.84045,10284.913832181674,0.7862576857925607,-0.6595326172963607,27914.930395782205,26467.718223856926,38467.95350650789,2640726.1616331385,169864.0718058103,37882456242658.64,62335.30759402485,-0.004877103599290433,-1.8837357786585667,22239.1857276439,25603.59882316948,33913.502539938956,2260750.954017048,796200.2423127722,29443216755877.016,69147.02556985148,0.43415017712501747,-1.644612028715455,10658.352833353416,19486.716246024298,22211.09171502653,959868.2431622325,729125.3019024383,12629314436436.99,70181.52708538594,1.5426125713288883,0.8113290334017713,19087.165864738192,22883.59096586213,29798.970388939844,1873682.2091301223,636486.5348626836,22732253087767.387,64364.82905689951,0.5991896611498105,-1.3863273126684343,88,81,169,130,0.5429331573328878,1,14,14,Squat ,TL,original,True
1573.3394490057728,1680.4635034439607,2302.0327122360663,154449.4605024293,5491.857776781672,135663477970.04645,5131.59804006077,0.5011073812218677,-1.1771160994977967,2439.399343211126,3096.473682346509,3941.930798621841,290435.0352478339,119119.61955364721,397793751580.7595,10030.321522548975,1.1649612867991201,0.17917988102311222,28807.596158303204,27069.964438101317,39530.50178153517,2733037.710808907,309995.35704379174,40004110620158.84,55634.09961269086,-0.12305228594462025,-1.9819697110554706,13613.584185130278,20502.761553032164,24610.829032483303,1525148.2713141579,334945.20550564025,15505738385052.75,63764.654519316835,1.2106131559455466,-0.1659849793967454,14336.010687722173,21018.16139669236,25441.78277825462,1633497.0559610296,707232.2313388246,16570478359958.871,63965.96444707248,1.0109146229580337,-0.6583195865038065,17061.576669824215,23558.94281606937,29088.162284185586,1776255.901967052,1210697.1674474305,21660702337820.586,67411.7106924919,0.8220258950593119,-1.1398820417271278,24582.105418922452,23125.492558625807,33750.086117017156,2337260.574249896,265384.5196649867,29160148810395.5,49534.79678251956,-0.11625677515963721,-1.9745289092472673,2306.3224767173174,2958.616005051306,3751.3373657879997,277618.91622473404,119738.50913736617,360256820018.1057,9753.42787432674,1.2023827515336258,0.2751183350696702,29801.91529701256,28000.967187329254,40892.64382252877,2825040.7256882447,321775.7049038916,42808532961182.74,58025.86574384013,-0.12376028994935252,-1.9827160758618632,14811.812256001056,21237.785524283998,25892.72709241941,1577993.096156492,459808.8238866084,17163092896832.254,69891.5693066913,1.0089689660887284,-0.5315007495215167,11944.973093686976,19001.255716595904,22443.932387537934,1403530.0420060519,651728.889173898,12895490586019.18,69096.49103082118,1.3708881435289315,0.44289358479755103,13084.804774097242,21087.164058646274,24816.941874705295,1733066.8805797736,1081100.1608885238,15766543462720.031,69116.96901644493,1.3491977533842598,0.13944868740926664,85,169,254,209,0.6222848933781158,2,14,14,Squat ,TL,original,True
1940.9608745124667,2116.9898731577723,2872.10292981306,182925.58410741665,24776.026258932947,211173766129.6835,7051.548620063735,0.5840412925345264,-1.024538071356513,2420.802712766039,3060.0259159507327,3901.8001461409494,283440.84291265893,113931.29138765912,389735536138.89355,11233.930143520914,1.3068532571384845,0.8725943631398745,29256.328109931994,27146.993017056964,39911.05065447584,2736278.8807891533,366605.21921572223,40778034287209.89,55638.78802469093,-0.14856771869174973,-1.9754944064537208,12735.188707313064,21328.357612068867,24841.172875674976,1591968.3266352136,597904.1122134412,15797347067882.754,71555.57503097042,1.273241931911323,-0.03846104746002066,15897.636979128356,22582.50677004611,27617.104727674257,1796637.52246081,488522.78770739434,19525234522606.797,71038.37352630412,0.9526978038380766,-0.7482004858752926,16400.061677966652,23784.410387039898,28890.4863320132,2090243.8734219025,1103981.6102055565,21367301132806.188,69621.16966399817,0.9773959969447695,-0.8688331118105146,24840.428948576922,23095.254814996028,33918.10291450416,2333789.216093485,306788.3391389433,29451205256163.72,49868.23393232704,-0.1365796236970177,-1.962756338113876,2351.2082487798716,2941.3625855754885,3765.6067358333944,276775.24364290823,109103.01456942197,363002728677.21814,10656.503564954424,1.1560609695454604,0.373927261614885,29376.38020189778,27357.62417723309,40142.38800058089,2747918.9837104967,351315.44630991435,41252129648363.016,58838.16420243468,-0.12834407856168695,-1.958049383262836,16546.283842652723,23527.72720229663,28763.404810754226,1198694.201001319,1180311.1329630555,21179736481467.375,66930.77693136167,0.9332536088079553,-0.9019090015197233,13417.163674734653,19026.687756081847,23281.647880724722,1378146.403490179,395971.00282565627,13876099277876.584,63541.11161971721,0.9851282766544363,-0.5639466594718896,15831.982190731185,23278.67664722899,28152.236972110648,2010076.3110474858,984321.4907285832,20289240231267.164,68349.54506114312,0.9704693686389347,-0.8981851634238569,86,254,340,300,0.6295516603047981,3,14,14,Squat ,TL,original,True
2032.3903862187203,2166.2545898878884,2970.3989008556787,203170.27534461956,25612.973659803,225875702533.23834,7900.881213935879,0.5624413045535281,-0.8381696147348126,2619.9564388160857,3171.832678377376,4113.963330040323,303724.0197703462,103249.13706262567,433272173591.4615,9996.17867678522,0.9691040049686223,-0.3189023993269071,28900.086237228243,27156.938205774004,39657.46181025025,2739333.0172856976,316775.7006180309,40261485497125.305,55835.2008860389,-0.12303653473322872,-1.98194777849457,11473.887843602566,18709.117087848983,21947.23591832041,1484498.3746935092,716898.8974962403,12331037810032.986,69352.34102797793,1.4936681681337756,0.8097421470633708,16499.41887755323,23071.288923719512,28363.977081832203,1668408.9182517806,215069.68195913077,20595589015006.78,71327.92840743226,0.908740263717676,-0.8863719195226785,17648.598686877158,24782.400932824075,30424.33946046622,1657762.594317502,1421066.0236182057,23696395049105.453,64334.259894570336,0.8187573030965721,-1.2394160660764173,24385.49821575062,22954.410562268946,33489.662397396314,2319809.1816880945,262139.2881915912,28711871679784.47,50118.50943362905,-0.11249053576216561,-1.9699993047473237,2599.6026695198807,3147.9285206951404,4082.5712499331576,305454.39460852096,107447.05780746599,426685133075.9879,10034.323886334607,0.914437526786627,-0.5166216912693011,28782.252338010545,27492.01006210706,39802.370116664024,2757719.0038956036,267690.30036143906,40556253872740.07,60963.3212285693,-0.05177205191772999,-1.9476012248903891,16799.733612767126,23318.88478326522,28740.24072611668,1182297.9683729496,1027775.5063920146,21145636787075.477,66500.08642734622,0.8732128439868359,-1.031810473430644,13690.989528172087,20529.57053571206,24676.030082679314,1591532.138858006,673263.9780952666,15588005392417.137,71117.22074428623,1.1019908120521542,-0.2766830473969404,11566.312307307493,20178.154851723186,23258.06341057425,1631479.8996878231,1149979.5709798632,13848000348423.492,65709.30569059,1.4824771097049243,0.4876238633445009,85,340,425,380,0.5566689970522727,4,14,14,Squat ,TL,original,True
2258.499180026115,2331.1246001842983,3245.7603805214944,207572.1190261879,24700.883755060877,269694987462.73367,7995.4259885295305,0.6470883546112275,-0.6431455371834525,2437.732176657962,2739.7141857840575,3667.229469899582,255247.46730915824,67028.15838290802,344283442813.43915,11211.69133225622,1.274673292292492,1.4211977722281075,32047.68890774872,26866.563402184067,41819.452332274945,2657568.3546781177,770732.9115625687,44770984790308.266,56489.54915508186,-0.35261212235207057,-1.8718682214992042,18824.6695404406,22303.824260686582,29186.10559767067,1919385.8908506003,143580.59541251705,21806816254934.61,67294.42169544125,0.6023001228789366,-1.2932190718083092,19219.23261601151,24472.86033046536,31117.515889010574,1677797.8197535542,813860.6971241349,24788474754632.336,70630.87220510063,0.6644663556950133,-1.2822135618980999,19621.634100094347,23847.65346325217,30882.342859008422,1936573.1421648485,603997.6241965642,24415208971810.523,69686.26831696321,0.6583250822020811,-1.2891533575907026,27024.66148436351,22706.443348980796,35297.519713216614,2247211.4918145835,661693.5145981594,31895421386365.83,50259.58046814353,-0.3390715960649998,-1.8631747704715957,2281.4742032800746,2644.097668731591,3492.3311730167125,244330.0440413335,72091.48930049817,312227251763.8218,10953.277989163755,1.4081293322858017,1.8151811519071686,32866.69604544922,27544.264007595935,42882.46947954481,2726807.2220866196,775589.3574866521,47075998429800.75,56885.67954549387,-0.3545497576765644,-1.8730414471103791,18299.28824443606,21327.331205671144,28101.939552446376,1419960.121319655,653490.1481359043,20216806569199.363,64899.76475123485,0.6020218617549812,-1.238942717425238,17019.133992533876,22943.692380579792,28566.832899544486,1316714.8046203349,1089176.6323949846,20891236912908.73,68642.98873456058,0.876228808869936,-0.9450929281528206,14212.383208664087,21605.259681330423,25860.763375578048,1699536.6547190696,757157.1651021183,17120744508611.557,70223.75648649535,1.0894372864259345,-0.5366420331776265,94,425,519,470,0.5740841579665958,5,14,14,Squat ,TL,original,True
1975.154393125882,1781.430914908897,2659.8366456001804,117291.52034384741,73459.62698590862,181113113120.7071,5054.436561383079,0.20749585193110398,-1.5112745285171307,2620.1975095345238,2698.8844493379506,3761.5704512675466,252310.2223331295,74147.23118079819,362224953852.1379,9063.433070953986,0.8655537184816947,-0.3000246452258897,36175.359337366885,26188.812157021333,44659.94296215979,2450169.627521585,1217939.6463998419,51059468937814.16,56181.40789420993,-0.6562704265671416,-1.5669759985146283,14936.705039999526,20416.506105094486,25297.013242501725,1248072.1966597126,662858.8779571501,16382435302177.475,65643.53925584623,0.9668495779101274,-0.5674396351829336,20576.441762008577,23569.37137592334,31287.46110890951,1385648.7300721176,1421529.7996993426,25059973699623.035,68480.25763743534,0.47879229162322556,-1.447116340213266,20049.243584544212,23708.393785640703,31049.317290520157,1707692.4941085482,1303769.748905585,24679938667709.285,64263.617326783635,0.5572370210623872,-1.4685900748615177,30285.36597253842,21954.18125073446,37405.74108984727,2090305.215336575,979021.5356435035,35819250341905.625,48865.75929354475,-0.6477633818504858,-1.5659974919753559,2571.556554594349,2685.96730261421,3718.5109202730355,252369.38439966724,79325.37229543195,353979480683.25934,8668.471433407123,0.8499581847868162,-0.4836171450943749,36817.425955893734,26650.96332957764,45451.03629635093,2501446.7789808693,1224634.3786709318,52884395530552.56,56911.73028222471,-0.6568994352609914,-1.5670242005251644,20426.34010349561,20608.352425361398,29016.194783457944,1503772.0321368917,626291.8321163473,21553652728616.246,63942.7359422714,0.5609289111900195,-1.0619041129325915,14231.061931166672,20248.808626211317,24749.492408322865,783837.1467892771,1446871.402533289,15680956786422.562,67819.28866775939,1.113653713861927,-0.29111650304201353,15833.641908374851,20807.2475998848,26146.620599334747,1896865.338292106,660404.9179205754,17501331680398.238,63869.99192690528,0.9630211551919217,-0.7003452450834682,105,216,321,281,0.5937233567910851,1,15,15,Squat ,TL,original,True
1594.2997547808693,1778.682562206226,2388.6195522081043,167413.1904990117,20431.976181683764,146060886148.88562,5789.569208323384,0.651025952820347,-0.8235429830862664,2262.0071979323075,2880.4841969219074,3662.494474018277,270881.343937276,109073.30012501244,343394963768.6891,9463.581107926524,1.12343781011757,0.14502439303852066,28242.62939512648,27549.704829102633,39454.18040361685,2791102.4207628286,143738.34783773698,39849788193821.27,55963.28374326192,-0.04903386405986416,-1.9963012532715418,11554.876973351158,18486.120538439412,21800.271430213714,1394817.8792203888,648711.7863475891,12166446961433.398,65389.133393675664,1.337503688415369,0.29071703766442747,14779.48897144247,21915.179350349787,26433.09252083432,1439908.1454721454,582558.2514237551,17886934533503.676,68704.74869942355,0.9761237450270229,-0.6909320365545604,17522.97227752758,22794.417992905892,28751.348647921055,1708199.364666139,1034472.5519694296,21161985256302.39,66282.57573951774,0.7798145646368052,-1.1061055156816888,23693.396942158153,23143.401102181913,33120.90085180571,2343282.874668241,127814.82975610539,28083048274819.7,49078.14230279575,-0.04096193828194252,-1.9864043752288714,2298.0849502086044,2801.6962514211677,3623.630268612225,270315.37197112804,94636.16552593959,336145825884.22925,9089.38746655984,1.008454377336278,-0.15610965247268993,27969.04427691548,27417.453163024074,39166.110040578154,2755799.225707333,181901.40841213363,39269994898193.336,58206.52739876445,-0.023554090840142785,-1.9732884330401674,16671.685347603147,22627.1469052867,28105.744420009778,1522472.9190573138,322223.2236779665,20222281456714.516,80373.30913664511,0.8626826008490627,-0.8161162360253593,9680.601925673423,17631.967000956633,20114.679066944507,1018938.9943541737,576253.2501056683,10357768037534.094,63546.940475441064,1.6154714994940196,1.0673500929662092,12956.239803243341,20034.05356930124,23858.48805471082,1657424.5057272268,797960.2534524472,14572222777773.535,64585.41698054307,1.2053873467783967,-0.2020701535110092,82,321,403,361,0.5861472912008305,2,15,15,Squat ,TL,original,True
1775.7089980299806,1923.401745079317,2617.7503163324805,178498.0453080694,16208.661655623811,175426987997.66534,7700.158726391253,0.6823178631534318,-0.3309254503099397,2456.0862084706705,3007.765175269985,3883.1702013955965,291329.6212166506,112022.24307558568,386022676812.9719,9561.684225549883,0.9646282085725238,-0.3468293065334982,29340.737383700925,27566.70244044315,40259.18471180507,2785202.8469498297,309998.589184877,41492530013676.516,56507.78064502927,-0.12396609144616216,-1.982933210622509,18149.229802556318,20633.054330307234,27479.400892730697,2026023.2883650912,413924.89126010885,19331007319639.26,63918.46934217536,0.6723331829623832,-0.9796424338550134,18829.475735367596,23159.472643890735,29848.121039889942,1581326.4524528077,951864.7782114089,22807304438065.156,72501.46308623841,0.6962039281752127,-1.1435916805514996,20311.37284258275,24484.525447586562,31812.636689591163,1814568.3295382708,1109457.1525686474,25908322640484.4,62933.23372295987,0.5884000090392,-1.457649062688503,24694.155006279205,23224.116697021072,33899.275623986374,2352168.580167756,254827.9084188311,29418518728473.53,49985.75162115741,-0.11790466982284961,-1.9760542804916699,2258.012435240171,2876.67530214458,3657.0317132433865,271394.44603114104,113268.18572203482,342371352362.6972,9171.081676505266,1.0782870373760154,-0.11623801987453763,29720.68765657431,27921.41677847174,40778.97484852668,2826968.739568484,303027.06286695244,42570874616237.36,56785.25479774399,-0.12445608670004396,-1.9834733549045234,14954.075528590784,19422.16677788221,24512.13856975089,1362999.50963547,481144.1437958936,15381630393924.33,64652.59060405479,0.960233315045206,-0.5537776250679451,17299.688786061437,21443.277497435414,27551.64935038554,1693573.3661006514,740663.9184122261,19432790577320.96,67262.25709817334,0.825719401827352,-0.8059783180671882,10589.878198599265,18223.260680957657,21076.829697734556,1421491.6370762286,877359.5687352611,11372358402747.016,66212.82139055847,1.6173047103532887,1.1717108690592903,85,403,488,446,0.5726768229323453,3,15,15,Squat ,TL,original,True
1813.4553438014325,2109.7522699390047,2782.0271250429523,188906.5684138457,26731.11940965899,198135678066.5537,8586.225799885447,0.9917501992541209,0.38687295234320107,2433.3303896665775,2975.315086262127,3843.6436681635705,273976.91168730607,99284.8537502441,378204074184.036,10068.563168240755,0.9245418373703304,-0.36212795797491015,28596.815276113764,27547.638433279048,39707.05513113314,2791766.854003134,190460.95224393907,40362245815983.28,56213.87598652727,-0.07421731404675692,-1.9933754898486242,13655.880213259568,20136.231648243218,24330.040883455287,1571660.8444754651,376237.71095402027,15153942768399.508,72560.77246838332,1.2256009585483263,0.10477945334929206,15519.892745678022,20601.146520248254,25792.91198732873,1439148.4751005215,482291.4413302432,17031022304923.805,68826.35684373339,0.9563332418553441,-0.49725497610536884,14365.225390328967,21127.764361755602,25548.81851359906,1537326.9433118512,429052.0242398913,16710198462485.045,72409.89267169841,1.1514053408591922,-0.2579211653700053,24356.311150235648,23490.30575694832,33838.208543036264,2376467.695861077,178176.41050709336,29312623549491.523,50090.54952618032,-0.06713810218505839,-1.9848701160291629,2342.140727024654,2890.745180148411,3720.487989731837,264706.8798020226,97739.3207957607,354355990572.5145,9710.805959695173,0.9626612733048475,-0.2896868472881109,29003.846182698948,27939.140894843218,40271.81008263176,2832905.934507018,192251.02489541832,41518558395687.97,56689.39988263043,-0.0743517475954632,-1.9935521157533216,13299.613644651103,20527.055654328826,24458.93981620836,1175169.6905003,459342.944352849,15314937265482.31,72167.26414109815,1.1447907090756126,-0.16543058227232876,15838.454105266617,21925.529924077622,27047.837083512983,1801832.6489167747,564964.8618425105,18728588566944.258,68934.39240000516,0.8969478597438018,-0.8132299174937829,13599.628022534813,20629.748575338064,24709.034959564426,1496579.6094227023,334424.86603409686,15629732061004.207,68832.97528213666,1.1905502471112688,-0.2000876212540068,83,488,571,530,0.542514115440422,4,15,15,Squat ,TL,original,True
2468.7927766833172,1930.6287197559989,3134.0493020612184,165099.56841582002,84800.13894683133,251449984710.41046,5661.64064062694,-0.24855561255024952,-1.566868276820726,2695.8587277636166,2800.3718846045185,3887.1245120452118,252597.7695113632,124026.49102602816,386809266486.8538,9354.126222708299,1.0303759326019997,0.15813834204259614,36596.55690389291,26128.42625226836,44966.6836184313,2440727.693865685,1214783.8252851646,51763267472386.5,56283.42216617647,-0.6854385581346393,-1.5275698458945606,18541.005692591665,22504.906212941445,29158.869932595244,1802502.5577218363,436920.91753114143,21766136211097.78,65856.92855005633,0.7129871757363461,-1.167751563573201,16639.275431377606,22035.47136306551,27612.08947315879,1159428.1247055538,722540.6603077139,19518143617887.402,74979.6384953511,0.8303129406713151,-0.7787157173120742,19259.04379236899,22756.88609306399,29812.524758045496,1233773.0872543915,1628627.280514088,22752937790696.344,70535.02968903325,0.7273375437240364,-1.1225468419826374,30698.111672143405,21952.719918030012,37739.84594609335,2065873.066947462,977233.760310482,36461976884092.38,50049.186390909825,-0.6749444167874297,-1.5264503930212092,2606.182570088805,2781.452857783035,3811.6489330346394,237439.06092634494,134254.57008617587,371933890270.825,9312.605270295235,1.0969960522497602,0.2477461592577841,37078.36714394057,26470.67970862269,45557.679860780234,2474998.594582577,1227236.1198939849,53132856174011.94,56857.4006501608,-0.6858575654077643,-1.5275916645357115,17131.361495829005,20982.300714055393,27087.644599629224,795916.5120318574,725527.4904717166,18783756542869.043,67849.12400698122,0.9955066565853177,-0.4651373793581852,19805.61763255619,24001.192459258564,31117.83619202002,1875121.2738303693,583440.8300763896,24788985069398.805,71760.76492057895,0.6307219372676738,-1.3215042465960714,18866.511625965748,22122.835703919904,29075.16329301237,2095907.414869146,618790.4277223201,21641347085192.543,68024.31488763327,0.5543759726434659,-1.3908188300072895,106,571,677,612,0.6142990829630507,5,15,15,Squat ,TL,original,True
5875.752717096562,8464.49134776985,10303.983878526707,665218.2869005153,172392.64213400966,2718005344484.8203,33163.48399975068,1.3303414705965082,0.6876917461762777,6932.025612101885,9533.95687187949,11787.67630713088,796770.2217252097,294648.80181068525,3557102405675.384,36734.10344438878,1.1199932177603948,0.05256076913944785,19727.79609285126,21920.472001249596,29490.558343962985,1832315.0145583798,590986.0956648195,22264141604830.336,56869.338286366656,0.459814400807242,-1.5112744565010456,17376.60820526568,20241.790617607247,26677.2674786298,1732059.0783494683,416628.7862633195,18218920963234.793,64780.785735973244,0.6836374652178656,-0.9764621856064779,13102.669321072319,15530.938150172746,20319.694465268443,1314674.1479354566,59693.305571245655,10569983568943.639,60074.551462812786,0.9420772408224918,0.039075325657335735,15512.635925766022,19386.733598526243,24829.162551032463,1604136.4848765135,327229.3924437624,15782075212431.18,62986.087936779026,0.8255552653892011,-0.8286809075382466,19553.69090556526,20321.88110829778,28201.519104654202,1917108.8963595354,213925.62724702203,20360337403140.5,55615.846587450076,0.3172673747746907,-1.5092770321572728,9173.961540714288,11231.902780543796,14502.317415575084,1066107.9206441054,296591.03570665757,5384120586805.565,43313.941643055005,0.8124500527581703,-0.6404910769989893,12772.09528148473,16827.73667047792,21125.793223693916,1297159.4056633615,91776.14996857928,11425257966854.959,60574.95989233562,1.1594178329739946,0.129342745864915,15559.036394783292,19653.674126301805,25066.920835975372,1536028.8075420621,337191.40345783415,16085773317044.637,64056.51857451778,0.8875089851688736,-0.6741231218617374,12542.362755215561,15024.596523098846,19571.646945654124,1341716.7862835466,278685.17197863077,9806063722632.51,42848.63491289524,0.6570383123064502,-1.2224378949577068,13243.684474416877,18188.59898260967,22499.340243840492,1208906.0279214524,401532.7059168137,12959239972047.363,61558.96840618357,0.9983375305775395,-0.5626253885388186,83,220,303,289,0.691064805740163,1,16,16,Jumping Jack,WGC,original,True
3576.305932678076,8157.238138331878,8906.766987496894,535260.3019873207,436749.9931132526,2030860753140.8516,36261.44972176909,2.138047757957603,3.371532974113528,5528.640828789193,11189.667558690084,12480.966688832887,822204.8303109594,652442.551290762,3987827954886.5576,46188.1946482335,1.8925414697918206,2.566127641395954,5868.748079456789,12300.42510032064,13628.743950515973,869089.7203511382,677730.8139682368,4755012138719.378,43512.01402398338,1.9209424018025094,2.207593108085959,7273.2630470429085,15925.183461069162,17507.479076674364,1092692.3608044928,894584.1083949996,7846702684676.881,57373.20771348279,2.0325558502018843,2.6472434987240607,5485.335958703963,11751.14238584762,12968.356023502563,818824.8451823391,658546.2256018645,4305363403579.2705,51761.299688859726,2.226080809095506,4.266917634553961,6039.040696579433,12965.981764550157,14303.380567320084,871943.7572118887,617662.9441244608,5237419408731.897,57886.00286282365,2.263129841190328,4.511403115503211,8277.407544462814,16475.382616951854,18437.83360463179,1222426.5308973307,944128.6312184052,8702814925621.483,62780.86434820638,1.7504659796153783,1.7503072692509631,6064.410572711963,12084.193150345096,13520.532522399702,900376.4463373753,709476.8779565664,4679802872045.262,43425.0234314349,1.7152875779967678,1.4472640337181488,7046.380317064542,13956.105365942016,15634.076645519875,1036970.4561974104,791943.802531713,6257263425484.545,45489.11736081053,1.632569831759236,0.9441281354970403,5415.195048969107,11559.969067272208,12765.469919069561,809140.1071143495,651549.8394079657,4171704889719.548,41611.83801392173,1.917289430306008,2.0794447907677904,7145.947215301805,15007.206915344266,16621.697296119808,1070065.2689894272,869777.9454916137,7072789017698.215,54523.55616824731,1.9161206678770901,2.188539564887124,5160.3450770990485,11158.156156070454,12293.641043970392,782409.1806237762,660516.1355512921,3869020419020.6304,38252.94273269218,1.8337541561712092,1.661260029000366,35,303,338,318,0.3388623821064723,2,16,16,Jumping Jack,WGC,original,True
3102.778616602979,6346.027167585569,7063.943371473388,434626.6895535456,279633.697092937,1277421976457.7998,24285.463804950414,1.9318541000511045,2.394131796582152,5981.862836222643,10279.594214752364,11893.390610391632,852847.1269576838,583659.0215162955,3621190149410.6074,37654.547749511,1.4063972762957873,0.6407380532572189,7502.897524318241,13420.849352445799,15375.716848377042,1026712.5361235122,586901.1241431398,6052164316197.52,50824.8203373321,1.6056512818311168,1.344112403619576,8179.876184269893,15088.628588840224,17163.248150683845,1184477.5977588969,854263.5200205478,7541173429297.9795,52057.71869642076,1.5985502668948859,1.0289035950362218,8149.741734815747,15094.381450505252,17153.968687086803,1193353.3614609253,901446.1423847909,7533021227969.397,60185.68776506203,1.7361370053856324,2.010739376323084,8015.835709750519,14950.619090164259,16963.92151906202,1092975.8228269056,611327.8835797986,7367030612605.326,55855.12305801255,1.7586181582414948,1.8663290735073454,10553.138310697097,17819.721162303915,20710.171184878334,1502786.1545001604,1024940.3986278723,10980126476978.3,60084.37900058028,1.2862392117758226,0.1204014750107536,5660.0370574928265,9848.044547836524,11358.697148368943,815666.0661503006,581790.8815164459,3302912023254.137,37985.93757599641,1.4790552814118325,0.9855948645862025,7374.129579467229,14043.170868596566,15861.539493358543,1037712.7008573688,666761.4731938558,6440663938543.941,52154.83151919184,1.821928159089836,2.104265093150808,5307.702688508214,11171.324549359191,12368.11222526351,778046.0135963124,586942.408160152,3916037120427.8457,52144.657601860235,2.3862171732898276,5.408076654930584,6971.442642913249,13659.237912425233,15335.442376131969,1037408.6624616939,828077.0865699173,6020500297514.6,52038.89568771993,1.9078428418775444,2.477750623618208,6559.33678970222,12589.176974598657,14195.501964302144,959859.3175432681,715895.4015678974,5158714266073.754,46228.7650949905,1.64460246111775,1.192101318832079,44,338,382,359,0.2951341400333581,3,16,16,Jumping Jack,WGC,original,True
4783.330405431045,8153.532541654969,9453.059963596319,673888.3056027613,436475.31048856524,2287624772488.8994,24290.013898575293,1.2525842781363143,-0.1482355493308023,5621.744084657701,10930.394661396575,12291.360136586616,830646.187318001,644805.1119426537,3867584870586.1274,46783.17283978839,1.7920796020076992,2.145129965502396,8000.116249608562,15077.439240472306,17068.42213145038,1135078.433913223,754981.988660537,7458074471869.059,52782.49458028001,1.714411338711557,1.5478032467756266,8059.2566044608375,13943.216798558953,16104.810204040352,1124198.6917038653,696289.7950840109,6639741739728.951,43242.51746220181,1.3018350648759458,-0.03720818331263809,6975.004720002742,12946.218642558351,14705.620285625017,1008374.0398201965,723063.6483478752,5536134860415.641,46668.423272588974,1.622228272918326,1.251985404142026,8535.693144789711,15456.409776387367,17656.688835611647,1192056.080464375,749003.7766902492,7981021712322.893,56191.903850970855,1.5431540570519873,0.9582045095881675,10097.656304865344,16944.913306909508,19725.434084700537,1424987.4977168522,934236.4452255684,9960774395644.562,47153.48732102465,1.1544339843518652,-0.5144045876152097,6433.818803154452,11698.591174757385,13351.069615050894,926473.2989288347,658589.4541234775,4563227132567.941,44607.62543686158,1.677662120474224,1.6851851248610554,8200.24418371703,14445.937206013474,16611.113943160748,1172135.7629897494,803807.828249199,7063785124676.336,54477.705738191944,1.5085662764416932,1.0505660474094194,6514.787823723694,12596.991127682037,14181.912630496583,969981.6822341777,773867.1003874422,5148842133991.387,46571.52996590949,1.738773497875698,1.6264823937663042,7569.09303914686,14556.42706420773,16406.728446307043,1120692.6648710095,878492.2578121992,6891026900758.035,57847.4433013024,1.8129214178635333,2.1704354279766918,5940.244144826587,12397.439862272171,13747.109355744631,867475.5480357964,641119.2016141876,4837965200353.319,48341.83050761919,2.1412027547914967,3.4751860772265424,43,382,425,405,0.5268478039551833,4,16,16,Jumping Jack,WGC,original,True
8704.269027567825,11678.02478780595,14565.045906171623,780633.9110300702,204078.0762160081,5430798393571.501,46402.769034830766,1.3579271318638593,0.8958463340708582,10880.372656023606,14507.836787244583,18134.493027908815,1205824.3830220825,322256.351706528,8418811836909.4,61377.25949556319,1.3077334728813568,0.9808354628963976,19872.222943867306,21140.975584570362,29014.584150012666,1630290.4354897793,582066.8210409725,21551259990993.062,57271.39752431875,0.46717304378112084,-1.4131648356255373,14149.384392573042,17097.53915392188,22193.037732781904,1118486.1164727227,456517.2099065389,12608791649502.238,60695.74670486714,0.8678364556656909,-0.5287265415159053,15219.53625299704,16516.053864740166,22459.17004297554,1560724.9249756264,105712.06675553233,12913006566893.822,55204.87925223584,0.4937344475589658,-1.2387718180622693,16205.74273763935,18044.860788228645,24253.72339549336,1669854.559683586,50354.06441813757,15059023322754.613,59709.92488228461,0.6104433759602074,-0.9738992584891881,19299.081952272347,20489.873339290192,28147.63708840725,1637263.8989660223,626251.1811253988,20282610525713.39,60445.73749013825,0.40328212071204145,-1.4457373800430682,10197.847059698317,12858.252600387686,16411.299296167086,1105316.1498532994,246135.46029477072,6894867061462.383,48806.00014421565,0.9616635743993673,-0.22643479379791787,18199.114341239132,18916.340863171466,26249.489794226218,1545253.4091894221,407602.2502735466,17639314290103.973,54934.555038600396,0.4231025250355713,-1.3655120950523794,14854.501527687084,17416.849480249715,22891.10878602722,1310657.0260614424,545724.2952803446,13414473253215.559,57784.761136469286,0.7321850380096119,-0.859429314223648,17533.03992032687,18266.46741211874,25319.386259658266,1600692.2348684408,406314.75374202227,16411425806483.758,57632.8563015718,0.3991007468100843,-1.3201987153514296,15572.28130213389,18188.438297487537,23944.002018340627,1303451.8313028794,390049.1438986173,14676869955950.08,56975.583257787075,0.8086190677465738,-0.7590241742537844,90,425,515,446,0.7400727000130921,5,16,16,Jumping Jack,WGC,original,True
5117.765889720518,7981.472342648891,9481.319974479082,624279.4356070663,250188.24598341758,2301322968536.474,27952.317055755422,1.5341907752946269,1.0576868828184285,9211.63798258435,13872.554087023334,16652.38815364266,1181259.3246687232,575610.5647524898,7098931999221.209,61888.49838946903,1.7824512626830251,3.091454183437204,20163.21014750955,23387.41165428546,30879.217401670652,2164245.6282534013,142386.92719776114,24410267323894.777,59322.3641849593,0.43646564129205667,-1.6065949578485843,13064.100795682223,18123.792505828038,22341.499152788598,1401015.3999920043,183735.8782113604,12778050160487.771,61501.422381027434,1.0262560406490413,-0.39206637245998666,11323.067759875572,14883.130729324505,18700.787250832436,1369726.1685549368,487815.1188844116,8952817761302.963,49549.12936501053,0.8279680269113435,-0.885380587205193,10908.303638487869,15762.713013887822,19169.095174985076,1385533.6617997626,582936.2760836157,9406827771587.484,54662.44891679823,1.1176760357805664,-0.18812136365901244,18684.14264674706,21907.86584195131,28793.25914503131,2020201.1027191936,193055.24828909241,21223725368138.984,58239.74753096131,0.4821812011976043,-1.5232277317806724,7838.431010781262,10770.783866033205,13321.065490401981,971961.6740726678,403028.6450367893,4542740116469.21,40983.50643338711,1.2272406410108352,0.5897741000591781,15740.673218100037,21519.75640319932,26662.121239917313,1662602.216900175,443218.9750230159,18198238950708.477,71446.32979271562,0.9064975171246022,-0.8160178893146273,14210.140290363483,19961.297338046068,24502.683087566078,1334891.475239091,378025.27206034935,15369765849336.23,56872.297711937026,1.0281962363094204,-0.5600793167679319,12301.955879783956,16143.854855795169,20296.85118616019,1455049.1864611802,447258.72045566345,10546231502672.188,58914.82363401174,0.9235605736656916,-0.5663781552425973,11857.384172005637,16710.608183068252,20490.046004110325,1165407.1541545447,236817.40226019302,10747954822414.273,50407.24308103232,1.0490471948638576,-0.4401909211012778,72,107,179,148,0.6859962003333798,1,17,17,Jumping Jack,WGC,original,True
6075.354378163582,9278.111836076932,11090.233994962517,766513.2727383783,300276.5432964769,3148628225613.37,32493.969225220797,1.212021841758516,0.003869784723910197,8564.250100556097,13787.619241674625,16230.983461832235,1132634.4464517664,602521.6230273935,6744187497939.751,63962.48004377227,1.9371624511673953,3.9223230776907014,15639.348215380745,21188.532244962942,26335.206687963688,1903580.1652388144,611393.672250935,17754703649222.836,59401.69938763672,0.8635906837335164,-0.8835912732628852,11623.425171853172,17893.490168615728,21337.314806226623,1467378.4262838191,569562.9538475319,11655193680384.453,59963.931093333355,1.3049524704552673,0.31941890957703967,8807.708845238729,12518.717809735997,15306.666217772496,1146892.6131099707,570289.311045213,5997927185978.824,43245.74564595318,1.0857996472252993,-0.1419818267175752,11855.133785767686,18165.863569482593,21691.998439597613,1362968.1783129561,203661.28635686272,12045895585369.738,57309.88960530108,1.201671604928519,-0.09655256859152272,13579.286623941443,18612.78582441324,23039.809490545562,1656963.0094666432,559515.9726465545,13589320226832.215,58488.00853485269,0.9434626480613614,-0.5810722797210839,7856.051986319457,13884.3976703469,15952.869694198856,1062400.6977662907,638995.5924532412,6515047717890.26,67061.94097886329,1.9697028104333323,3.820294295277467,11337.062998537582,16553.862299919725,20063.88183970175,1448249.2276805919,630021.700463882,10305519474624.348,52393.554941582515,1.1675672589415458,-0.07175508860318525,10671.845406815028,17572.433350257274,20559.151204176527,1384263.6392382716,691275.3299476516,10820574674846.545,63546.112376633144,1.36856102540124,0.3516096031247806,9379.490864840127,14308.703221986569,17108.881809706567,1243996.5030529595,672537.2119873732,7493474221529.81,53331.079694883236,1.4229915108955193,1.0513036131363345,10683.998762337515,17371.352041758848,20393.91333982639,1400227.2511873303,735494.5985408816,10647339553596.13,62949.83739799422,1.4319618495947628,0.6709572744185786,63,179,242,210,0.6436361372864516,2,17,17,Jumping Jack,WGC,original,True
4627.888721871276,10718.04001948151,11674.490818927845,694474.5764159196,573633.4159569057,3489119638559.502,54097.584564078716,2.8119314773953867,7.87338340581633,5221.909847813567,9462.370636448275,10807.626960633443,754529.059550886,542509.4466122728,2990202893317.3984,32512.61471180273,1.3792088517256098,0.1962529965153288,10131.95797156287,17234.40599621949,19992.03147206513,1395032.52087669,818675.6845197625,10231841852929.09,60495.34972673625,1.3666908557020343,0.4072365660132311,8660.200930949586,15158.155423994676,17457.627445400456,1180598.0895495438,659907.6040595231,7802080154173.422,50351.9725821545,1.4719328563265472,0.6653640734663444,7004.311024747486,13297.260199826098,15029.22159505536,1010170.4949691215,738536.7203035423,5782464044883.926,49481.63663462222,1.825653195104404,2.1204469851523413,8489.106302647195,15788.44956511799,17925.960657323747,1217357.5114325786,844696.3104838224,8226305676490.721,55762.535813548275,1.6209818005638943,1.1414487679546204,8651.174735824985,15200.727427854828,17490.138325516888,1203658.941606871,748578.3055084497,7831166429330.294,49241.492562517335,1.4080437496666887,0.30930981221496,6594.555940828573,12029.595607977575,13718.576403847112,951015.151707472,684921.2529587143,4817903066833.684,50263.450500785686,1.8450734573339183,2.749450052563791,7741.060190645852,14530.335520853014,16463.73782662263,1103640.928143007,760653.3081321022,6938999378528.378,51841.70200070954,1.7257656229024352,1.6313965464539342,6486.236426333782,12547.473780648108,14124.813671491422,928153.4078841815,639828.4599116617,5107465248111.385,46105.59239347955,1.7962780015994653,1.7567327300651465,7627.735156559305,12819.936734823887,14917.544084181474,1067240.0213817896,672682.2013979336,5696847910489.541,44300.59530020435,1.315575915814826,0.26339880089488465,7314.766357034352,13261.820681200299,15145.352245435348,1009889.1922860815,605768.8977262644,5872171382740.826,45651.25381181497,1.6345800839993176,1.303548850414054,45,242,287,274,0.4458438579511313,3,17,17,Jumping Jack,WGC,original,True
3915.749590116655,8905.483026397058,9728.346354131563,583759.8328709627,469026.66947571846,2422802503320.1885,45217.2834252619,2.3384478451775275,5.058394014271689,6034.675255586025,12350.319019759963,13745.824287041753,886573.9911686932,672642.4597389475,4837060744453.809,46887.773264495314,1.9855692911231342,2.845460052485887,6791.046282393358,13970.09018859548,15533.245941756679,1007650.4783270885,792991.6731637995,6176812274869.769,48225.57346045502,1.854598856812114,1.8921026498235731,5694.033965069599,12585.162696783984,13813.339310242447,837602.042816193,641978.9465756249,4884693578237.166,60224.40097053316,2.5914547439806928,6.674795077699061,5321.107014932374,10738.297878118201,11984.37404220848,784986.7285547657,606557.384966037,3676805662299.146,35766.375727157385,1.7693250327375278,1.567138371919417,5578.3650249089915,13311.121575619418,14432.744505188492,798376.1440521863,545915.9319559723,5332585317172.443,57061.4005181443,2.2748670055005222,3.8863204081465144,7292.533485336059,13820.226517058063,15626.250529718976,1065657.416068788,792115.9898004759,6251000463809.09,42018.12086583474,1.446638592385742,0.24875061625554995,6526.058310507493,13826.960085817343,15289.67829246024,969967.0546788264,768591.8251706548,5984621114545.403,62510.032898914076,2.27812152443836,4.7103907637031375,7230.505726533168,13895.421827143697,15664.06590945309,1067599.379349661,824372.9759317733,6281291796881.674,43755.04965722327,1.540130969456197,0.6611890514199308,7322.619211608078,15533.471762009365,17172.929193918957,1093628.582990122,879256.3580492622,7549683125743.463,55821.4477270794,1.8953969029960769,1.9756796696707388,5429.543744138611,11437.212760042199,12660.560058227553,818870.6595865099,682175.3911169035,4103418393292.463,46241.35959780273,2.1108311292336754,3.539231866523945,4040.326958454033,9581.075285663563,10398.136638877348,600184.9167496731,474675.6615803214,2767903886355.546,42405.07282822962,2.474006645262576,5.216741319086699,36,287,323,300,0.4091342704609088,4,17,17,Jumping Jack,WGC,original,True
5285.687091375302,9692.827993417644,11040.353370155877,747055.3437258232,524809.3502463629,3120368704970.553,41208.04757795016,1.9421408667151585,2.942311513885457,6260.512877227263,11795.896198913224,13354.29476316379,882495.2361212024,635681.2479050881,4565432028709.475,54561.91260713266,2.119377874031116,3.7465354655186074,18057.04992727065,23954.530669564923,29997.94312407222,2143204.9854010902,749661.0273764045,23036840746881.832,62304.934177547664,0.7407948212521349,-1.2755694440875989,11690.721182032128,18273.768924735396,21693.39974440705,1437177.3663148468,544643.8021224716,12047451967248.379,59247.18165472117,1.3509794414693774,0.3523148277441335,11542.790860891928,16713.021390272577,20311.600253303503,1453447.2006652243,568381.7221175103,10561564284159.97,60893.7221966081,1.1022787032631556,-0.09665180079869051,11428.261353097598,17135.023935219,20596.46092937406,1378953.896696611,389854.7823294885,10859883592069.941,68879.29501044773,1.2103402986127347,0.23403488028913522,16190.243012246772,21253.232638613972,26717.482411085286,1901677.5176181404,538210.1087009035,18273890979498.285,51740.54208651924,0.6901110326377863,-1.3762801215515104,6541.922156709164,13396.229416151464,14908.242957324117,928272.8591690068,688925.4924775945,5689746126709.865,69157.52838527224,2.667851613641907,7.0632833785532245,13107.06322500248,19450.188650356813,23454.31612558084,1609826.7893616527,666364.3053037701,14082686589918.242,61189.98642314534,1.2983769024362344,0.31807003796556943,9480.687131300176,15770.235966928516,18400.645937961162,1150581.027370397,388886.37789571274,8667744535915.688,58617.212802470516,1.631896426776543,1.502421053346259,13933.153734255862,19860.536133399666,24260.537267102758,1837896.2649299155,917918.0619664292,15067485913305.135,61441.62607394193,0.9146247473479441,-0.831144448283172,9749.309871591755,16664.914774813227,19307.211798291966,1264808.5107717854,594767.8878212634,9542871742057.078,73584.76302079427,1.5621573641424689,1.3204258185887356,65,323,388,347,0.9040555897824814,5,17,17,Jumping Jack,WGC,original,True
5930.336766309889,9159.623111244306,10911.809643770717,738312.9428760286,264793.77807886165,3048130296368.323,33091.62307663592,1.2073193962243791,-0.02911248816790213,9820.866336670759,15003.767953006396,17932.16295906366,1301319.775239624,688792.0580890412,8231999190794.616,61048.67111653775,1.5465839846220946,1.7807302363146613,15272.760818857616,20253.051511720965,25366.184548852732,1907483.6307217854,720698.802300258,16472148955301.254,57584.75074638008,0.7145473146526797,-1.2270868183838648,11176.37179080589,15744.400173596572,19307.962689850774,1381916.7308057274,480470.0671280766,9543614034756.34,48164.08716427391,1.0065117844756608,-0.48401710786029506,9550.03520228038,13542.653025709256,16571.258954573925,1201561.9871876084,495061.61959495925,7029929557492.39,39012.83927990183,0.9944859960198965,-0.6006398032023204,11504.23132761606,16896.357990985678,20440.99439359173,1451916.535625397,571206.6982384234,10696556846050.516,48722.56459947661,1.0149900115121142,-0.6806113847278774,12411.567958255175,17781.85688560224,21685.051382978698,1499596.7104031246,438081.24402306305,12038181209150.113,59505.356023968954,0.9734487748485335,-0.6314028219276295,9398.086510964824,13677.448154532567,16595.07812839413,1218013.4818997658,589835.1453001342,7050153423040.133,50206.44094681293,1.2169095399462106,0.41190177025822106,9097.14849775174,16288.665003423954,18656.86786102949,1138078.0709947469,446980.79158861283,8910815190628.223,60363.02692926307,1.689168623281022,1.5069803324738347,9683.591406665664,16980.69824261056,19547.789014050835,1175375.7291601975,375685.7047807889,9782171016648.871,63287.3785240615,1.6105998456783523,1.1545361275181438,8455.126318596765,13401.211291921085,15845.55537537706,1117608.199359431,584860.5742893385,6427689603946.008,48063.90356089343,1.4524559151608807,0.9006641733202847,8418.413498857622,15155.146575111492,17336.324684051746,1071539.2489778087,441110.5906720168,7694032730902.0625,53111.00633383975,1.4928394919946943,0.6150917704043573,61,97,158,133,0.5206610812769333,1,18,18,Jumping Jack,WGC,original,True
5504.480043529593,11186.701548439407,12467.621749294136,807359.6727606116,613999.5886834288,3979304757336.8877,53856.076789926,2.3478423036033904,5.356128242291387,6602.875616123623,11108.759191012734,12922.944601208728,934557.6657847652,621238.9100092914,4275263927447.291,35796.539391200124,1.327537636365792,0.18887240011463247,11143.429384766941,18603.749945868603,21685.837094788232,1546691.8267494647,952347.4156298357,12039053580843.348,59180.4360066718,1.2921282812377264,0.047165151022496854,9333.875316361175,17027.694807333588,19418.12603916948,1323029.4543549763,885110.5601790164,9652828643150.64,58251.662047142214,1.5880034510056757,1.0044821753113915,6588.489863570224,11505.16942604419,13258.096477411438,906634.3404624102,539726.4573847459,4499894328431.349,44521.72352074173,1.5479663640511252,1.1716172306221866,7426.586682633242,13616.839144833097,15510.399674119437,984466.5766637037,484730.26194167807,6158655950103.663,49362.259341823425,1.7847498583421215,1.9956670649804913,10452.518303261255,17724.430138345604,20576.94249904746,1420419.008072383,788470.6132610112,10839310402793.102,60717.81837503201,1.3677383999971917,0.36973657432219875,6844.255055580556,11853.368814301113,13687.446055188168,974834.0688491736,666981.2722910283,4796062195550.365,42970.75917051274,1.5266678573987342,1.030480028687398,9256.139392926263,16907.48942678482,19275.355124565718,1342828.2386351747,975321.3031498671,9511406468559.918,57177.35291683182,1.5783824470839598,0.9417957281607205,6565.440048387584,12555.596775804946,14168.557210442252,941710.9858833695,655913.5503350244,5139149143694.724,55457.80824392684,2.089006021142523,3.8577539141968904,8149.366147498719,14634.087875078856,16750.184970367583,1172916.5120752288,832321.2332112853,7182558631463.121,52117.2001636592,1.5630073917110765,0.9841037512529205,7833.5286929602225,14863.35845614109,16801.297461183523,1119725.0047802606,768965.9992361421,7226460067306.801,52880.20740792208,1.6178711028883068,1.0259833449385356,47,158,205,183,0.3538540028399025,2,18,18,Jumping Jack,WGC,original,True
5692.27922425476,11556.884368596187,12882.686795695425,842862.0029484126,661263.225584307,4248668648345.221,55692.55669373578,2.190548709906073,4.442171740684347,8152.20207239039,15193.766157861322,17242.6485404319,1185170.271239577,878601.2341192332,7611108574434.772,62659.03764164278,2.000642306047376,3.3684477873735457,11554.945579397037,20057.209355655432,23147.53581873066,1559297.8077545555,836008.0865633887,13716695410673.127,61924.64741418406,1.3579789095036319,0.13255033459083743,8527.022823015566,14585.674946204048,16895.32573999545,1173845.755540023,697483.6678707422,7307572015630.15,53987.10231013244,1.4963101716625071,1.04490501287086,7733.88141853233,13630.30203874641,15671.568379181906,1050981.8412857756,587895.529594505,6287310219862.381,55077.3479154493,1.6096865550948802,1.5148935998358546,9135.20319614017,14848.43989631658,17433.53391568375,1248291.6959260453,719296.6591723945,7780559482605.967,46920.90330201629,1.195649420790088,-0.19902183318874123,10131.500175696907,17775.32329103779,20459.946576446793,1376595.7491389837,765540.6860795016,10716400996123.055,64153.046002813055,1.4214581231267893,0.5202272053029953,7231.658647925049,14637.723546784606,16326.660326968333,1071837.5506749193,842299.070474256,6823931838264.361,69184.40307941978,2.128375882426678,4.010438979071016,8943.815318399156,16288.160846820758,18582.14240128237,1274933.3657539662,865678.937186926,8839578015271.324,56579.573402048096,1.622411652345959,1.188808796962138,7042.662638039093,14440.276927506071,16066.135029194045,1010783.8297286761,698639.0773795983,6607889786273.178,55038.00620908821,2.081897640680949,3.0792092842850938,6576.975493774307,12354.055176372785,13995.688119795004,944831.2796268247,664975.5949220376,5014509720232.217,53469.76955756899,1.8949785230595675,2.84706337250452,6111.73819356433,11275.146295301116,12825.064043782217,866078.5847485745,571891.1307782338,4210746053814.1562,43016.812615952535,1.7022523476198712,1.6245987741335162,47,205,252,227,0.5604376316374265,3,18,18,Jumping Jack,WGC,original,True
5296.543571853433,10613.358878113242,11861.566527409735,779239.461122003,598173.1727011247,3601837068394.677,49711.87994217374,2.1440950898907456,4.225239626799928,7025.313195876692,13082.385953507344,14849.371964385746,1015196.7575426027,732122.3800916094,5644898502059.146,53613.58042079439,1.7954628838314024,2.267677246209412,11937.238594133358,19687.639090652825,23023.917959744995,1638909.2078561827,951826.7892425406,13570580434356.943,59942.85571097199,1.2214655893681299,-0.15961980122589337,9521.922387813675,17630.755070071264,20037.72767307688,1274456.732734459,649284.716016008,10278669575690.006,60209.11006391251,1.6561869601887365,1.2836964551383678,6785.932583489166,13769.226868316244,15350.585968581845,960257.1084051426,650531.0769528669,6032396533217.84,60982.035746033456,2.0908359240811794,3.439693144384174,8335.115869410789,14502.262242964223,16726.917430304045,1141541.2059495691,667469.9566863027,7162618028037.3545,50637.912992626625,1.4880959204732016,0.7846823191172891,9369.380406507204,16302.934276887889,18803.482529530724,1278468.2982057645,721738.0695659466,9051416454102.2,51565.30915729753,1.3094780320294186,-0.028584340821167675,7002.420055571454,14426.319973412803,16035.978130752068,1047326.3462160899,850130.1083876968,6583106422014.939,67578.1109092004,2.2934943515199913,4.913824289950355,8737.638615471584,15639.278816525293,17914.613321966986,1238280.5760086104,818219.41933078,8215894284175.281,53961.58896622453,1.582211907072894,1.1398384898851779,7180.202657297037,13277.545504157482,15094.65219257562,1011064.9079696588,648327.268591871,5832922235259.598,51888.64202258342,1.7101596584090035,1.7281431588539347,9047.535440342614,15130.640878081476,17629.355941886413,1279312.717526871,843828.807502922,7956331287698.58,47713.06761645843,1.2384028286429594,-0.1512724589213672,7300.358928473273,12428.720105306278,14414.170941839973,1016868.9636221505,625076.9820087432,5318869092878.948,37559.45114838739,1.3253684349403303,0.09470106622708352,46,252,298,277,0.5286935812937235,4,18,18,Jumping Jack,WGC,original,True
4533.569849726854,10349.40269421947,11298.8225806705,654236.8804119179,472117.12008331844,3268182827762.421,55234.13860158644,2.7581288723408837,7.5434683200443455,6592.770568990796,12577.188006895838,14200.362035390355,934631.2186103094,654629.9381133587,5162247217565.588,56765.65007917911,1.9056839376821524,2.5605454973886257,16347.763405057898,22740.69955350043,28006.9417204079,2025315.9302059927,677365.8063161244,20080352883976.32,58819.098723677715,0.8014352277063087,-1.1702299165215646,10769.038885409074,18263.88082716911,21202.394708723074,1346909.5221861473,494810.77805325313,11508263459442.898,61112.37814494035,1.4557353951207033,0.6386953739102217,9888.496359936134,16614.81197159625,19334.79601940419,1236474.450491539,486444.4462951456,9570159030066.385,60489.18910398737,1.6588625794840648,1.6559889965643029,11513.141122188525,17215.287173952434,20710.348403179498,1493141.382857901,701399.4824791764,10980314393115.637,55480.805723948724,1.17217823951195,-0.04975578842800532,13944.029414718407,19778.063610540165,24199.333802836496,1729434.2001883928,604094.8706223877,14991558566428.293,52201.834212364935,0.8792043207362941,-1.0009170662850602,6390.560560661426,11505.407070396108,13161.065919407973,919786.3140966712,674539.2583067345,4434269597056.053,46319.40520010146,1.9306150317618072,2.6557870698350685,13132.844093072246,19883.266093531594,23828.887185916294,1710395.1039973842,828322.2119703785,14536086131689.62,64535.278535534526,1.1211987547186621,-0.33412354390569066,7665.461893867898,13533.5019524808,15553.616336535448,1042029.4693903684,590138.552901466,6193023517290.045,55742.110191446896,1.667926109041248,1.6734496954571005,12028.32630059856,18572.982807722972,22127.72749221312,1569360.2304525494,749751.1797186942,12534689893622.89,58765.23481195996,1.2481468322367926,0.11740167480814412,9919.667446406169,15195.459852943864,18146.67469234292,1249542.1384004098,473398.8606560999,8430126141176.807,52390.81539372005,1.303830218327919,0.38004202845267,58,298,356,320,0.8036352434952717,5,18,18,Jumping Jack,WGC,original,True
4029.4066576062846,7467.264290489543,8485.054743275505,556755.5388925297,366064.71578707953,1843101542307.3826,27050.489724951145,1.8399600738078872,1.9584336550344217,5052.22325442509,8611.944447988295,9984.515360686772,686264.5030721055,435834.85857956734,2552078002887.4263,29667.894527083095,1.630497859027207,1.2385831558581168,17426.683075751458,22952.63711652062,28818.619564881352,2193707.5392364296,900281.1427014655,21261128540809.266,55746.297531290424,0.6915168209169343,-1.3252223280205018,16635.17318424017,22263.021674936936,27791.565644424838,2063452.6365547117,776450.7912545911,19772700696790.402,61345.02157529688,0.7704706576777235,-1.1235323989861687,10754.922189626222,17544.22940826134,20578.346309521974,1310988.4820809164,465561.2969114509,10840789422966.184,63548.101772532274,1.5670754807482454,1.3424108548052072,11323.859436897721,17909.957152362433,21189.53415594774,1378979.595484993,413684.61333093175,11494306758299.541,57477.138411568754,1.207150098249946,-0.18702963057981847,15890.795013768697,20658.991183355523,26063.60072751993,1983371.5339314234,776459.9846467176,17390368841819.584,54212.69542292002,0.6458508192251491,-1.38673144692046,5167.649780910544,8484.319679707809,9934.19773739289,694381.2483973419,428352.7742507585,2526420087951.924,28018.252697130516,1.462658865502723,0.5885687641754243,9634.996054622998,16920.92384377966,19471.795312697588,1166812.9466186122,466670.85766667116,9706260805109.547,62758.62166057871,1.3819967889902025,0.3421932286510687,11125.711129186428,17842.709120071304,21027.213721118125,1369093.3147104436,500900.9895153205,11318879151963.61,66385.19984819692,1.3449410068915335,0.469299699753845,12957.988434682436,20045.170495427716,23868.772998713812,1571980.4893144812,648517.840895694,14584789106281.715,62178.034633416195,1.1538964546748838,-0.2710525389508529,7249.111291777534,14426.872271841807,16145.719496777294,946245.796091883,481522.91763896943,6673517006556.529,56889.30855231088,1.8672979866867156,2.118315081846945,62,82,144,119,0.7165361169620452,1,19,19,Jumping Jack,WGC,original,True
5531.469947752984,10379.021055242987,11761.004967606794,743065.6674954356,426036.5239500872,3541023688910.635,46129.06465565992,2.083012105745282,3.9731611485628058,7804.414475133404,13246.66622916184,15374.753704904953,1020827.8274346397,480167.0930895692,6051406118054.106,48838.78786589249,1.5121099920900893,1.027333950806491,12788.451793455857,19331.54256201022,23178.719487934555,1739168.4733007345,980768.855606092,13753677749769.143,55775.14486695073,0.9744984805823155,-0.8109327772202057,8891.894421391766,14530.85904338553,17035.599518065606,1249832.144166827,809849.0815185664,7429418264061.877,41067.20415609357,1.1149887984161604,-0.6257210592945608,9028.194336680042,15142.13579604774,17629.309953790358,1145394.6888056097,447689.8742494368,7956289777838.384,51833.25810500861,1.421316548364555,0.5608488518903254,8151.476687875021,14820.970241374778,16914.719361806947,1122813.910833807,687061.7101675135,7324357915870.382,57427.070896951576,1.7198377401055955,1.8291570269221813,10287.586256130831,16839.27225788947,19733.107235117786,1432191.0739010111,900329.5204625721,9968525341508.043,58424.521074399054,1.3005236750870102,0.2258313777383183,7070.845780433398,12602.262749350259,14450.393989588449,889633.2297897674,322517.3720244202,5345635493230.947,65237.390226015836,1.6643578502916367,2.1760787873551477,10117.394136062105,17187.29212642081,19944.03857656093,1307516.7181556516,552299.1522098297,10182775673429.773,58081.53204592624,1.4908272978956012,0.8668995148704055,9854.835227229236,17171.237820117978,19798.21167759574,1310360.47150867,665926.5116393404,10034411152150.74,65513.458141874165,1.5164755282550662,0.9343453299475044,9037.36945032764,15726.166575951618,18137.981192963376,1137412.0370837457,410307.0179423565,8422050860961.105,52360.22109369899,1.421153006839066,0.4125701134237776,8656.706288901343,15536.791747534575,17785.681363910757,1186688.8517361854,685630.7384256172,8098059816411.199,57254.365654657966,1.507668773680437,0.8305504259260705,51,144,195,170,0.4868737801020984,2,19,19,Jumping Jack,WGC,original,True
5125.208231175392,10613.487435264191,11786.17304095858,697078.110688184,409265.81228816265,3556195198756.3223,51582.88863315778,2.3329475998160403,5.145876217642408,8240.574563190046,13977.003790831945,16225.403048936114,1139530.9505239113,699060.267217461,6739550824970.889,55810.135435758224,1.5890088579387098,1.6648268731839337,12760.229794972076,20227.03461050837,23915.60983030114,1754714.6605066396,1033054.3515571456,14642083675013.035,57528.81235091133,1.083955817005475,-0.5937094998025767,9293.66894464831,16000.110237530687,18503.399959625116,1317989.1886964266,900612.169646109,8764820737685.88,56425.50082843572,1.4390463885097093,0.6404583772977523,6785.963293894849,13449.443477756808,15064.42258061899,880300.3377609018,393290.81826816156,5809582788799.061,61343.703951989366,2.0630838309554744,3.422794741431442,10010.699544264367,17238.882266140183,19934.72265047541,1378850.4558590797,834225.2512135286,10173265079075.262,55154.514355386455,1.3943251888658421,0.31252242527685414,10439.718577502787,18257.33107645364,21031.354260073138,1498019.1040196186,1050781.9501176008,11323337267525.031,65366.25970859781,1.3846712635854586,0.37293811645823105,8306.409965625233,14339.390806483285,16571.498882662832,1105774.4817798145,562882.7520686643,7030133125583.246,63904.66140763039,1.7528698768744146,2.6868236970422563,10102.459011472269,18255.106524906118,20864.050237529318,1371341.4238317488,755426.0538328747,11143899963242.166,60897.76722343271,1.6063289175852549,1.0812332892405463,7881.223925877528,14909.162642702728,16864.068941877194,1083131.3526501933,642166.8271605578,7280558624675.508,59664.88304833301,1.9742820413310063,2.9174602690197684,6803.183817244321,13112.881680944402,14772.642824818528,864209.3030391952,320961.6088469972,5586712986359.354,53432.92819872646,1.9411527874053034,2.76140402469725,7461.671776759382,15211.103242468998,16942.674156022076,1043605.0783622967,660582.994559365,7348587713462.742,59937.473528713934,2.0864683210087,3.161654515602647,48,195,243,221,0.4037907545389397,3,19,19,Jumping Jack,WGC,original,True
4394.310534759087,8251.586201690823,9348.72397281196,613513.693725955,383615.17510359973,2237405181947.624,31459.333130820603,1.639479320031535,1.244875981967633,7918.5702519312235,14155.794944451243,16220.058117778788,1075630.7489706993,603461.3357557487,6735111304809.51,56874.05970200017,1.666396925159432,1.5887705685925324,11072.132122762252,18596.593852927468,21643.137773313818,1529862.5246715015,912160.4538700288,11991690564470.871,55432.23960886801,1.2566314062153023,-0.15490626448266154,9787.784588637707,16730.040914179535,19382.853147658498,1367896.5489666986,866286.5417763258,9617791901278.59,56330.535712843994,1.4075985236248116,0.5172607477177453,7506.158026014828,13032.787224618538,15039.812204734706,1021340.1184401324,572828.162475767,5790616349534.387,56527.53097583937,1.5268697938427558,1.2101248608275377,9377.842096848168,16464.107357014975,18947.579092241107,1325716.617448065,883938.1269154572,9190675288492.344,56200.18938877118,1.5464780107923177,1.0209252049672655,10189.497045586733,17094.207955190333,19900.69837109525,1434114.1090579429,933753.5351631874,10138567568827.219,57011.538161469114,1.3076466568249636,0.15302001161412848,6277.378116726015,11235.481015498859,12870.17908461207,836887.1985332626,422871.87209420104,4240422647551.6396,56452.89482428418,1.8251125554823995,3.0766036218980606,9078.926793709563,16461.425792347127,18799.08111697188,1271400.940451595,797337.5770829419,9047179541567.709,61023.60731401055,1.5309075257761233,0.8628660821183876,7404.005005925957,13946.191161523328,15789.728878024729,1013335.3627492774,577261.1247526217,6382477773863.117,53919.595692881536,1.8340438793806446,2.2786010975429516,8445.060124977033,15057.726793119715,17264.245616032935,1118811.8103541122,542976.1790110532,7630186923282.238,53955.40147732784,1.5857651384560059,1.1551793394932783,7779.982852719358,14785.743378938592,16707.673101196156,1098346.1963824867,715335.9812503195,7146146315684.702,60252.77901469101,1.9435523354402036,2.8197393638394956,46,243,289,265,0.4541835945187666,4,19,19,Jumping Jack,WGC,original,True
8394.451199569263,13602.20493109979,15983.954139373187,980367.6232195722,200588.57895321914,6540461822197.381,51299.2773382579,1.631483096273388,1.7218014618413013,11902.140389361011,18958.347476910254,22384.81371160654,1472529.6472291998,506160.34123782685,12827645053525.201,64862.91993024475,1.5840744061561038,1.3378215834013716,14100.420166782676,20027.368494600836,24493.210032544568,1842585.8843699344,890864.6771146286,15357883845077.555,61196.19957144761,0.999846455870222,-0.5811095622249716,12856.864589782597,18269.890934251784,22340.274882585065,1628945.9782709535,664580.7435128166,12776649774834.205,57048.234913115,0.9933349415741952,-0.5784286982283828,9594.08677133556,14604.020448960522,17473.520373684667,1135727.538492041,285579.1403294695,7816292204789.071,57814.916222176595,1.3964145517825068,1.042265844788206,11952.818831529214,17263.990576156884,20997.982013350545,1562042.8682229868,778445.2762376586,11287430365004.621,53606.01453622846,1.0721067183656032,-0.3561097446302339,12672.39706630242,18220.983314615412,22194.4560725764,1654047.8161881987,806495.4374481114,12610403337152.6,58352.21113607923,0.9869428732830186,-0.6547904702563625,10415.230276973909,16547.06418064294,19552.04221355689,1309131.7784892845,535559.2608588422,9786428280850.191,64646.08593246495,1.763046368293947,2.5040099472388464,11777.269088389206,18366.52557762353,21818.1880314069,1462892.8067634255,485413.6041350766,12186453221729.977,64445.25692927136,1.2070183181824419,-0.05183653054937887,9708.839362151262,13872.163283722899,16932.172805943344,1208981.407758809,450446.53959810245,7339480983816.379,45803.31551642642,1.0558136052671065,-0.330622316907601,11765.513872684049,17278.287929486247,20903.74489086946,1374633.1124562263,274000.0404622571,11186343691841.307,58205.654917625194,1.1405940853653218,-0.10738396087839464,8766.119732241434,13433.144901897245,16040.393920205344,1118265.0631064302,488857.7432937988,6586732470153.232,57192.969884929174,1.5686537690890217,1.9827910499524544,61,289,350,313,0.5903802618229699,5,19,19,Jumping Jack,WGC,original,True
6344.588863501227,10138.754887828032,11960.274182572932,799628.9144461548,309077.43930297525,3662032858171.4077,37592.89760488179,1.3178211896568415,0.31599601758526186,9827.959980427335,15175.886715992738,18080.27474883958,1266734.6515798462,582841.3989476109,8368546175834.271,61678.67775716461,1.6098118588781345,1.9734190467096369,14509.691367516916,20452.50402089981,25076.603922890314,1799357.902118581,641522.192393855,16098203246221.254,59213.98535897783,0.9310742600474342,-0.7834233194045623,12993.565301399942,18521.718472987603,22624.915346457205,1601930.752024544,533916.1454330318,13104301937519.477,57602.939048365566,0.9950976444135742,-0.5534754925360565,10510.01602943287,15645.988753929782,18848.2731576936,1327762.9619226784,546798.6672289198,9094589466292.045,53062.07136671698,1.1996340591299213,0.10329336316154913,10222.211149765808,16414.9297266491,19337.619261978056,1261684.2223699251,420748.84097175207,9572954079263.352,54527.309722585014,1.405725459193314,0.5622519544006259,12080.782736948695,17379.83202169918,21166.101970836244,1465370.6630765027,440638.77314041095,11468899139579.848,57091.59449203928,0.9856874648708925,-0.5958289775228209,10100.538354272885,15398.955716984883,18415.990666260637,1299523.642456811,584123.617227733,8682207032826.853,60873.89158568891,1.4823009616332354,1.3278053547928508,12794.673606060582,20066.00974125013,23798.07596469867,1683302.662809238,889582.0148581626,14498519542312.152,59613.725628896544,1.243679545865631,-0.10358113716205919,10363.266953687751,17904.422455954726,20687.330553618864,1264419.7543877359,375825.93338303454,10955920523128.129,57934.48289946672,1.5613037652881865,0.9454636506174676,9657.842310532822,16099.161967603206,18773.836426107464,1269021.2480336374,629094.7795264504,9022897514348.531,60764.89432733105,1.4364725539386316,0.6935211967376769,9546.812823853994,16534.878824165364,19093.031525232844,1209643.2545500998,491583.66866223415,9332322632282.5,56525.83473173594,1.5490061728032622,0.9499014928174598,60,101,161,138,0.5188012089749264,1,20,20,Jumping Jack,WGC,original,True
4876.328075171373,10441.595999425192,11524.12697395845,717533.1225293776,551817.7029147509,3399820864305.068,45287.7891758559,2.1645564693694332,3.659255103711705,8520.162907321926,15343.902336799001,17550.741149265756,1197683.8006423826,784732.2813198604,7885529981146.377,63391.72467455208,1.8268724243794676,2.613159512705498,13680.411766551872,21820.714662838767,25754.557936401037,1914356.434805422,1215779.8219750188,16980409715185.607,58125.613073629596,1.0220976667300432,-0.843621725061972,8085.923972771559,15306.612815318163,17311.11095139489,1124236.7892915397,687319.7354054868,7671668796710.506,56492.31236295261,1.6146064890388427,1.0732000867818963,7977.745483500582,14211.433617128698,16297.523384047328,1112805.5541414905,701783.4513404416,6799597272411.38,56126.09701263092,1.648622150862372,1.5634282699579662,9239.365915344242,16918.815189423338,19277.245392728877,1274242.4941590505,780266.2924921842,9513272062246.062,56266.905855357916,1.5559064134989926,0.8653516005562647,8218.263787026453,14549.957320639844,16710.509199470594,1141412.8475032977,701456.8200565813,7148572613263.139,51091.54816397228,1.4864041854275885,0.7077231610923915,7456.646956508535,12996.825039892305,14983.959588559346,1061775.0698959813,728069.8158294746,5747687550760.4375,44502.49490612707,1.4978043108591983,0.8176803677397744,10582.953728230088,18333.44291107592,21168.70422551978,1509526.5059404077,1026768.1860118959,11471719387841.0,54312.526143670344,1.2874629660433337,-0.13685047710762444,6478.94034357279,12132.071900618957,13753.68447280085,950363.3092015554,719902.1297054923,4842594216380.496,45669.67116375961,1.7069313966813788,1.5539488516985163,7151.721462061027,13592.890716107771,15359.485599815938,1031179.0111183835,732463.212723381,6039393226008.4,54947.62042591948,1.760876080860968,1.8283653811623406,6266.1560708112065,13175.212741906538,14589.412006597815,918024.6945689747,698249.6091419331,5448984133075.469,53053.09911104123,2.108583951485445,3.2320772882286626,46,161,207,184,0.46896114652301324,2,20,20,Jumping Jack,WGC,original,True
5034.019239465875,10241.541512205158,11411.858842867541,737182.9204021825,553572.9830921472,3333901369588.0723,45276.753169304866,1.9666064326419854,2.779894001956041,7537.871358222132,13857.632440306535,15775.090537418211,1076454.7036066707,745480.3722892045,6370649125471.785,54769.96963732846,1.8159224051524616,2.3635318411413566,11368.155559953573,18668.146776400812,21857.142194270218,1606581.9337167132,1059825.4309908224,12230007421454.016,51010.811331305675,1.082982077411798,-0.7165425355724708,8622.804476911278,15417.41052356086,17664.91733065984,1212664.5641003447,775587.2324688332,7988462190055.586,54998.493701983076,1.5627684416002838,1.0738801760537156,7014.214280462763,13206.37779974146,14953.515190808877,999071.1607052019,679675.5053089488,5724354983980.848,47672.18214451158,1.7595367713472803,1.7962450946951432,9516.726527591203,17687.7680529497,20085.448028259325,1354996.5773014545,929667.2357917698,10327685695895.201,59723.302469078924,1.5174884114210145,0.6500458003532157,8515.937747024664,15766.622396276534,17919.474810885735,1186383.1427358417,739811.8218114519,8220353983947.987,56925.6097486541,1.6588453872881066,1.3988364336916632,7870.878418150413,14940.896884945469,16887.30667690615,1150754.838900057,868111.8381329309,7300636846076.906,62896.681850242334,2.049456725998417,3.6498875674467195,8430.28990467049,16375.808203651166,18418.384353671143,1213185.362956276,854344.3881500439,8684464184308.686,54334.05452766913,1.7220602255693478,1.3611692096954346,7749.467541766104,14006.113773414063,16007.044393475817,1100833.9165262165,738820.4157779404,6559372037496.465,47333.55842561696,1.5075527579517862,0.683223266228171,7865.246351767704,15130.763241398587,17052.920466631334,1155040.4244349159,878899.3107060995,7444533668896.098,57223.95024500186,1.776469899310126,1.8275766283194956,6185.26253363836,12669.753946858486,14098.941012855063,894364.7442860182,640084.7667089051,5088771524709.543,51874.26191121788,2.1235858663899823,3.449350932446582,44,207,251,230,0.45213140774837135,3,20,20,Jumping Jack,WGC,original,True
6061.808916081181,11707.036851308343,13183.33186918136,874171.3500920483,625874.7129821525,4449286122828.107,51799.50248183176,2.069899589870845,3.7773824777434797,8177.91631337507,15156.929134420387,17222.39286552271,1160696.6641680717,787307.8660147866,7593236889968.833,63065.91129048843,1.8870378079084253,2.823497149141862,10833.996925054264,19380.4988147016,22203.135447020435,1506318.9553874584,919281.4601158004,12620268126175.627,59208.70975801785,1.3315618266076485,-0.05126535714695546,8177.686387229146,15311.409754261382,17358.39345419856,1110613.1814660835,605000.0514480028,7713633876755.546,53741.95197101467,1.731843794562886,1.6405558590437739,5986.689278527852,11277.26319297899,12767.81553913429,841893.6878503073,545811.5034717713,4173238109218.79,44402.71021742177,1.7452681979731166,1.7701835379768136,7875.842975983772,15080.275109504126,17013.042054867277,1104162.0866306387,713565.8463159122,7409756158993.474,55445.568434013156,1.8123279540857817,1.995694406768477,9738.415500558538,17289.99017078117,19843.90325936982,1365025.2146239157,869862.1754708908,10080780712121.041,58186.30220412714,1.5059373248157437,0.8252522412943293,7175.552326855039,13175.925787696968,15003.118727729005,1032215.974331269,734641.5383764178,5762395431893.319,54541.221765732014,1.8504124890832085,2.6708269129899467,8962.459686719918,16249.268789648808,18557.058490890588,1294997.1872232237,923282.517479125,8815729147758.96,55624.29374598958,1.4638037222583569,0.5223736703916724,7136.596219468159,14385.076969816433,16058.064797081572,1063369.3105374542,848021.975058662,6601252992698.121,52456.17321152804,1.8202851262733015,1.777453138177295,7380.063007540413,13970.39311035137,15799.911824216597,1076689.5558435947,805827.1227577796,6390712669517.299,51687.21846394549,1.742433885431547,1.692885302932301,7273.002183184156,14480.271060830039,16204.160291471862,1047188.9479626205,734560.1201875187,6721915155243.865,55159.26364397091,1.8949477093737292,2.253472320977238,44,251,295,272,0.46866572975130044,4,20,20,Jumping Jack,WGC,original,True
5498.764802884427,10939.703131992997,12243.917631770395,779136.4238849889,533147.6853140008,3837786085723.5967,51499.52213332249,2.3684843425124074,5.32643049720828,6416.192223665139,13421.044929144167,14875.88550779843,927770.4976829612,702494.6876205119,5665074422812.859,69906.28507706818,2.656516028785611,7.014271074982336,18094.952406855005,24192.795423104166,30211.23388725653,2233423.517108976,773930.7206555924,23365597516557.242,62406.614417496785,0.6945834180320019,-1.355145029358815,12132.264181010567,18788.5860825339,22365.21408658139,1504407.9386175121,566730.1596027096,12805191709148.637,63855.46859963965,1.2713731244773843,0.22090230460327076,9947.56010544604,15620.223951911765,18518.783663063285,1197185.6615424592,336602.2490312111,8779400917999.095,50250.0655143458,1.2024559760688107,-0.13023360489138502,8789.306582146064,14891.045711937992,17291.47629874277,1182601.6706414698,647948.3602992239,7654275906303.564,59952.472587945056,1.4484996348523145,0.7580153726067138,14854.192776778911,20702.434327374725,25480.14580274167,1858259.6732220007,701563.0732453436,16620488451301.734,60412.61521042262,0.851007704420226,-1.0353345279736084,6387.162937220681,13390.285970746882,14835.619594913662,922858.7486389962,698351.745640725,5634447584383.646,70047.62992137783,2.6482705106510487,6.968601458112174,14075.98226388311,21213.544569899506,25458.74603966709,1825569.7915406995,890435.9543288376,16592582397753.98,60770.863281573445,1.1191817478025134,-0.4166072072080098,7016.304055713001,14296.883056544144,15925.74606524648,905396.4939441214,377773.2553928624,6492912326008.672,62820.96575108188,2.1621891659754846,3.6898078005896897,11706.834001383922,17042.829517531223,20676.26659480846,1502009.285344589,649608.7543806034,10944204807669.562,55343.74411952079,1.0552324623123803,-0.43440788977476785,10230.468004196271,16192.004079405317,19153.158269391555,1291152.0866341304,514115.89483118505,9391192875324.469,55615.66946437856,1.3630825348867308,0.45719408301902975,60,295,355,318,0.9770457317597273,5,20,20,Jumping Jack,WGC,original,True
24441.0855463793,24198.892179487902,34394.08445357881,2430611.5150761064,103198.31314723042,30283597962237.74,53404.97968009277,-0.009920922634585555,-1.9801660456221268,2569.4267264561568,2765.5138959097517,3774.9199741315224,270693.7213601804,55529.87674643357,364800532764.08655,8609.013691118866,0.4435400443527497,-1.2764525078939624,25437.000142571167,25348.39832121385,35910.754290380515,2525126.7731937007,135949.92146912313,33013306206824.516,55762.585161063646,0.02013330459413137,-1.9578643857192288,16867.941451819344,19329.1811065989,25654.330844395558,1587301.5892879108,438659.4290201337,16848504091486.854,59852.09744552007,0.7071130669964238,-0.8600715299312176,14270.184194860887,16494.713026546044,21810.862311778623,1356495.3164991885,261768.9618669994,12178271098454.145,51684.95341974375,0.6572432498146819,-1.0218210960023246,11770.53795121242,16121.360292433583,19961.057620762138,1374072.0820311604,347523.47556836903,10200161826288.285,52584.72468877939,1.0934296095648834,-0.25684253586060324,2960.5465849449015,3562.9633864403854,4632.444729809915,280668.6506996781,50501.194498140365,549364330873.4375,13984.44648344073,1.1544733785323598,0.8461295000542024,2882.9592271416814,3184.168758602274,4295.391086806893,306978.6899606003,79401.34398299748,472329845468.67474,10299.624352655072,0.5658051211325935,-1.045345325866948,24941.960015260884,24823.19526870473,35189.37897649115,2483098.695960477,120499.20675486993,31700285254428.617,55932.90625103943,0.01413288644320884,-1.9627176020005632,16426.069078832043,19734.941551843178,25676.519690901034,1627877.9049002146,598373.3942187943,16877661783993.047,59795.052531826994,0.7755400622047246,-0.9216215533656813,13528.773272113569,15875.752733814139,20858.265294924735,1374412.1474587643,205784.19576258233,11137721116504.617,60651.94444581627,0.7137501739465929,-0.8174170320988621,17514.71030401365,20287.88733102433,26802.30306130164,1678009.4168215594,304887.1471079135,18390104304380.395,60667.38739627264,0.5740554265335303,-1.2970924846726635,81,110,191,160,0.30449615351355497,1,21,21,Push Up,WGC,original,True
17750.143905125376,23099.725587340356,29131.854229744567,2208582.852273745,801968.1725319241,21725822230095.008,55237.39164540232,0.5621667088216123,-1.6295939929519467,2053.3681230964,2919.4844481509094,3569.2730481070585,272848.16067411145,145419.07194132687,326136578353.7523,10778.107735068203,1.1378131391172628,0.24469164528857457,19464.989278310408,25159.189203923826,31809.91369060244,2424444.775270949,880752.6829227462,25903887590491.547,55402.78029610921,0.5237831777165635,-1.715497873874799,10027.729641614169,15941.617631594265,18833.229528608856,1387272.7059250835,868001.5593437962,9080077682617.973,50952.49704087198,1.2539975074071885,0.00470312423710606,10408.75854387668,15255.486094944397,18468.137708436323,1316399.7160847501,532335.0699470823,8731446026694.85,58513.563642224726,1.2570318116694015,0.5736086707425652,9863.998377768554,13689.232336163903,16872.864189286185,1273702.3230322446,598105.523815886,7288154776322.459,38558.00699736775,0.8969587965990956,-0.8248031123729609,2180.255378256652,4452.5935695686685,4957.7316395889475,267617.00414824736,107170.79849788884,629225037060.6416,24585.15647722796,2.96522390471309,9.426384773875919,2240.6122848842965,3239.1914453328645,3938.6170962270553,301198.50021659175,168353.6162801885,397125238545.7162,12000.010203351143,1.192169071627666,0.35180859257555674,19277.72537018187,24909.83023112101,31498.100539420215,2406539.8906203276,889597.262083819,25398536642340.457,54693.27124703604,0.5220043428871038,-1.7196977572366916,12590.96253926488,17133.03225670461,21262.011475268566,1503931.2415834558,383596.7234903052,11573072178545.977,48058.887216736286,0.794763865156883,-1.0831227440806224,10951.078158984423,15754.110094137162,19186.403980485247,1423061.6398221026,694307.0472901182,9423823301180.934,51749.247122542234,1.0814568131724565,-0.25183788409551244,8760.888785225365,14617.38729388399,17041.748255577793,1140111.6432075347,601545.3095943397,7434782300326.111,48354.71124568108,1.3270495646877802,0.09488479144077733,60,191,251,223,0.36478918498015095,2,21,21,Push Up,WGC,original,True
17221.02187977233,22439.66913715802,28286.08042074263,2166435.6090844,837651.1675536128,20482620046559.22,55024.06331441301,0.570151009707011,-1.60950700707792,2253.978038782318,3014.487535709232,3763.980884948714,291344.95832904015,136165.6067929197,362689333817.83813,8425.519169722113,0.7292278886697128,-1.1928642147371769,19314.3151746922,24977.524011244335,31574.031677941173,2403399.636828733,866682.2369549706,25521138595830.594,55499.82603887723,0.5269963457980147,-1.7077914001596182,9763.38732378068,15683.880434119545,18474.518600112944,1239775.797056992,617383.551667099,8737480640151.53,55219.80296755026,1.331649392776673,0.2789358899073773,10971.117813985238,15433.996086363348,18936.04133081208,1361874.8830352488,484018.73175364087,9179485728824.918,55372.24957313285,1.0586051440149933,-0.07547810322217563,10568.265554221556,15053.458315981918,18392.79326517729,1334013.6233252375,562556.9635273211,8660348008846.106,48748.74614130807,1.0045685044003287,-0.5023743135702663,3528.0461035392523,8418.862167069843,9128.217213498943,406230.8896483262,154384.8570817979,2133103347118.5513,44451.96084556113,3.10799027750497,9.370702863218906,2353.213977657255,3335.6017933532735,4082.1385753625577,313923.4872641251,169939.74966274385,426594696920.6542,10159.105857446153,0.9665826890616926,-0.669102998624703,19413.50602834138,25088.46544605936,31722.47333911026,2423501.7762648696,895826.6623070675,25761672057614.375,55560.386491177895,0.5228630827277,-1.7174198309309832,12260.005728317792,17589.835828360523,21440.85037788988,1531268.3284638424,547628.904864241,11768577662132.752,60925.718123436665,1.0481436792214298,-0.33708002787526237,9550.272282027825,13826.113816502339,16803.84253460338,1232921.0900312099,588470.8039744986,7228649572550.29,43513.47834377027,0.9314779813299001,-0.8208036667971346,10029.127203929744,16911.7307367155,19661.892812844126,1256244.5508472347,597409.6170553857,9896704741984.547,57749.06706139536,1.4590705119148335,0.6550753005079262,60,251,311,279,0.2138860366902721,3,21,21,Push Up,WGC,original,True
17852.418890090084,22315.47762790437,28577.778114975023,2169662.479729031,691847.8812096189,20907248690911.883,58542.915257400986,0.5204172639038787,-1.6029201356155705,2070.107288635387,2822.117640985716,3499.9560234414566,265005.3416724508,123345.1688413542,313592119450.2179,9938.57604122038,0.9994187770809506,-0.25869449270507117,19835.771617397568,24359.893099499113,31414.363394418473,2404685.086249538,748904.524511243,25263673023400.426,53820.16872138486,0.4243709536086258,-1.7993172010234235,10487.152467719128,15321.993085092541,18567.278717701498,1305203.1457984045,545882.3062590486,8825442277908.762,47549.65297539528,1.1869800439974791,-0.017637208143595373,11321.311440739582,15567.802220955733,19249.118388357823,1332442.3019791408,320156.78084443515,9485531103462.79,53368.9727099803,1.0634388544213664,-0.09706439828113922,11397.62334522355,16034.137540341144,19672.299931176374,1320885.099678693,322817.32490099635,9907184245303.348,57579.31021610004,0.9617387353868463,-0.5503924238824611,4020.484485396567,8307.078465822186,9228.859525133166,432839.24694601767,147759.186100472,2180399312246.8135,42125.32606742775,2.5559967485246373,5.989285015749546,2450.3637558759533,3330.67827624323,4134.936555250767,315175.4917781273,149515.21977376408,437701128088.2965,11264.674695744769,0.9673507880834388,-0.43036470585977504,20720.500499688562,25414.961316943554,32791.1481912319,2486931.5237789843,709079.9044609683,27526640632302.883,55903.804323031356,0.4173527093081482,-1.8133496012463952,11038.129525975406,16895.578844392603,20181.69685431076,1426010.7830792845,680452.2945749578,10426902730734.0,54305.572388434215,1.1511569265408512,-0.3007065491632881,11533.807701242413,16071.477116866896,19781.837548802563,1404102.7477714454,441636.39123255084,10017820078264.707,52878.3311634915,1.0194683616866724,-0.3906624609687728,10941.928722722845,16409.879911521904,19723.335490827034,1344345.3334245225,497215.3988544267,9958655049823.162,60894.13720446405,1.3591714229040095,0.7124193244667043,64,311,375,343,0.3786863377636322,4,21,21,Push Up,WGC,original,True
24863.49057534306,24332.754479276886,34789.022753433914,2441244.9104073793,187863.8360046391,30983068265956.93,54550.31263960304,-0.029431280984775755,-1.971612787932527,2483.669969797102,2676.2257174719607,3651.1368927678195,258324.70832350332,28623.761512443136,341268495609.0943,9643.129774636103,0.5519280439270945,-0.7932537162592475,26033.953978024998,25446.521484035,36404.563111887204,2576229.7972552595,141075.75075612302,33927480713404.89,54691.976504377424,-0.03736698027590404,-1.9828445987795265,14252.57643458657,15692.438579972557,21198.786842881917,1550780.187413156,337009.8235816624,11504347228414.555,50426.31203150637,0.5868909429836076,-0.9865145050362205,16147.58547793534,18526.932565005744,24576.243550133906,1578021.3063715382,314410.5808735615,15462188724108.768,51479.786292791134,0.5133483734150007,-1.4166157921871516,14984.23310885166,16221.41403791533,22083.059463078996,1423852.316269213,240958.09862258044,12484134790397.0,50260.20564964746,0.3864795532029888,-1.4393783909773843,2698.634285984742,3821.7020966720725,4678.464911186156,251656.63290298972,122778.25534711668,560333668485.1223,19936.089824881932,2.381463134867473,6.985603153325737,3014.0627416941948,3240.5523885742623,4425.579509393485,315621.1405888166,43580.99458951826,501395302245.4652,11747.119200323043,0.562127114756338,-0.7447881257825077,26315.549888423207,25695.271743697293,36779.81995486844,2596439.7647156115,151228.83026861414,34630531991361.01,54826.31310456317,-0.04311294273245086,-1.9889592618577159,13837.466232158655,18554.66414795451,23146.296320783582,1283510.9851719602,210197.41280732388,13715226454259.703,61409.26488351321,0.8834680755673708,-0.766260901586159,14479.79475985406,15859.341140277951,21475.175382082674,1504779.567087222,149676.83459305472,11806288836894.973,48662.20305478761,0.5131165728008199,-1.2020917419624444,12686.193470305172,15146.776757380863,19757.640317202528,1324070.5537105047,260954.36312296335,9993327383141.035,53860.6564013111,0.7490543101395571,-0.7501823048115965,82,375,457,407,0.3279442335008267,5,21,21,Push Up,WGC,original,True
25511.1878162102,24927.632425394942,35668.018758119346,2508295.3879468394,165298.90404524904,32568513590516.562,54115.43504197065,-0.03876110703353029,-1.9833187160430599,2450.6285905626078,2633.081791553171,3597.0404793234857,265026.78297043854,57204.0076294674,331230725373.22833,8209.911090974218,0.47351622887397654,-1.1917991435101032,26224.37940868781,25601.446634011623,36649.04016648941,2580175.472511261,162330.63271493948,34384694915198.82,54844.80229665239,-0.04419085714130062,-1.9901790796006138,18074.985690462283,20646.087543143247,27440.226649019336,1844245.8064550757,79288.8829377195,19275930586868.504,61114.32951791691,0.5505962835627325,-1.320518357448688,15851.413491868112,17801.17726906586,23835.880975010878,1508243.4601445594,251261.46552491758,14544620079485.064,57181.21502886849,0.6672907240490851,-0.8686848256759689,11814.156967194336,14610.158358248347,18789.12004588295,1396964.1197335632,510238.2918941817,9037594421724.172,51341.783309149236,1.0185265738038358,-0.12806912239239576,2792.3171125473937,3146.559021527146,4206.883470335122,253231.76880153548,78413.11843378637,453065434444.2594,13635.524928424184,0.9252192549170133,0.5986598906467493,2967.543772756388,3253.3053937378045,4403.443201421895,325576.55203069665,74248.4658418569,496391987920.6069,10357.575707887645,0.5352250956518912,-1.0895904982037536,26627.062971445954,25980.189145143486,37201.7568201124,2638672.9109956706,120788.73916992002,35429650188871.16,54172.101853043634,-0.04753863207805915,-1.9944146283881026,18719.72170504897,20279.735458621406,27598.834232375615,1766781.3146542537,474383.0617788458,19499408665245.39,56754.224995061624,0.443488657388268,-1.3995739519024684,16128.832712323749,17588.805143658956,23864.31040369129,1489151.9540426608,340196.51362333796,14579335962719.443,57504.44940613337,0.5211571290175606,-1.1068616582207744,19174.61181882227,22040.91067816238,29214.165774932735,1744571.5606091518,563185.6667039699,21848767537286.434,57265.342621137424,0.4977839034360759,-1.5233997565264346,82,93,175,138,0.32272850817055143,1,22,22,Push Up,WGC,original,True
22361.95357079406,24794.67080517781,33389.11001867954,2460561.929941522,284424.7894705797,28539716296690.848,55050.78054182434,0.21861294586039687,-1.928805115610837,2285.5298989608214,2717.2341121915297,3550.634892452497,266817.3693124448,77517.1345271597,322739408371.22955,8740.519552657162,0.6325264828961522,-1.0084823439454242,23094.998930306894,25557.420578850164,34446.490710014434,2561654.7419948205,344955.9432232198,30375954489218.824,54339.80567417362,0.2068503948358981,-1.94949613021838,12054.7013560685,16065.85888188223,20085.508367889368,1518428.7588468818,652503.0918300805,10327747747751.78,56435.85897000333,1.0186611983841631,-0.19000539195546118,11427.85960716278,14232.1704166873,18252.41490791429,1271734.7933607316,244193.54964681863,8528656639248.687,46854.47975592373,0.7382069768034895,-0.9652815951283071,13847.430933144224,17449.296859866037,22276.204891137317,1586222.2888852414,409007.8208327296,12703470191409.412,48445.34021579809,0.7101871136008112,-1.1428578267119462,2076.9707100305577,2848.0875565549645,3524.969511943056,232098.19541698426,45490.2842599297,318090497539.2786,13479.14236127551,1.5833823469589714,2.808661295026292,2642.771585312312,3189.0351275391367,4141.761303698308,315809.4002664424,104571.13075834668,439147179438.40533,10577.828047318377,0.6745012764293913,-0.9549784315655434,23200.95623450373,25673.22802651584,34603.453693191324,2573013.619154813,352234.72311962594,30653414591918.992,54232.51801912412,0.20654016376752188,-1.94996742718642,14409.301451998977,18685.682420714675,23596.243257399794,1504576.1596271566,137342.5213305836,14253637014077.062,57787.16198067677,0.9231230851222075,-0.6072902975557293,13031.450470016967,15747.31141139864,20440.071380503327,1397839.987147776,118381.97924475846,10695590861825.824,46932.54760904292,0.6438248644018704,-1.1619645924143487,11330.853167338764,15442.771159106553,19153.7832965794,1286652.425900694,300723.78847431194,9391805813051.492,54557.763341244434,1.119688300218947,0.09467104294814632,72,175,247,212,0.29334669439418015,2,22,22,Push Up,WGC,original,True
22630.023111189123,24160.48997201644,33103.58321542942,2430304.90820324,205822.77955122324,28053688875542.04,53590.22774686102,0.1423509578498201,-1.9570861748439186,2253.6919227733742,2562.851364789713,3412.819128049192,252498.56107384834,57450.96224617407,298171760659.9282,7657.457961900639,0.48828723552805686,-1.3475586913408861,23202.37194697024,24769.763467861376,33939.523364646004,2478212.320129521,170691.91663652274,29488415903215.4,54572.28093616311,0.14139830171403195,-1.9598834204898863,11260.184756875587,15198.924332792676,18915.577221774933,1392570.9402757632,595493.562394356,9159655977803.025,60725.781339520705,1.1736896674175459,0.4422895297945262,12115.596555731136,14041.731192076535,18546.101875374763,1258394.5381470483,21440.171761319503,8805322106157.547,39001.14874621462,0.5282094938050859,-1.383268802371491,10948.369886535025,13724.153055979285,17556.17214190874,1317360.2925033688,458071.2997485134,7890411015074.11,44114.138042930404,0.8042290883478456,-0.8347471612074804,1920.9297712193488,2227.7216280294274,2941.549734059736,198223.55233168328,3957.2825254082445,221509499851.44073,6193.921779709104,0.5481865451615692,-1.2961986573335016,2691.337112198414,3067.5109222023443,4080.798783244179,302382.5001222658,65097.93509721511,426314718958.7757,9929.743658980398,0.5186230894725369,-1.1871385850846647,24385.001161011012,25978.720369025577,35630.354946794076,2619369.8973375936,217403.77504907487,32499768157044.05,55471.56796016905,0.1296439613078175,-1.9772514674081154,16324.930878842428,19883.021367151217,25726.210503795053,1718448.0081468883,57491.18461980054,16943050416270.719,59697.38559520973,0.6923756128091637,-1.0560609304807573,14373.490735597796,17621.8970714275,22740.45936920142,1448233.2099656914,186389.3482148913,13238489403450.898,55299.75899333983,0.8010839574358382,-0.734725613337524,12784.431840003808,16417.79103985756,20808.305075140797,1360553.805252989,444374.6553272424,11084430338563.332,48696.92305934772,0.8115951009507092,-0.9064792008215021,75,247,322,283,0.2737268693682139,3,22,22,Push Up,WGC,original,True
24670.186261643044,24753.259235422945,34947.70282808603,2467023.496830208,123645.92801483363,31266353483781.438,54679.15235347774,0.019657885906254766,-1.9746573667683687,2345.7204330763166,2576.9708251164143,3484.7070154681464,253719.78299073267,53920.14191425573,310865484381.51465,9297.752297211944,0.5738185074022436,-0.8098033645446123,25287.297684046735,25309.795528761784,35777.55125591082,2562750.9647084614,43728.81751115188,32768849251054.727,53666.939891302965,0.005296503534708001,-1.9930082226429136,17369.114548037905,18953.36659853722,25708.291378491267,1867664.046960627,218120.45948029045,16919455887396.059,59798.84447321183,0.443280367013051,-1.33961823598129,14198.17001801164,16499.437258014124,21767.394462624812,1455681.1139771037,157066.39146692428,12129778219302.64,56386.546070910495,0.7181419239376636,-0.7432302175870378,13420.882145577349,16598.75302442961,21345.69463689313,1426269.4027860651,574836.0614519985,11664350196006.098,57021.87517326469,0.9145956330167239,-0.38777781130248234,2198.6379381636652,2314.2496208392968,3192.14036199654,209334.04293435835,39801.792372343254,260857858321.59747,6305.574647587563,0.3017375583469781,-1.5298860101776657,2549.0796732500426,2922.6305896497875,3878.089316162433,272623.244477217,46937.841507826946,385013164649.81006,9976.067823187703,0.640159536847528,-0.9096803577623058,25726.689379887295,25758.83897619247,36405.77333130856,2590193.87014282,82094.76961767925,33929736495375.816,54504.40419175478,0.007382315880941727,-1.990386677519579,15550.83487569619,19537.66732423296,24970.961331185656,1532880.9662809419,772189.1784836809,15962852090971.373,58952.02223186145,0.7985650338634992,-0.9603288484733228,13318.777576644696,14605.332357729369,19766.27353387254,1308523.4981572689,131483.37844450056,10002062577046.273,42179.95937520852,0.483367156910965,-1.2698765530211626,12118.682116321592,15677.76333269181,19815.51713562754,1242255.2405680416,201865.35940736262,10051960815420.125,56373.16094364132,1.1346984438434509,0.23470708367018167,80,322,402,361,0.3216261034738517,4,22,22,Push Up,WGC,original,True
26258.870113119465,24408.258637438063,35850.96022883834,2426150.7599868476,403037.0600076328,32903458542841.562,52673.616608784025,-0.13811988416364665,-1.9646835828583322,2174.4079840329964,2124.386614230728,3039.9125921231903,216009.6184113928,9910.994387970282,236571355334.37787,6489.76801176749,0.15219831886022678,-1.575554576229057,27262.121122635486,25303.82648656694,37195.522351051004,2542958.8212425197,357157.85347888735,35417776203968.9,53319.158155469915,-0.14681771486712997,-1.9736093572834859,15452.65537861053,16622.754253783598,22695.82598699112,1461285.8979842067,182650.83438532284,13186573241133.607,49004.306092418265,0.5354405789098808,-1.1618351840335968,15114.681123268088,16340.83884055315,22259.30366096404,1286401.4148196897,546794.2710670449,12684200946457.783,59062.67990701005,0.6292134135625932,-0.6950585190357939,14253.583553612294,16066.729579137362,21477.999056917157,1208512.6279673495,459518.5692467605,11809393753316.719,54844.11216316028,0.7562173739899604,-0.6753829962706548,2360.359160357294,2472.1878316030197,3418.0415504508765,202196.2436206934,74768.651278127,299085005839.58093,7328.625430402311,0.4552399191545228,-1.229820435188304,2649.3562347750185,2683.1057194413356,3770.6955274113643,268678.9117019205,25897.459494414634,363984505867.26587,8165.485280187921,0.2799139100088289,-1.4957227021399013,27685.79402330859,25703.202521507385,37777.74226396667,2579100.4537669905,374881.04590214667,36535239950404.95,54163.995439357546,-0.14540823422711222,-1.9722080632626493,14069.387827305443,17130.62994724472,22167.682698572,1419670.6285153285,346994.23651937477,12579997599348.95,56283.507576583615,0.8767871949022239,-0.5665176211088081,14717.449623817844,16043.177715609087,21771.23962121202,1349999.352204077,318172.85472148523,12134063990892.342,49420.288291067554,0.5353627663723346,-1.194145150085625,13119.932442780428,15516.302550305783,20319.65236257127,1346247.8740220484,269488.2411151219,10569939766675.15,54905.82432664549,0.8934529065777335,-0.4192044724690396,86,402,488,443,0.22484330988800943,5,22,22,Push Up,WGC,original,True
23570.51337860335,24830.957140837632,34236.611010160384,2494409.5679888283,138333.60500314645,30006925656602.496,55658.22874526239,0.11263530791065314,-1.9701032588973757,2314.8199538473077,2655.612465274939,3522.8779406123754,264074.1680451645,74926.33033969309,317713126002.00433,8240.644529370955,0.5874057041479076,-1.0591020662623885,24541.10442241546,25814.264370375076,35618.001786393295,2608783.515504145,166720.0706555253,32477236512141.207,54071.35153267214,0.10333236819937974,-1.985075351569294,13616.53468153861,16668.24724864597,21523.022164081365,1524504.57731816,428374.2309725583,11858956366733.764,56582.66547150994,0.844060965099935,-0.5142679554987142,14883.489307585647,18994.64808956256,24131.202001047088,1508639.9930264424,230723.60402749674,14907261696392.68,60226.58741947455,0.8708074017571729,-0.7692455142383756,13122.286860847258,16180.372923365137,20832.639784663206,1488536.5154358658,330426.27574773744,11110371338176.822,58857.913053312484,0.9235698827378853,-0.202275053686777,2263.131943186126,2592.804179609501,3441.5693667380738,235498.60604353674,14488.736026430093,303216632475.38965,7133.959547288005,0.5145685196461373,-1.3690102252875131,2631.0064727732815,3159.8547002710106,4111.797269637659,308181.7550353434,100761.41965544275,432816045736.9525,9778.747131280736,0.7149765053740912,-0.9353217597498573,24358.30322508556,25628.74290578932,35357.59322884209,2591327.657445425,176483.11654613967,32004080612768.258,54818.839420806136,0.10496136146250684,-1.982443067268223,16485.946472803822,21421.283533191076,27030.68292355034,1635242.2198737913,467328.4462768616,18704840174426.008,60537.59104421368,0.787276230377702,-1.0496750225598446,12864.62127806174,16590.836401683555,20994.149974109147,1219923.6966997632,313277.763988026,11283310928265.906,56289.109950317936,1.0588651039543366,-0.10730590640397386,12642.346718752637,17235.338694731432,21374.887847173894,1414740.3169620442,363229.9937571827,11696277260269.11,54229.34853765365,1.0432122993638628,-0.4061210063669076,76,77,153,120,0.3164747101850288,1,23,23,Push Up,WGC,original,True
20013.354997661583,23775.933873386082,31077.796090039163,2330393.097782222,538009.421700494,24725232891239.77,54769.717481877786,0.37442331735877743,-1.810888637824346,2139.2353599162125,2785.5737628118277,3512.2285109573227,270348.43785191677,115459.3030140297,315795177297.44604,8877.142099279452,0.8228896990677911,-0.8181203646094177,21480.08654018962,25342.95949018617,33221.374346875724,2505300.9342921996,571182.3823133749,28253688665478.457,54827.53001707192,0.33787893950198156,-1.8747199338319707,11727.067848815257,17646.560920055603,21187.855781932023,1546873.8555103815,849263.5317002519,11492485955480.324,53533.70169214832,1.241994466460583,0.049684196973598826,10564.486399797945,15580.582997018284,18824.530257578568,1157360.4648550102,157802.25417271486,9071691249113.37,54313.24444405217,1.2378181146139542,0.2564829580472687,12509.522823715317,16095.739276063408,20385.31295124175,1478777.6452730373,399626.7527611761,10638361193473.656,47140.679280266,0.7487687543097078,-1.050388799114818,2123.6285644280965,2981.6389488531245,3660.596823056713,254010.28038210032,81581.42538749236,343039208984.90625,13558.230819110398,1.5621133227686086,2.6309433849083304,2574.3478235047437,3328.864340149794,4208.159278295503,326510.49527865584,141477.92827227243,453340275494.516,11154.472593844295,0.7943676986695942,-0.8121708807933845,21632.192957483006,25506.537949744892,33444.5100178124,2534298.690992154,610932.5108878694,28634502408487.77,54845.28266456672,0.334277696640618,-1.8815218809501373,14223.798948564625,18771.92377063512,23552.10348524573,1541758.3267014893,71754.10350357112,14200360411640.93,59395.05785232962,0.8772466626255401,-0.7224422136252664,10489.801590860854,15484.288510207629,18702.917635571594,1137900.0077410922,102030.51098374085,8954857678924.16,59364.85573791644,1.4506620654403015,1.26777412060701,10027.792996777463,15310.22671550488,18301.90357493937,1226438.8994186798,438324.7876337114,8574967666339.289,56127.08833371583,1.3207868824139828,0.4212611006275706,67,153,220,186,0.35883723166347703,2,23,23,Push Up,WGC,original,True
21698.024295167394,24051.05939125563,32392.247778679703,2395023.6184284864,303671.05328766577,26860997533577.74,52818.86597017398,0.21653927953776492,-1.9330209938306964,2186.168490697464,2556.925054544512,3364.104398539957,253977.790727663,65696.07659369225,289720279149.46265,7847.203233326583,0.5466116095991965,-1.2213935584512743,23029.552011517506,25477.28231319626,34343.15331936619,2558721.9340636027,359227.2861910475,30193975805887.824,53844.617618361255,0.2050586228936339,-1.9525474205133624,9525.637495020612,14264.69039019415,17152.817891373998,1251866.2692239797,643676.8785931758,7532010537334.781,45570.312393421795,1.1529182551874153,-0.2760815402723731,13771.59284958886,16529.926139488,21515.00006487975,1502137.0833346476,164824.61492811012,11850117831469.457,57996.34740165715,0.6966377248974348,-0.7823792205707991,13887.576709415996,19153.44131166748,23658.383312039816,1494293.839859139,482368.210098813,14328808984048.742,64133.49113223558,1.0597390958273516,-0.2857874795112938,1834.4329353656606,2166.27276706494,2838.6408535919904,198623.2377738095,25661.744715903336,206281776529.4455,6680.370513368897,0.5844159857312275,-1.1710385309445714,2506.740104068987,3038.9840351930666,3939.4377664212607,297371.4463863435,91235.82005959717,397290749836.9569,9313.663588959605,0.6940881095082564,-0.9758377837987133,23126.825423327948,25593.5641709303,34494.645687883436,2562095.6788256564,340899.60642807576,30460942876994.945,54725.13597632964,0.20708092488493035,-1.9490585825825837,14482.878190310119,19896.035334825978,24609.063019952715,1542318.348317516,231352.75724618864,15503513157632.107,62622.4335867743,1.045600120758379,-0.35630758528566275,11384.783175534578,14646.307330891988,18550.676709621017,1318802.9517152521,309949.60799217166,8809666723452.816,45439.513151103805,0.7159703574587161,-1.165135422392181,9581.49009977172,14177.630655437782,17111.69668776398,1192904.8046415052,556361.3047039413,7495940186471.234,50788.58503421886,1.3088212182116976,0.4717786022069901,72,220,292,254,0.2560769254362138,3,23,23,Push Up,WGC,original,True
23366.170150362752,24320.858582874083,33726.57809063741,2435393.0409796117,70215.0681250445,29119540984418.902,53896.66055345822,0.0902117170878836,-1.9716423511034469,2157.878834337092,2434.7940253307397,3253.407907020925,241196.60643520617,53154.15636606539,270967373042.33658,8654.597569265165,0.6237322072873143,-0.7269225770106913,24578.529649855765,25537.425533554822,35443.81783373085,2579336.2624770105,105523.20230199568,32160364099345.844,53440.01699483591,0.07952873125535305,-1.9878395347095792,12467.74957268024,15079.615393007194,19566.286817076147,1379844.5288684263,308600.753216467,9800693243087.049,58112.4041824649,1.0225632583584299,0.41080162344099413,14692.623672371654,18160.529131842115,23359.751897792536,1398715.1290393735,350308.63500867644,13969357023396.402,54919.073748223025,0.7792903436763008,-0.940313820423377,14812.059353604982,16742.85177715612,22354.422111218548,1594491.0532083553,310671.0953228735,12792836810919.34,50711.20961870365,0.4593379145434781,-1.3887798753243186,2200.626804204122,2412.9577873213857,3265.7500845558534,223059.41069930082,13287.199752800068,273027164538.28003,7183.030726905588,0.3874106111415652,-1.4578356001711787,2483.9929134400245,2826.6876047773985,3763.028515573918,277394.63076298655,58917.69368852312,362505820390.97473,9699.731873499137,0.6186430737708806,-0.8425910953584981,24596.34637050581,25563.961887472105,35475.2928411031,2579304.0263370993,107981.48601305432,32217507895347.727,54590.177544311664,0.08146978870193824,-1.9847861339001922,13028.248635137392,16340.540912515287,20898.52960886352,1226850.5512807514,351477.9280023816,11180762619201.156,48695.89520037024,0.8326866262679257,-0.845104560272723,11059.19056388657,14168.69416060111,17973.80288489361,1004207.4201517829,331766.1873780765,8270274307712.25,48724.6859166096,0.7860296952856862,-0.9119230993773271,12600.36859246181,15197.787837409456,19741.88551827836,1392418.3541911999,337726.4317436965,9977396321710.307,51406.83373892246,0.7962720522725131,-0.6683219781289642,77,292,369,330,0.3064970077317371,4,23,23,Push Up,WGC,original,True
25061.33803848871,24187.08121805314,34829.37786019297,2422154.861753115,231871.40032422898,31054990390479.367,52631.869431096784,-0.06317420690882,-1.980613541798493,2248.4910192332995,2334.5292126102595,3241.25569927821,234929.2130238927,24473.49901270515,268946905807.44904,7309.282613442562,0.3741457122887455,-1.2705157762858736,26178.538981995247,25230.87846164087,36358.12331760177,2545338.9129305547,202616.44709698184,33840976158155.21,52463.367743843155,-0.07120684527957971,-1.9898878816268977,14001.685005830554,16388.481807187367,21555.266617395653,1534420.8129114327,315574.10644451337,11894515685043.492,54427.444143284505,0.6513342702872855,-1.0315566592543504,15793.405051320908,17396.747205531177,23496.349853716547,1652116.4864508805,265314.04531253036,14133208485075.086,55565.92322074431,0.5643444912743106,-1.091710296484782,16246.18099478995,19373.363417870787,25283.702399695503,1560518.6685226336,205033.3735247089,16365199540131.027,58453.87477655339,0.6724131583999997,-1.126242348846073,2410.834670196376,2459.579652976432,3444.0754748345066,232716.9250871066,49034.77080671799,303658390434.72723,7234.447165492486,0.24161319637040618,-1.5703323558224933,2591.3606507708296,2853.5007917353178,3854.5579241720447,278365.4273293522,51850.772948800615,380354989844.4162,9660.814346045814,0.5913047679411861,-0.9204044936506084,26622.33124670296,25662.970961219842,36977.51478352202,2589291.2273528143,203705.56406285905,35003816948879.094,54069.21980965096,-0.07019103245325689,-1.9886840972972608,17295.065034481515,20785.1688190539,27039.647138665023,1737210.802389295,170309.95780511844,18717248445017.996,65051.77038642182,0.75207243494449,-0.9257968841864237,15707.586300558609,17801.619941868328,23740.80748298635,1591839.8211844102,177706.64215576835,14428824062572.047,52951.828977171914,0.6381808550198025,-1.0335295808907359,12578.309813780248,16688.736782440435,20898.033715280988,1250129.5104515662,149979.70786697965,11180232017024.531,52579.550203776744,0.9222543477178473,-0.7321825402397977,83,369,452,409,0.2792120079473191,5,23,23,Push Up,WGC,original,True
21866.27225878848,24534.065723190422,32864.17872707745,2473184.580310287,436048.0046671144,27649388631175.43,54267.941904390165,0.23927152664115908,-1.9257163393823784,2250.016371139529,2910.97601123145,3679.1785779384036,274383.83673648466,104982.27687710304,346530688214.03784,9191.553266261157,0.8547200504182189,-0.7336702504534225,22980.724293871852,25744.297033758496,34509.165722070684,2581116.333593215,414657.3101851863,30486592482133.47,54115.480079407374,0.22991959521485889,-1.9425027697286474,14853.528845358185,18017.89537209921,23351.057209467017,1670246.6713885374,348085.0670921705,13958959943674.926,57401.71909311282,0.6791430736262607,-0.9873458214491007,12127.25802956841,16458.22688694637,20443.66942547095,1331826.2381088221,183834.0597076926,10699356661195.154,53611.82234060561,1.0485245073942615,-0.2188972980298609,10030.642613311204,15392.150083035987,18372.04603234706,1155926.5730237437,317738.96088939486,8640821130615.792,55769.67643613965,1.4961119495983184,1.1167403247528949,2544.7352049468163,4281.827199231383,4980.935798358917,250807.6881556093,67467.14537291025,635128868540.7588,23707.151240400864,2.8990143471532126,10.054704308551214,2698.9791245964443,3336.424975250795,4291.412346825303,322716.20577854855,111630.27734827413,471455230220.4071,10754.354348986013,0.7883990720144176,-0.68899845931952,23163.0544432894,25954.334725776534,34787.27615379563,2608067.729794652,436650.8338130922,30979957304331.23,55306.90803299769,0.23129211103115127,-1.9399523631788402,14594.722852039858,19830.69857127337,24622.399171334993,1642740.3326321603,263043.95112107816,15520321048385.484,62824.67083867766,0.9318389073408397,-0.654242081703416,10906.111434912473,15304.365263847094,18792.734307704613,1226883.5503552617,231596.4528224887,9041071686655.438,51044.26166215171,1.1048871137929073,-0.1545528916078429,13699.860899398405,18957.848126760517,23389.87375468672,1529027.3719490976,214803.759543356,14005406573060.672,61569.12659989808,1.0466641662991707,-0.31753143433628805,71,78,149,118,0.43185963070688327,1,24,24,Push Up,WGC,original,True
20035.367909264773,24290.053118982567,31486.864686446497,2372211.5922619966,605982.7629521242,25380419783234.332,54008.15794491442,0.3987899675801141,-1.8184509673191231,2074.787025982196,2831.189119150423,3510.0388931719535,263516.36097242724,116408.16493254014,315401549608.44275,9335.692844800757,1.0155465533009382,-0.3180354825701377,21235.70942771396,25692.92187059571,33332.89050092768,2530190.1235729097,687340.6432241338,28443688682158.97,55021.83906761455,0.3865142753245642,-1.8443296137178873,10644.495645792469,16996.915866162242,20054.9354652338,1357269.6925883167,667586.6839610627,10296331174776.129,65183.89678461303,1.339668999333219,0.4510884439935361,11990.32790557694,17189.45680475004,20958.181899335268,1387411.4675144372,219195.1274968228,11244681946255.984,52948.43834615776,1.0706441758204042,-0.4307542047681312,12818.249193680573,17249.186976776033,21490.508689909428,1520691.0604117853,419929.682330628,11823154272027.457,48828.21901470542,0.8467503672271403,-0.9506712501618866,1902.780008852586,2868.9881507904083,3442.6246922173805,213844.86717722626,32234.06308152156,303402618149.49915,12912.488678605378,1.8116585741617313,3.4000882172529057,2337.1391261260587,3178.0440078542074,3944.893282552433,296794.7011603565,134048.4578747351,398391885074.61926,10828.303418619065,0.9951001720344624,-0.31208189809230724,20836.042137981865,25209.55408862154,32705.69169613893,2485867.989289777,684630.136153703,27383354094666.0,54268.288305823946,0.38661106875034823,-1.843986486519763,9038.053612260492,13361.181687800006,16130.951279837687,1059877.8693528594,235896.16543734758,6661314283327.926,47166.89399310083,1.1794045090513463,0.010901008181092742,12788.216643944968,16774.939933863192,21093.532058837114,1436867.7403075958,149386.3608175668,11390389624760.043,48348.234642503856,0.7854002796734642,-1.0304759964155374,8538.321649464251,14181.111506815447,16553.152574613796,1043726.3349936561,478391.54224192863,7014575620056.15,53721.67019890576,1.5405338705397167,1.163200058737874,65,149,214,181,0.40336921599721726,2,24,24,Push Up,WGC,original,True
20460.09718321244,24166.887729226557,31664.712840377048,2381252.1483401824,530444.5288925443,25667943405146.6,54225.76373352995,0.3448972169600782,-1.86006427577343,2008.4324557096065,2556.088706033768,3250.752282512635,250102.7985451136,98582.15200170277,270525194297.88428,8623.678585943822,0.7749194995443708,-0.7885968972572281,21646.45935979897,25527.391848404735,33469.64202672967,2528157.8878167807,586226.8333006212,28677553597374.188,53619.36105227014,0.33503837760734767,-1.8805107076793641,11069.344229730457,16942.726446889843,20238.24006998651,1461586.9552121235,846087.9562519687,10485410844938.434,55933.88828414686,1.44866108791774,0.8501563112618831,10180.005159435928,14906.16415967438,18050.657467286423,1218337.8218512386,437667.50970384735,8341151616033.36,55136.52609186391,1.463719241176981,1.3027871272093288,13044.63764205866,17948.768872874065,22188.304920936764,1527426.362257349,390389.82021244033,12603414406770.34,56618.919371932556,1.0769392609706707,-0.18821520283629178,1780.3320805385163,2230.904680144469,2854.210575428011,205664.94890984579,40679.97688643824,208550861027.45844,6777.996737975661,0.6774831514743566,-1.1264159581702584,2441.5558163504365,3130.9942435838902,3970.4306766029936,305073.9365518512,125719.7461472569,403566585797.37866,10830.764613994636,0.838115144682397,-0.5752908273115942,21465.635084745652,25312.082139795824,33188.47679305627,2514298.989364035,602764.6792765077,28197759791186.793,55175.183862496546,0.33476504879755775,-1.8804689784837836,12538.858778524804,17655.88938022439,21655.332121085303,1428412.8177756036,317105.2872399267,12005207277427.43,59605.9221753554,1.1094264735628125,-0.08268648323605987,12531.118671001324,15699.988269311661,20087.771573851638,1435519.9954565312,261238.4964699108,10330075310162.988,48736.098420703296,0.6781171571090718,-1.1175889304896347,9318.095307210107,14911.75571128448,17583.72425134324,1166605.3807070886,486794.7433075177,7915196378810.273,55501.40945063617,1.5415796854927213,1.209765813057862,67,214,281,247,0.31145424418479184,3,24,24,Push Up,WGC,original,True
22888.031733739394,24430.352661406738,33476.91932967197,2441483.6868932648,149371.03974003255,28690025671817.34,54242.74605794479,0.141003145596514,-1.9591899441142318,2265.679039343732,2567.545180215866,3424.2648498285375,263982.7312342556,73142.34414706504,300175097901.34424,7526.3446819092605,0.45725908140559146,-1.419772205378584,24151.02957239572,25732.249000174055,35290.520937125475,2593425.579476431,205176.5369643804,31882774221150.492,53524.4802225104,0.1301989853612803,-1.9766252923415948,11276.618447588942,15388.770396266746,19078.164951627787,1346897.5365518394,445620.1912862778,9317795274790.885,50815.413589612304,1.181234233615641,0.06147097890705533,12253.40995669305,15243.572770844776,19557.928478927024,1379117.0749496722,323747.34320393,9792321699502.71,53437.80919918642,0.9098367819908595,-0.41237240886171245,11221.469332703511,14336.695852684148,18206.103975237984,1211523.1598178793,179788.93866343534,8485432882103.713,50445.4856766868,0.9473918994084184,-0.3643272326089573,1856.4711580925796,2181.603387055668,2864.5904592528345,186540.27568179092,14924.314153183712,210070489580.6046,6806.49620821083,0.6372310958490317,-1.0566216858039454,2691.648838116511,3092.54117464846,4099.851751542979,312678.7818499784,89393.94711123504,430304880246.529,9704.928226122542,0.5723446421552502,-1.091841564638356,24055.782177681314,25637.054362660565,35155.9271329041,2580184.5082807066,199328.2255210633,31640043841896.016,55411.480401280765,0.13179891069991706,-1.9737330502214283,17821.411817655702,22588.165374893764,28771.999134193436,1685295.2313047429,516091.74781284714,21192395114957.516,58372.585289440976,0.7240482891949489,-1.2284586261141883,12710.449365464441,15211.823048702234,19823.094701308975,1390067.4089364212,238819.8435674195,10059650138548.836,52559.13498270242,0.732511201503282,-0.8140360871039785,12895.428456747835,16505.55428250919,20945.772777721984,1469497.5895563609,370102.2367279435,11231370169752.56,55495.82339348579,0.8432962061843763,-0.727221179500773,75,281,356,316,0.2659475617963764,4,24,24,Push Up,WGC,original,True
24187.61040868039,24228.6760025963,34235.496755865686,2423506.857359274,101840.05844069029,30004972495894.79,51374.29723744478,0.01000163326440173,-1.987015968355815,1999.734441175393,2176.3284576915335,2955.5614341409096,218003.5399352585,44337.477774323095,223624790809.11536,7085.864294418126,0.4609153171275682,-1.2439995811514937,25577.948381850332,25586.285711024822,36178.57736162097,2592457.848876194,34336.82575690702,33507570173716.312,53674.749513731,0.0019620679744138526,-1.9973606524550171,14188.902713396714,18667.271286293177,23447.643324784312,1580310.4139143014,375361.5782670161,14074674623649.344,63257.6540506966,0.8560015727395536,-0.836417873024093,15341.182692020153,17470.316304589756,23250.028777882264,1494848.735473736,367993.32453328726,13838434257212.25,56003.212180457616,0.6427292387400909,-0.9805485731162049,15430.302572741357,17868.818969603555,23609.085726787736,1584582.1880495977,434209.35776329064,14269156578683.193,58567.85455674217,0.6916719398927308,-0.825115225750269,2364.1298531396774,2491.538333970148,3434.6576586537662,222659.83176611096,51189.75094592094,301999954743.0137,6789.839904046127,0.29542250873873205,-1.5673811056689966,2398.485041383453,2565.6993700614034,3512.1992755641963,257057.48728886223,37953.741675258265,315789920032.6057,8088.178912870365,0.3690134380273163,-1.4009655279194564,25730.34876002034,25751.517139045285,36403.17956270885,2591794.0507745068,77524.8857180954,33924901946235.47,53897.20245904389,0.004891736710369178,-1.9935642793664228,13689.222221219865,17953.84543931983,22577.319838300675,1317813.6267450936,529869.6413235655,13049225499671.684,55706.180046421,0.80458892637862,-1.0293287417210586,13972.166321913188,16826.10645996829,21870.96912186087,1502246.6131252237,292834.36063647486,12245485832432.426,53527.246905870605,0.7443862237436226,-0.9504460330323634,11457.183435898642,14482.729571654707,18466.63228987657,1264436.2627466638,561815.6913038235,8730022608115.503,48270.116235255606,1.0301752651749034,-0.22376927372570465,80,361,441,401,0.30365761974621924,5,24,24,Push Up,WGC,original,True
26066.619540558335,25154.75034054494,36224.71696186684,2528497.1028876347,223314.6653203719,33593091045564.492,55406.94902141552,-0.06343439218374644,-1.9800449829469298,2542.29842874291,2704.7154291393467,3711.976138583478,272779.3939343134,53342.82878804075,352736431447.3758,8378.190779388162,0.4655146511464675,-1.1806844345483287,26660.43718606655,25696.638076310497,37028.31510313547,2598338.2224823697,201000.7503429088,35100060656053.53,53687.173062685564,-0.07088624366292491,-1.9894653980616295,17937.16500344089,20517.925821887566,27253.021270918667,1689389.755233318,329306.9771462479,19013815510864.516,62275.62370172593,0.6619189699128953,-0.9547249523050243,14695.60052078855,18224.847583239676,23411.658294510402,1467981.6975223934,59931.72497324533,14031507048932.295,60083.07749428788,0.9434284455507116,-0.420789785720308,13937.339017111266,16671.543117667345,21729.92795206955,1378934.1794618464,30633.7194638015,12088058081334.617,55560.31472254569,0.7271433863139859,-0.927216146332825,2608.1206597627747,3129.23060731097,4073.619713426033,258236.38541542325,74693.74807595594,424816065782.0978,13821.583263861574,1.2193641026009678,1.4097609296476357,2944.061340583841,3106.341804624461,4279.819690626917,318039.4999660534,68861.01855663609,468911528557.51355,9647.906008118838,0.43419256702422515,-1.2308482759451018,26573.356644093357,25618.852823934092,36911.636421981835,2588893.662920838,193363.49530595515,34879203925723.555,54902.29275074487,-0.06937710263599017,-1.9874793003049633,15754.627676890206,18811.98322691029,24537.705804883,1604439.3892861349,61817.56666164384,15413734557874.918,58973.54856420284,0.8187308603448905,-0.7662700982273369,13781.38392968554,15761.664627072347,20936.967660903014,1326040.807681449,86211.3911636378,11221929339742.684,58450.6524907835,0.804395747511142,-0.37610326786513815,16457.57269367491,20557.289541274797,26333.511961973476,1441340.3072275098,595461.9296432871,17752418617635.844,58572.41755190793,0.790784058698161,-1.0056203350783757,83,85,168,134,0.32542102240726756,1,25,25,Push Up,WGC,original,True
21479.35280534822,24728.299670772605,32754.410413624497,2448423.2695311005,449379.0995109438,27464995879530.312,54094.994152473904,0.29252989607401647,-1.8947189807540854,2106.5533862463876,2644.4412041430282,3380.92242609551,259962.60594057027,101287.7796988412,292624293152.6541,8214.846469909666,0.7332094936328912,-0.9856506605037865,22223.706241623724,25537.068369460867,33853.13840725117,2550669.4656235315,511128.4196202635,29338495488524.902,54018.61346448243,0.28122066895483977,-1.9161433739098475,14785.031789900395,19350.23782984527,24352.18407247983,1641563.516745373,201129.4508676203,15181539048958.469,61949.93524057488,0.8439161514290375,-0.7810637100938917,13131.585544736849,18184.771471714477,22430.435849470752,1530775.1756287992,370091.7700357618,12879985981368.898,59965.676783128765,0.9982605367291731,-0.45512024661680917,12182.943041099192,17230.97447312345,21102.8572102476,1530777.499198974,729038.8140954514,11400462910364.137,57030.75669131403,1.034322809391503,-0.47050321485889945,1804.4948524907911,2217.527864399565,2858.9563658884786,202432.176429984,26612.779499247397,209244966452.58893,6201.303284286952,0.616357283849712,-1.3106710295788027,2382.1178063103343,2997.608506070145,3828.8564870996206,290933.0181995571,110354.48241066118,375299635169.404,9485.21223925422,0.7483490550603585,-0.9167293945646651,22031.83823674338,25324.890432360975,33567.12635155288,2523470.6355965994,494848.217356611,28844850470428.57,53922.507561695566,0.2832089853799632,-1.912338456385229,11742.980736180249,15813.681738752424,19696.95729560412,1308176.9622945494,331745.8053616413,9932035243644.219,52737.48215693824,0.8997103344771474,-0.699087106934313,13798.021834834086,16674.868090622727,21643.396969843398,1638546.5696378017,460092.05667129875,11991977789292.195,46475.66904522657,0.5373772817259014,-1.44999820238858,12391.937878539535,17925.467402446266,21791.799053353687,1383996.301422112,443651.2738326667,12156992153132.715,56288.85845351848,1.094815652586683,-0.28674983826791633,69,168,237,203,0.33293821437677373,2,25,25,Push Up,WGC,original,True
21066.213166972437,24258.29240174011,32128.649013686285,2421456.3024163367,493345.7237545054,26425602238582.906,53509.95619125376,0.2938788655831029,-1.8922578077749623,2130.4633765124645,2724.326698541505,3458.4433144186337,257419.86286261462,93355.60779530594,306197252071.6018,8325.848184201677,0.7968567870227073,-0.8863952259129344,22197.093535576518,25511.128667810826,33816.100415818684,2544261.742974341,502379.13480299007,29274333371717.938,54216.97176580724,0.2822745019439778,-1.9142562816366437,13420.940695225745,17137.430342360174,21767.249892533822,1626785.2626352943,525430.9798434067,12129617097830.75,61722.6567690791,0.8554285144994977,-0.5217743834470028,12135.788605324298,15430.382412564786,19630.946652444138,1346015.7566230728,146070.04200129764,9865576101660.355,54024.96774867204,0.8281407199907431,-0.6575814663349582,12489.253930891568,16609.009422133342,20780.776158142042,1480763.9086603285,515931.1620387561,11055120838011.0,53238.39569348839,0.8248292818559615,-0.9173014380726388,2154.8862960634037,2985.77095638932,3682.1682678796537,226427.50110683314,45596.44876238204,347094096716.28424,13754.116452124088,1.577052694466976,2.7503487378055773,2516.0774321107515,3098.012674650116,3991.0309666387957,304585.9024678901,107386.01507369625,407765201322.7468,8889.722513280689,0.6409127507171487,-1.2147379913959784,22087.823918613176,25392.245214746003,33654.688863595984,2530224.185163399,496887.2001886559,28995534912139.562,54606.22350742708,0.2839485468126317,-1.9108610139101094,13142.728869332315,17214.563509799103,21658.08207034242,1465093.1946790537,157189.4405415626,12008256485521.607,52377.281616994536,0.7831892728675164,-1.0448140663087144,10266.989929163814,13084.392522910008,16631.66888496565,1184849.7617605405,231707.15829686893,7081277693417.845,46467.47320733538,0.8536177314069375,-0.5145570104326014,11838.631503284309,17476.389334737083,21108.703893177993,1393862.1680782163,556861.8084676198,11406780929276.613,61624.43712778238,1.3951641561503312,0.8201938290458459,69,237,306,271,0.3693628873141189,3,25,25,Push Up,WGC,original,True
22990.689357630865,24841.043327000967,33847.44053415296,2479216.3917983514,205290.38122995774,29328620306253.324,54041.40463508787,0.16390377063133751,-1.9555174443871826,2347.9172326847756,2725.959248575541,3597.7172146282796,274258.12267029955,74008.26469198971,331355370404.67615,8208.607051158344,0.5083878332403148,-1.3685350562913765,23919.37340501431,25812.18512226816,35190.98357356253,2593399.2872093427,248095.66558455979,31703176316793.53,54890.36091990592,0.15654398557875068,-1.9673022591486973,9927.047375275031,14462.8346142966,17541.945578283237,1251844.325795082,576834.8731510203,7877628279589.141,47344.16633727474,1.1123874403703087,-0.2793032476283921,16033.519218584475,18651.9102999847,24596.08701341319,1722615.5608487332,124334.97972116306,15487167907107.66,57822.139621763534,0.5578596286295064,-1.2125958807289534,14304.258182134125,17739.996718134247,22788.577965738994,1557345.766223603,396881.7339014992,13294573713934.46,54792.436148723216,0.7264138418370583,-1.0361389486970587,1913.4328816441273,2329.263497445564,3014.414343299423,206159.32945884668,14229.972166534923,232619362127.0858,7474.111570477915,0.7549414774378458,-0.8344309016187093,2637.963241171693,3073.6693995530613,4050.468323480871,311675.5896111509,93875.94394412839,420001117171.76166,9548.026647541366,0.5503576395939392,-1.241706040900852,23609.35826652243,25466.810043900477,34726.93783749326,2568005.655221883,267037.73414778366,30872581416169.5,53745.1530524953,0.15398048314273352,-1.971543089640679,15361.769431520679,19194.09566107236,24584.492435549688,1625189.228352812,110441.59077335778,15472570068828.156,61414.531418025865,0.8169127901004551,-0.7668365955141407,13646.191808491934,15829.161985952378,20899.304295877224,1525568.1003773853,249834.9593820726,11181591553322.807,44875.889543710175,0.5133825829631753,-1.3875456535193755,10576.592636208363,15446.455986648276,18720.505183882175,1271152.9377903943,524864.7965489519,8971707247097.838,52838.791031071974,1.330864879966755,0.5535283747090509,74,306,380,342,0.29313131588853486,4,25,25,Push Up,WGC,original,True
27209.36290202928,24668.06902642258,36726.8710759122,2448865.8543664035,495140.54611055704,34530894311082.906,53495.2084485784,-0.18753017155575752,-1.9475238166623492,2669.3596432929944,2613.208500159738,3735.5507720480005,255725.62815464215,3014.7070816282708,357231093006.03925,8093.363511189518,0.19076060537156284,-1.5441327577410586,28275.391323138174,25591.68131743581,38137.01492159279,2569323.972835583,449870.4756562981,37233456822522.63,54622.32729401384,-0.19731641571001537,-1.9560951085910006,15941.513777159218,16739.395629430088,23115.778757072847,1476910.8983583464,174326.01965182138,13679084225176.07,55613.78985826174,0.49017286849356195,-1.1755943925508492,16031.77888258918,17405.331279622536,23663.547728386777,1403122.0853637566,493939.38763207116,14335065371997.156,61772.945563067384,0.6034958165675839,-0.8984767375423055,16349.431828969135,17860.213209039648,24213.44950647188,1400068.0486784335,547812.3167822834,15009053107263.06,56310.70449772528,0.4924591330359285,-1.274547851802409,2668.8701788493067,2561.724564508139,3699.364915219306,222175.80502761787,81500.47071375605,350343699864.4619,6677.218923366286,0.09581131701596833,-1.7108166471310224,2902.5037930770877,2874.4774329128813,4084.990670877023,279580.64826491394,4462.749670733974,427191008797.49915,9616.99524257052,0.3083453726309156,-1.2257836443904586,28272.140024927783,25591.520654034808,38134.49660051924,2565293.126623373,461492.4437375229,37228539672960.35,53559.71958149794,-0.19672384979990643,-1.955702802979998,16962.358494520573,19632.60931755443,25945.34552308678,1604432.3198871042,351939.5134461792,17232920430396.398,61462.30817476032,0.7097585053745058,-0.924915884166114,17189.311456469288,17185.664653655855,24306.778847379646,1582362.9303763425,330082.5905444964,15124979147146.82,51921.99990693397,0.2688021432373848,-1.4956480623455992,14157.461113761401,16717.6693108622,21906.94347404516,1340446.0026000778,271545.3831929402,12285802812800.254,54053.986941936266,0.7243932539823901,-0.954656352283505,88,380,468,419,0.27767677244397004,5,25,25,Push Up,WGC,original,True
1599.150641867729,2256.7765609738103,2765.921767069117,148433.9323407648,64009.01286494299,195848274471.59674,8350.453201518809,1.677606550362263,1.7682703790815388,2942.737328877462,3053.6730327909618,4240.827982595333,303222.52093412593,62430.319170504175,460406322635.8683,9828.147265074784,0.5654363424110533,-0.9253043425633907,30905.58644797167,26916.82606230685,40983.78702562186,2686680.3048509867,619550.1353789176,42999572453415.19,55529.43869621568,-0.27648118575037045,-1.9220075041523066,19137.13767095052,23615.49326062921,30396.078039440166,1806481.5301210221,334571.9899718243,23652391940601.266,69073.24297035436,0.6897126969206895,-1.210378918880023,17040.25674688979,21147.512842141725,27158.56493647027,1811607.4352300572,798882.9031116641,18882243824856.887,67021.53930462932,0.7636552616263008,-0.97595527312619,16071.05414021084,22198.04006762734,27404.958748766192,1478569.0760656197,1067844.9261128786,19226413158952.36,66055.30181163353,0.9822733064495058,-0.6938364603735327,26970.962075735308,23502.423399818108,35774.24633664656,2364247.86017345,511918.6585315659,32762795544449.79,49932.29578572531,-0.2732421250593944,-1.9193194560867655,2626.900658420961,2827.4490073079514,3859.4138101710732,278247.69340341154,72388.46663782255,381313918928.3634,9275.817639704359,0.69998170448289,-0.7142131811724335,20433.024941113177,25267.53291674816,32495.48780897288,2453539.4852401214,933479.2905539087,27032492235343.484,67275.7138288865,0.5316055517822559,-1.5622499163569608,17745.420362125937,23075.505592543668,29109.773310351764,1779450.444788859,1231788.58315669,21692899895809.74,69342.40711247125,0.8047503358109115,-1.074695060906485,18795.728066560143,23655.666588216787,30213.737856891403,1753980.638047924,535292.6625957189,23369470855294.79,67991.00071451951,0.7018010146642016,-1.2162021878850175,14196.712476372404,21361.824537150078,25649.05831980533,1191641.3217226982,1260119.8619905405,16841579332935.04,63124.530464133786,1.1626186724268848,-0.34136770937970295,91,61,152,108,0.4256640754467493,1,26,26,Squat ,WGC,original,True
1349.6411462498813,2028.2812250974941,2436.279120243345,129888.40340814098,66542.67059362156,151947672364.38235,7244.321535398627,1.7376033953878578,1.8250876305399695,2857.5172948435475,3004.5556731119786,4146.415305195484,300422.30785518576,59107.35336863971,440134653008.8795,9512.467904526615,0.5517045734539711,-0.929998576628492,29404.456986327532,26938.75781361578,39878.800924820076,2714233.1534837265,408457.44964945083,40712160337956.625,54807.4773188977,-0.17481261095289172,-1.9683064021166672,13909.940405942121,19764.357083887055,24168.497119933993,1453365.5120807732,498664.9746577355,14953376077728.193,70562.87377281311,1.1849126206581861,0.06702571451892503,17108.389424530367,21716.093005478673,27645.7172835863,1713499.646941359,788155.3926381881,19565713513573.938,69163.07361250745,0.7273493535808107,-1.1206320339688651,17558.186268657075,23290.346880830308,29167.278976179114,2053818.1943455457,989274.9891096249,21778692169581.055,64315.637253624525,0.812538110274631,-1.1407417271864546,25893.629670069462,23734.421204910523,35125.52928316964,2404750.512224443,336214.5906517081,31585351870023.883,50791.71350034934,-0.17166146700649781,-1.9649570555859692,2602.3178447414925,2810.173890772914,3830.030738968264,279536.2422320161,66621.51499313598,375529867812.9097,9313.607714456399,0.6950208365029473,-0.6154592818780786,17846.536332141357,23879.887631885926,29811.875022647266,2294713.792697062,1054510.6487805133,22751946044568.06,64623.36107708512,0.7578563266375693,-1.2061960662309017,19238.640308521834,24203.576265441672,30918.25326498463,1996556.0907682176,943449.2828076282,24472022654917.945,69227.22627149498,0.6157605518236756,-1.3785627486139984,15664.750676730124,21644.8119746723,26718.575919817176,1862756.7458013245,631948.1690040671,18275386859085.68,66143.37592105949,1.0460749328131085,-0.4981853016136806,9505.852836470744,18963.26601319632,21212.418439109802,1322211.5354777155,1027065.4063134004,11519147418518.668,67353.1209039799,1.7645880752612484,1.4526662972672293,87,152,239,197,0.38065586204509283,2,26,26,Squat ,WGC,original,True
1110.3786028374054,1650.7533977311823,1989.4540511809241,99997.82646802149,51996.159470179584,101322941997.06088,7793.428424834014,2.0444421545421316,4.1492369938659905,2718.0924351525955,2793.0135399392407,3897.3004914065446,288911.13992934907,56947.47555159464,388837148680.13293,7720.4217475972055,0.38513146301628126,-1.3278497518814187,29147.654366879327,27042.031949490705,39759.99556147278,2727309.1819417626,358497.3425492826,40469945524437.39,55253.069328089434,-0.14946819683940737,-1.9763858957688,14377.822976627282,21631.71499742687,25974.081067039384,1594512.4231513038,564378.281596368,17271113914294.621,72286.87178480354,1.1630365247519936,-0.22909578409751363,15946.355672965103,22157.8664165173,27299.40115425486,1856842.0919854646,848782.1679417894,19078586966551.844,65731.5367015378,0.9568401316137087,-0.7603247910036459,16500.497350009326,23226.2457688237,28490.786323151307,1775755.5486195693,983120.810314113,20780157575973.51,67980.48395649862,0.8585295885915266,-1.077015941471597,25411.81507708523,23586.83793796487,34671.30325534065,2389731.2018436976,295687.79662752926,30773741297249.156,50074.914975491796,-0.14668001900310448,-1.9733735525370608,2441.6182860936105,2572.0281996141207,3546.382511038108,266092.0391019068,64983.38106271539,321966820213.68207,7362.859705169757,0.5039822236195644,-1.1437866570432598,16087.765554553025,22931.762038843906,28012.174330894515,2132959.8224996245,1192686.974433224,20087856915057.29,65914.73270789841,0.9545008336288653,-0.8285367789183504,17979.01061071538,23732.920542840533,29774.08839969745,2018429.4363789496,1028900.9344506763,22694306304844.758,68098.85420351638,0.7718799021229614,-1.165639067257598,14120.867541752197,20904.35676325794,25226.79194462266,1626020.2280933682,542739.0887984496,16291610414522.334,68532.30384550111,1.2324727536226538,0.009338199422977311,14699.675884432534,22339.52331089373,26742.003905192512,1776139.4926959048,793112.2894377161,18307450185352.49,69809.2236914647,1.1211231409944311,-0.46973163510029226,86,239,325,282,0.3240980067330056,3,26,26,Squat ,WGC,original,True
1266.9886785937965,2087.727352212838,2442.102743305957,131419.4729104502,84558.4305365119,152674964706.87952,7734.076688393085,1.815523062427441,1.978460486801863,2790.670001793503,2999.5202721890464,4096.945315986437,304269.8919929788,73242.68280936207,429694999607.8899,9169.965469104442,0.5861346569740729,-0.9455021432991959,28618.343878390384,26887.33479181612,39267.52320364769,2713015.564443752,307215.05326708267,39473622490854.65,54945.1163942342,-0.12411165975233326,-1.9830907745813096,13625.52796493965,21774.797034938754,25686.510043914685,1818063.0935543943,964253.5380768604,16890798034844.93,70171.57060517016,1.2599679092674303,-0.04191711806426257,18219.69471631411,22691.718358552975,29101.054235535426,1855422.7263145694,731847.14186099,21679906755061.105,67894.12376986729,0.7335141290224344,-1.0892060447041156,19836.60088221836,24501.85124322701,31525.092369502283,1854446.884167086,1110519.1071910046,25442085091984.67,65259.31513730123,0.5665115858107059,-1.5233913285486043,25380.557280328947,23853.661974298364,34830.58824430255,2427007.4190987935,237935.1963871529,31057148862570.152,50470.89639930232,-0.12198667474207082,-1.9806667968780176,2594.663002300368,2857.9083639926166,3860.040972902401,289005.5979291001,81080.65330076838,381437857599.624,8859.583999547167,0.6876335270645247,-0.7754938507949185,15987.178554244781,23379.09146487939,28322.63751574879,2130694.633246182,1198250.8179201086,20535597973721.617,67009.41336391622,0.9949085061552227,-0.7842504758501416,15406.292567339557,23651.005646859736,28226.2983541635,1505500.473434355,887091.8736962789,20396132320723.28,71186.41024485578,0.9887629729755416,-0.8038655298147619,15622.851689155843,20952.45244500687,26135.77544978595,1788524.0806928296,664934.4067210038,17486816214057.828,65922.73997170618,0.9941930221752981,-0.46157100008825847,9697.951455538725,17808.287604846628,20277.70622755246,1319913.1023804545,922277.1657475604,10526345468183.545,64903.971764709786,1.953175988545907,2.380829509487276,85,325,410,368,0.38077765656488827,4,26,26,Squat ,WGC,original,True
2733.301627582547,3024.416564086889,4076.5222114528633,280503.1275932088,47191.996021166284,425421653515.9946,8855.834181325701,0.49913377408482223,-1.444400745477256,3095.6459897529976,3277.610617693202,4508.409415202776,334434.7052554271,103912.85146849675,520339339650.27936,9721.192338725687,0.6075563073903283,-0.976390241188092,30208.797667521332,26649.728164676522,40283.73701344495,2662182.1307863654,564696.2575681371,41543154374870.92,54842.66826316138,-0.2501513503293792,-1.9349914071473824,18128.061552040184,22505.38804305968,28898.427407096933,1859755.8290212334,97669.12211148466,21379049129043.23,70976.6299137942,0.6479602432050955,-1.2333359178320735,13969.107070587033,18411.25654295195,23110.826896498438,1373515.9234725167,873563.2934762983,13673224187901.836,61508.68630528695,1.0118240448816587,-0.4048335107785648,13221.517510944745,20786.72389619101,24635.267719850275,1392621.9223916042,1341055.774456191,15536548240094.645,61374.34247741817,1.2587613788669443,-0.15268924786034033,27153.992787543226,23968.04960478048,36218.87251369329,2421319.384816847,462695.4193839568,33582252189777.066,50490.77905791729,-0.2468255810456921,-1.9322052005043229,2912.7808528994196,3174.908094350039,4308.634784312412,323077.41351374943,112976.31010996256,475246942837.4237,9527.07848345702,0.7112728487201982,-0.8392279730117482,22109.980807176118,26615.932251607202,34601.432064523586,2677653.1275229747,861294.7452582099,30649832983445.53,64683.496909727866,0.4397483979404789,-1.7461849355634966,21376.066795686354,25103.93981221871,32971.86718627176,2324856.170482613,794886.9721769749,27830887059178.086,68325.93428464133,0.4558280140840913,-1.6276440970310517,16149.571987181309,19848.99832166003,25588.89231175148,1766664.6536836098,619692.9541038566,16762660089405.797,66012.7626203892,0.8707542541186621,-0.6369903407838726,19151.82757122053,23672.632702197567,30449.72969290395,2295876.399278122,778619.0557820961,23735962582295.457,62374.63866120492,0.647898734744023,-1.3792329685658964,90,410,500,453,0.43939955723157115,5,26,26,Squat ,WGC,original,True
1476.4780752364748,2065.249076305743,2538.747969735423,120660.41744880156,69265.41494029868,164998176098.19473,7600.634072570845,1.5444261825692025,1.2823943779830156,3067.9852827880677,3335.672347739822,4532.024239440945,329519.3494767781,89985.47679392132,525804638896.13513,9730.073126996223,0.653515310657851,-0.9341168451025577,30820.669285061875,26848.23633244478,40874.70427222642,2673788.306648763,632110.8264714923,42770981103154.3,56125.086875210276,-0.2752725695165004,-1.9210543348844797,18430.843985382373,24116.42880025309,30352.893570320146,1783712.9699935492,446661.7703947977,23585232591134.27,71365.50510926693,0.7373430587702297,-1.1882252670346622,14246.826989465344,18604.724962686156,23433.05080873925,1145062.7117696416,758832.8427727317,14057161477246.855,65656.37732317236,0.9829507130198044,-0.3552495044075248,15979.02506490592,22084.455854598207,27258.988103350217,1320511.0510504344,1247706.2854669574,19022142269915.867,65596.86089314696,0.8897024637892612,-0.9320772262484271,27180.3694229902,23695.822050510018,36059.180032547294,2372445.3347178027,532395.3808160798,33286770294263.23,51641.476640549336,-0.27036200871983435,-1.9167680865214676,2969.4832141766474,3155.446704833913,4332.975244139305,321571.7152016068,85287.55129566335,480631666337.8961,9407.905291290675,0.665653413979519,-0.8541607034960985,19950.5035672163,23145.50906933065,30557.11345438207,2252159.9966250183,765006.3792880847,23903671876197.83,66450.84322258706,0.6018849422499184,-1.2811311609203442,19313.429690043195,24419.308168987518,31133.76266762857,2189527.983898113,1000760.028417024,24814366152812.086,70771.6072619135,0.660110808931055,-1.360613518921869,16299.666085801418,21086.580559476126,26651.88537795969,1766631.1798211061,684595.4785185878,18184268651517.477,67662.40362478548,0.9068592781546282,-0.6841953684955007,18117.090417072053,23935.2249272456,30018.726780098503,1641377.8936955582,1066459.1955895666,23068773311953.996,64210.446691142475,0.8120516245211661,-1.1429000272356786,91,87,178,137,0.4909976334982144,1,27,27,Squat ,WGC,original,True
2363.075191320166,2926.9223536150184,3761.7813365378006,240155.9911768802,50956.02597761981,362265569892.4575,8274.181098248022,0.7755516028990714,-1.0429036819885813,2953.032212532041,3438.416791226052,4532.450692333799,346360.12083287945,128744.24920564854,525903597527.99084,10529.26798217988,0.7274019516354256,-0.8880766491500389,27829.545741748967,26812.700085793702,38644.592145380695,2709442.3030526983,204993.8890309431,38231155253320.17,55017.09967371449,-0.07327965620007222,-1.9922595655092727,15738.92676144687,23558.7149055267,28332.434833633244,1903489.2529553494,568136.9353384514,20549807708213.1,69791.00526700704,0.97337998531021,-0.8450501165934869,12858.70216763941,19807.81981031087,23615.586951710484,1405406.0993721513,1104090.8178653403,14277016245089.234,66548.433103358,1.1859271183053817,-0.2055039413218691,11961.520133800812,20416.075303189933,23662.08136865487,1214266.9028937768,1211327.9972339917,14333288824239.205,61894.064412505686,1.4244286165181155,0.27441428142218705,25076.350400979485,24169.64667967785,34828.08019476765,2456947.5323594664,153926.5025242019,31052676353361.062,51286.78361488993,-0.07089895694618077,-1.9893988222201742,2866.423881224129,3342.210586215977,4403.039571644359,340342.45265462226,130657.96669391455,496300991218.33325,10428.437815282663,0.7743447028175686,-0.7984042072238728,21649.260526835897,26131.4672074105,33934.40819832851,2618252.0683185467,861332.6714812581,29479527930132.094,62962.822890307,0.47297532363512806,-1.6803060472208267,15534.441492072438,22428.237384841865,27282.681405269534,1906413.231666817,1180363.5701705837,19055224439332.86,67087.0990248905,1.0254061002700634,-0.675374949870478,13555.249710134676,18397.06644989995,22851.626827561766,1502554.381113976,285366.775553334,13368239325853.197,61640.05497734599,1.1511622694146095,0.0017163003758629003,17155.699856642073,23935.05218390185,29448.34054097605,2253524.8514043023,1209991.232837707,22200441871802.715,64183.45599586324,0.888355665616971,-1.0789973010971914,83,178,261,220,0.47121865692514975,2,27,27,Squat ,WGC,original,True
3178.8651845465674,3166.7730368391763,4487.051964082197,329169.24362463626,23583.64618176681,515421064406.3718,7811.380216643084,0.13397694821546643,-1.8520832049715295,3325.054161343982,3561.6942421421913,4872.540512954179,366134.2310289732,112281.29451342452,607786266889.7219,10603.587373963644,0.6380949147178192,-0.9356511790823272,30089.35188796574,26551.685657065696,40129.30485654412,2638717.2441691584,593016.5876818337,41225244371698.055,55242.24135420449,-0.24849564733715315,-1.933630389270346,17580.24865828985,21477.81450308483,27755.389723731554,1951840.9001158627,794237.3623292833,19721258463135.32,66144.38653728088,0.7588010739706976,-0.9507220569603572,15148.919335107765,21655.12141647838,26427.902689847004,1621134.894192033,1364724.7567301604,17879911438950.977,60370.38578662085,0.937280061864314,-0.939331967411944,15400.803534894774,22194.914166833463,27014.791585232193,1780927.9590788714,1342995.7804753475,18682853488474.42,58269.684905240014,1.048480967574273,-0.7470058635076509,27650.194943822855,24399.93843967902,36876.69014827025,2478328.491776239,441205.44795433147,34813191073063.234,51427.28584251543,-0.24832997039125695,-1.9334646803329738,3232.0399894235807,3584.651050734967,4826.57286786064,365542.6563054474,128618.32128689764,596372624608.4733,10921.493303433685,0.7469834602390603,-0.7837893675691521,23355.351293275267,26508.810642342258,35329.72510088145,2676688.9068928645,591374.91311973,31953650578018.633,67372.65070550733,0.3349725981702568,-1.7896063042086183,16282.377248222989,23708.270057598325,28761.047929056112,2205375.417307636,1280360.386875445,21176265676223.047,63475.085827861505,0.922436684800707,-1.014361289209806,15559.472641393668,18873.804622277057,24460.53330976585,1578325.9075150539,270529.6208535239,15316932858833.02,62173.72763560891,0.9631657405428162,-0.3546259148781137,16839.47225256662,22453.355457559035,28066.367720965554,2142436.952618855,1131189.242033528,20165657524440.504,57773.8701665458,0.8837948756336702,-1.034987518545396,90,261,351,303,0.45597582074881804,3,27,27,Squat ,WGC,original,True
2991.4956224022762,2981.882015540134,4223.821304630876,311272.76931176754,22189.18886699087,456721060184.41406,7136.595044804415,0.18086451785650343,-1.8314522161920437,3449.326810387081,3674.057243236174,5039.499188553493,371508.4384641811,115470.26160006206,650151733028.6416,11308.96890556517,0.7061816506521422,-0.7851665837034987,31499.250546661915,26409.551860319174,41105.56184343268,2589523.575178942,788470.2477630023,43255480690285.28,55263.52959834285,-0.351950654799489,-1.8713766569384556,15235.597135712324,21092.510424541797,26019.558337741437,1568194.57221379,221620.08375195134,17331645851932.926,68555.52219063554,0.9795569215493236,-0.5697507918537208,20332.495808040178,24037.868863930442,31483.797822109835,1376690.564254455,1630483.191781847,25375475847769.293,62908.900005875366,0.49826604154613174,-1.6034783967073154,18771.71939537702,24455.145227763704,30829.070326070287,1584374.4672672888,1629197.9105693458,24331048375546.547,62445.9381468017,0.7226351735594381,-1.3808301447865088,28987.684168071253,24313.068057239743,37833.994129404586,2455056.9768675845,604502.7708990716,36644124461665.8,51236.75697778601,-0.34971128258831896,-1.8701337038220553,3334.9669430123868,3711.530156494025,4989.735525411136,371687.96438604884,134346.30023711413,637374991706.8787,11318.781126068414,0.8023287415429599,-0.6920660984463711,18757.76012484828,24570.327204202447,30912.045286957622,2403946.4390048594,1088763.4480140773,24462196321866.727,66266.87967031958,0.6854575658272473,-1.3566614253407532,12147.748046326398,20209.148354886707,23579.174282125463,1637487.0606006042,1036525.153652954,14233022971567.281,67136.1055827629,1.378963712263009,0.25145919724971,16465.366972304826,18486.040932905984,24755.646202548258,1355434.7142465343,591192.2220163265,15688755683987.002,62626.17116754063,0.6484830731289325,-0.9961929799560192,16075.875581347867,22874.612508923383,27958.570656247266,2049892.111513517,1224442.042433306,20011050832393.492,62783.77572384543,0.9579645000307554,-0.9526220243306867,94,351,445,399,0.5040311210444377,4,27,27,Squat ,WGC,original,True
3039.196505870996,2766.379575697966,4109.6923678223575,281436.912949754,35120.8953752135,432373026768.3157,6946.754627385652,-0.026815096589580107,-1.8470257656138096,3649.781768757827,3627.274506767726,5145.680451310989,374107.36979524995,110442.20332789751,677837499059.3042,11723.611683328987,0.5524073149681912,-0.9263933564308662,31984.67025273242,25802.685220215506,41094.983827099306,2491177.161107991,916758.0294140021,43233221011188.56,55136.55258650591,-0.42877806000919605,-1.8078766865536118,20969.509315258983,24891.912410001605,32547.31362724004,2186912.9221760584,421367.79991584487,27118787183358.082,64161.560722051596,0.57244603771188,-1.4866946299622898,15968.541314638156,22099.73794376287,27265.229302177122,814352.319070903,1732708.33275788,19030853859847.63,64874.48125219683,0.9302069149169733,-0.9095392875263815,15440.124812346685,21385.370737716854,26376.723371382577,1705078.1686848965,1309554.9073203802,17810727316747.258,61940.142135761685,1.0546588576449658,-0.6377205773112555,30354.58881340822,24487.071023544457,39000.22704220064,2446750.1568945395,738630.1012649278,38938053359185.87,51844.11602102135,-0.42901202433575064,-1.8082186757766308,3745.340756453533,3870.7766636419765,5386.1386318723025,396187.26059416664,131486.12794423502,742668527660.7292,12522.516076014392,0.6547527747966875,-0.8301040057744933,23771.94363481543,27071.545591480113,36027.404637142936,2767383.7182782553,671012.8467972128,33228131453143.758,65075.55629039605,0.33255895853562434,-1.8378972348555125,20197.705990525777,25122.73784200576,32235.06295880107,2286528.607171728,394399.81224958505,26600941669321.45,67580.31441953011,0.6095541076190854,-1.4508859317399696,20476.12591485044,22622.939042125323,30513.424969749427,1788360.4920327729,916392.5936348789,23835369046643.92,67625.76551517007,0.5658346987186016,-1.2767112119253565,20108.80133788766,24066.532239051572,31361.789892478097,2364862.4725350295,869006.1658518111,25179183750654.492,64065.22303963302,0.5614897611855914,-1.548316791871921,97,445,542,492,0.4528199204284044,5,27,27,Squat ,WGC,original,True
2902.2201651942087,2823.943982486423,4049.3877936647627,301969.16229485045,47362.98548548663,419777062489.11816,7279.128196032311,0.2502229782924172,-1.6982789504008462,3802.9969426593684,3704.597147922983,5309.126648920292,369371.3593936227,97702.87530135493,721582739821.4556,12205.159289994737,0.653352716296263,-0.5908419781140868,34002.09918276467,26011.816911546717,42810.715573024405,2466382.5108257853,1099699.7280637033,46918588617584.49,55611.6174459958,-0.5384293815116641,-1.7024834295961737,20090.34505190469,23869.768436823113,31199.163603086352,1597832.5934413613,1460932.188107723,24918727924022.99,70090.31168481932,0.5549431120169094,-1.3587394725133113,18997.5608206466,23439.066476778422,30171.131142816055,1506916.2261052704,1540644.0878350877,23303607153587.316,63804.554596743284,0.7133450343259728,-1.2600641768240943,17699.749442131095,23636.620529524957,29529.15441340948,2190378.74719277,1169743.0781249858,22322456585497.105,64115.45578914084,0.8191907898411406,-1.1972330964882731,30971.287601994594,23711.041187492654,39005.565371116434,2344527.0699223885,848473.5749402404,38948713725963.195,51818.21486094959,-0.5337983061999748,-1.7011723108890329,3582.2430530041675,3723.8278080046075,5167.142230911108,366918.09154823754,122057.62546430729,683503586162.3046,12184.937277551224,0.8491474485770238,-0.36127586002596423,30781.53510387983,27316.463964929262,41154.49072578429,2787540.7874880615,472375.02933127695,43358517936605.81,66863.39994270736,-0.18224721176640557,-1.9264551394691019,19180.26612597986,24434.129995301828,31062.989509876847,1772083.6792600963,1372111.9498519173,24701678522642.402,66296.58565182041,0.6814292969312368,-1.3465503567008665,18163.688553109376,21321.16128924277,28009.132449546898,1746338.4565668197,466820.2649288438,20083494414752.28,67162.32074164048,0.775986264887777,-0.9605071523055178,19291.542555387325,24135.245129270417,30897.79396035082,1860711.0380936163,1463388.2119463196,24439645993377.07,63373.28388521565,0.6474879384747284,-1.4799368632038872,101,122,223,180,0.4798503244188493,1,28,28,Squat ,WGC,original,True
2482.9013152371076,2670.4543394566927,3646.3852402522202,278026.2855834034,53611.26146195041,340380808200.4286,6561.866855913999,0.33381653355554586,-1.738905419840652,3458.314469624906,4046.044975883596,5322.6327055029715,387237.5126033977,139264.1776353816,725258724292.8607,13417.381799987501,0.9973208540690569,-0.13148198398839694,29868.001323122455,26698.76404026782,40061.47156952604,2652722.537439316,561443.653597836,41085990510488.14,55787.398272613944,-0.2216034009550276,-1.9445237332058682,15328.108417228834,22802.458963777975,27475.49894806462,1421015.1496089355,1125273.3742845764,19325517886594.56,72191.80962796211,1.0599496319748094,-0.6301640644885889,16040.382607565116,20866.450591237357,26319.244565025558,1046563.852039248,1274152.940670044,17733187442524.86,64465.12344146616,0.8435345630308719,-0.8762328155517571,14083.431312804596,20925.48790631359,25223.383628287487,1790371.5228242702,1201462.5622927162,16287208490489.89,59356.64025377327,1.1752672894013507,-0.4093967158250589,27634.744324756837,24713.094531469556,37073.118768401866,2530114.222839483,376451.4335535768,35185053061530.39,52462.015258700645,-0.21906395188481415,-1.9423836297992547,3327.845000850368,4065.2103589733365,5253.616622136498,384893.1619392626,159872.60047111873,706572482877.1562,13447.69603122561,1.1024407848593425,0.013804920935995835,27063.1272760387,25613.321094574763,37261.97895245042,2620996.610143559,100937.18025064297,35544449931593.18,62670.55833354049,0.007395525830291158,-1.8572195225793868,12235.657354728413,20275.420144723834,23681.300068775632,1658728.8913010643,1025988.1093264864,14356581707453.25,62894.91142868881,1.370536907993119,0.19676042467637123,16227.056289207825,19899.710018003603,25677.145764546185,1615260.3237201918,563858.3204054603,16878484854112.05,65160.092865811814,0.8577892911231931,-0.6614643883269409,16841.12943069617,22519.887515057366,28120.61475487862,2045214.4799703716,1105614.5638640358,20243685739322.812,67770.46509281502,0.8601026314769031,-1.0397565869396832,89,223,312,267,0.5635882958346217,2,28,28,Squat ,WGC,original,True
2436.4289211676924,2533.66531808918,3515.0598617932965,266660.8619457593,38384.807113738556,316304533298.9519,6309.242267505198,0.25618939573976807,-1.7577303768684303,3355.3103749854213,3982.4077696084796,5207.463812252832,386116.4697229305,143561.9873500999,694212591511.6235,13520.10887016453,0.962742053430874,-0.24620888411357367,28868.435288975124,26475.82293420612,39170.85339990921,2634172.526259206,468429.4227012292,39279507355575.79,55886.39960544351,-0.16848353229283555,-1.9622075580375362,14188.87035747877,21385.40958984572,25664.36800988493,1515680.0298659736,1026959.9579003341,16861690504878.21,67957.26472232812,1.205350894862975,-0.21758012543195404,11179.003331453845,16886.946267537947,20251.890522303587,957482.0708290862,825815.5033510277,10499560185020.668,69359.44136860118,1.3566989895976567,0.7281643684796286,13833.45956504149,20863.708403373417,25033.156650303463,1661686.927542209,1167887.8683557913,16042468656092.992,64631.26987095081,1.1762261387737545,-0.332135197211715,27284.965653331514,25025.935378440037,37023.86787289163,2571749.1284542647,280632.51935402636,35091629882095.016,52734.899430482954,-0.16799747825786968,-1.9619262030493911,3373.8073394793073,4151.592473800749,5349.607091408066,396788.0261909633,164937.95912653595,732628378430.5527,14175.226914698245,1.066736924312324,-0.06866507394569465,24080.51973247129,26566.9746997711,35856.31848481124,2740479.384939089,545633.7721944797,32913294727275.945,59727.43312752992,0.26343234645530733,-1.86408243748279,18407.69381081859,23831.70532232542,30113.009979127004,2338609.650413462,1089003.2012898962,23213910272076.867,63457.35617705149,0.7732813722774798,-1.2005072913365573,11998.072743380711,17330.80953108745,21078.679004109505,1325257.1443841904,613494.8909358307,11374354139092.14,64262.155111721855,1.3651980267647446,0.7258285276646732,17277.56768083278,23231.169058459967,28951.71084389496,1919759.5519829246,1195787.1788035547,21457959956185.73,67166.85706206925,0.8248729080076812,-1.143655785889691,87,312,399,357,0.556546423860197,3,28,28,Squat ,WGC,original,True
2188.5307852325773,2358.0598352008983,3217.1591791980713,233454.57236224567,14029.02313562497,264962897518.03925,6918.351027263066,0.34358466858025555,-1.634786769663862,3613.159991007886,3984.0042621466546,5378.402651477743,396639.81563419045,127090.08876535833,740536706084.4244,13739.273917629467,0.8337709539885225,-0.33606743969132546,29519.383434864598,26396.935751647005,39600.40675865765,2616695.462065841,568728.2116837951,40145720715549.14,55466.056859458484,-0.21941178533073805,-1.9426833384274989,18896.921890834547,23273.673359625933,29979.284991454748,1600081.9899382223,1145182.8300585684,23008192732130.914,62927.515684253776,0.7739108793327462,-1.1090056876263419,14491.9198838585,19069.826215206307,23951.49293464487,1064644.1823228188,1167491.514325668,14686054753237.584,62631.80785808979,0.9291700192143156,-0.604876575468134,15468.278837723798,21589.00388312508,26558.477721194107,1800839.105477846,1167471.8918209008,18057030114999.395,65891.54417050745,1.0170571814138931,-0.7159141657038486,28139.817701771186,25169.819686915132,37754.061547875026,2587752.5353594227,354384.1777750665,36489450582034.81,52758.82773075855,-0.21794783524854439,-1.9416262127460335,3689.877711085935,4173.946635923682,5571.088586829992,414290.04623993754,147389.21507298,794547917883.0693,14393.101539478435,0.920504627359826,-0.1958351446883113,26932.268871055625,27229.65312446502,38298.83961455646,2817161.67271006,139927.88173000957,37550108565030.91,61826.34446673997,0.06343308300299767,-1.945746309835463,17606.102447908823,23072.103162427105,29022.34979707777,1901196.0646688198,548541.275712068,21562797766244.867,73195.94985968986,0.8313657674362435,-0.9347480421901078,15889.320665835583,19937.415458939282,25494.529734907854,1650232.060746194,952450.2524993578,16639258787944.977,67989.8311179766,0.8815574351462034,-0.6559726093300844,15534.613239425476,22063.59993223949,26983.82201372614,2021524.7307828509,1137247.9693459533,18640042251992.36,65978.62557384679,0.9702692507097102,-0.8409563951507937,89,399,488,441,0.4822276661885283,4,28,28,Squat ,WGC,original,True
2377.8695594325955,2245.1716627436444,3270.3301724540333,215359.6419950474,35200.812180314235,273793521583.6985,7187.054841089051,0.30628236633154476,-1.3302411739957973,4049.993784687524,3811.798225213644,5561.677387780549,375865.6778593231,114930.25560119578,791865737363.1863,12449.749361356031,0.5736756453026234,-0.7642528146183301,35034.82510492017,25382.297683614113,43263.1483578339,2347674.110729419,1217744.5551398539,47915520149297.836,55103.6769538551,-0.6515740912652449,-1.5667350361569392,22643.722046350114,25323.04535313592,33970.498584350236,2402550.8015128328,924557.6590621801,29542266216175.133,65844.74750070983,0.47410027466339294,-1.6137444334057587,20302.147617411218,22653.81086904956,30419.933345913563,921162.2811228574,1727755.822320274,23689532026107.496,65240.06471653001,0.5574168465102526,-1.3443808980331908,20575.821707428877,23928.5837282467,31558.541762502493,1617361.438912099,1675865.8482586131,25496103889295.72,60486.87968023073,0.5413104805622311,-1.5849295666434928,33114.315786127074,24030.860631295167,40915.03602178637,2352844.5953724324,952694.2064010064,42855428420200.37,52859.0844469936,-0.6413181012835636,-1.5663250386569283,4044.361279031792,3978.2875648638483,5673.061792725512,391784.6268531657,136701.61537107636,823900930664.499,13056.534073301655,0.7184392345110701,-0.6093086183907412,25814.844812798994,26527.73888805181,37015.228531261986,2652687.571858589,215782.80489861625,35075254866471.703,66833.91563203624,0.15806809346926373,-1.871233557573153,17128.994407736172,22011.174805781407,27890.75591931713,1904774.814794097,745152.8484041635,19914093203223.637,65578.05737852055,0.8181020260602188,-0.954663423846899,21469.175313952313,20791.8664492156,29886.90681725422,2008755.4064429568,688943.5628286727,22866616297042.86,64608.07209575208,0.4076613471934833,-1.2579204290447876,15717.787655618979,22109.092903780063,27126.755018157008,1991868.2955201315,1160786.576113026,18838037448066.72,61760.5019472265,0.9557160713168805,-0.962181221382516,105,488,593,535,0.4874185951329385,5,28,28,Squat ,WGC,original,True
1850.019806180703,2573.0725123493303,3169.1127207893032,206361.42166309492,46960.11173388347,257107851188.95563,8118.997855542689,1.1177498868145501,-0.40269497673542887,3318.5528996804896,3659.5280551541714,4940.135517821172,347697.6188176367,96816.64038652409,624766436721.6191,12804.726665722117,0.9149333375850691,-0.058678240475395604,30835.637655410297,26860.895358324124,40894.3058269314,2676749.6733556096,629484.4386399918,42812012776104.836,55915.18264502398,-0.27536818066815044,-1.9211566510434734,16088.40104583624,21156.174152289066,26578.569430532723,1615375.585951869,436178.70345643786,18084361036125.406,72321.53716258024,0.8225781293011241,-0.8576467395557397,17205.87752816511,21709.57157562831,27701.04184884651,1641453.1556880858,858339.747202568,19644101619495.57,66234.15607924116,0.8752228905693058,-0.832268722988831,14280.957652150795,19229.558248413534,23952.487592975667,1556003.0605254055,1045083.8072204371,14687274544426.326,60952.9128592668,1.0117697316144132,-0.4821448175074394,27478.225973278324,23956.31116041772,36454.87274773158,2413957.2967394404,510178.10619744,34021318324564.54,52444.94848458194,-0.27014987944706104,-1.9165810273170631,3063.8265302547015,3487.967201489778,4642.515288737453,329142.7332381019,111003.40945626785,551755474077.7214,12122.147792496255,1.001857103690383,0.10622199200987081,29373.233729871397,27188.086111880908,40024.72843351603,2677098.0705796876,404006.17036016955,41010659486123.67,62869.65030543981,-0.10230455778235605,-1.9392094767571262,18103.32933582082,23779.0839162998,29886.039632905842,1546459.7465839756,1110784.5005861172,22865289342454.242,69131.0003970169,0.7993898153966589,-1.1149563285649449,15835.16949576833,21027.030853540637,26322.777579037167,1685135.3654930594,235687.19221623664,17737948658571.824,72053.64280634349,1.0293722236245886,-0.3775858445526099,15854.31881693946,23406.13309866185,28270.240391291936,1374535.4283141738,1305329.7672079196,20459686189604.71,64463.27023280795,0.9782794179510748,-0.9072043820866216,91,109,200,159,0.5102748397394958,1,29,29,Squat ,WGC,original,True
2644.965118023519,2965.8890285884004,3973.957499201799,301162.27424220636,64136.19037587018,404283858059.8325,7858.165750676466,0.44034133392078006,-1.578105507389595,3185.500304126652,3967.2160922343605,5087.849812059537,385855.5471571107,164245.97239077993,662687122177.9011,14301.940773105029,1.087971073865815,0.13570538470982152,27294.665590502154,26970.967963914074,38372.28013303121,2723145.4602971715,115518.72584247014,37694256194760.234,55552.16217622764,-0.02160537575603253,-1.9950737838644195,15426.944683889806,21807.809006129035,26712.752683458115,1874132.3869468449,662889.5239340418,18267421591746.523,64998.206292363524,1.0142539441039549,-0.6247491197938984,14367.08930068565,19558.9537689361,24268.6202226096,1569941.3066717444,673537.8983400508,15077527744236.95,67039.65533229617,1.0250926561646883,-0.45990221130891884,13395.692171829505,21486.941760150938,25320.608898020848,1585494.7179866359,1197926.0120174342,16413010815143.234,62812.618981331056,1.2504676149781382,-0.2242273124353238,24924.94077793876,24641.794330706132,35049.546368256684,2514291.871113042,48307.564297457524,31448849935886.72,52698.70573777527,-0.01855581324722461,-1.9910808180310051,3262.378860223297,3947.4075273124927,5121.048917391357,394325.7571525211,157025.5693202078,671363635566.4685,14142.028498608195,1.0044432686168558,-0.027422802565556736,23602.551038136917,26994.569471791983,35857.87495760536,2713846.198628334,618471.9066877663,32916152229766.695,69150.34731055275,0.3280347023810655,-1.81890150751366,16533.983225018943,23011.510249342777,28335.5290270151,1947227.2145520544,680662.4894926015,20554296454164.875,76958.00728772086,0.9062768855221086,-0.8418972395560296,15457.200833716564,20547.711854361878,25712.51679753913,1844832.1087105947,523148.03628983285,16925018113631.535,68609.01156033415,0.9025672468517978,-0.7222289068015084,15372.135939955591,22679.75742170793,27398.429883188386,2015722.6009018905,1145455.8744047158,19217253377638.15,62987.13115932007,1.050878406405504,-0.7230754324600559,81,200,281,241,0.5398630311637271,2,29,29,Squat ,WGC,original,True
2540.090327358534,2862.1549644799475,3826.7466485041305,295907.6463985874,75948.89361618288,374886141743.0425,7062.789889083442,0.3973074078891283,-1.6842691611768401,3220.356506263119,4017.76950158492,5149.093880994707,393939.00654399814,170745.26023568487,678737095559.6067,13072.947413826347,1.035671165619631,-0.14754140561120233,26659.628151787794,26690.824895395635,37724.47357867659,2676180.204192607,98335.77393795681,36432279213779.64,55981.26322887596,0.006959419471680137,-1.990829327506293,15459.061609622202,22674.931802080428,27443.307345855625,1794510.231452271,1026228.0218918923,19280259022824.78,69782.59118795287,0.9733861384840234,-0.7822445383036114,13064.424638364455,20172.204928431387,24033.248694384525,1260007.7685167568,990667.4091622975,14786484295837.07,67331.42618883375,1.1828695317358309,-0.18682376978298443,12850.559378700496,20896.89206218164,24531.95822195972,1432469.8857327218,1192347.116160846,15406514539621.816,62318.45296118205,1.2402402999284214,-0.32282693596704837,24901.701679652186,24926.31441560042,35233.732372369544,2558088.9088298227,38478.57285365047,31780246960326.695,52875.08273187998,0.005853414974636721,-1.9923514494905936,3313.6815920174645,4168.667849015922,5325.249039124315,408744.4069941976,181160.0093646524,725971899614.5776,13407.129831532655,1.0510840284758374,-0.15244511911510505,23430.831718789406,26487.618690461954,35363.792485048,2646395.1731280917,583990.8862742308,32015304164493.758,63428.3233532885,0.3342073803540873,-1.8055175571285997,16853.26245314327,23072.62796358934,28572.340059237948,2139471.142036001,975758.1347062624,20899292581394.777,64823.80032015775,0.8330463673270213,-1.0598856904290928,15518.801015470835,20136.965676464606,25423.03230562578,1649860.4187814393,373603.49496539775,16546062633290.041,60980.42938715165,0.9974772767293807,-0.4974638804330289,14332.22393092892,21937.69752594836,26204.488461832116,1962725.491596728,1234129.0096504197,17578885517985.084,61097.86867468446,1.080907791244936,-0.7062272062993316,80,281,361,322,0.5275161665994751,3,29,29,Squat ,WGC,original,True
2102.287504857992,2376.7425754352344,3173.092816633096,239606.57993884647,50241.64942849271,257754061387.995,6364.901680898623,0.4523790187843305,-1.5475440267634724,3267.6573561743585,4213.503136120148,5332.090891522266,405161.6951590217,189887.80838751313,727838547851.6407,14081.52040440468,1.1540929388024461,0.12757566664269548,26689.329468429445,26714.097206773382,37761.929201873594,2683440.711902589,89174.34876923685,36504660404411.234,55371.73368703168,0.005510474105599369,-1.9927697836836689,14255.04604903187,21697.898434519393,25961.608854898386,1578961.9832119737,461036.6616078156,17254531438969.303,68729.4288804711,1.2094899517267714,-0.18161948269876094,14745.829245981018,22427.838040714018,26841.151229634837,1225185.4868847725,1009832.2904100295,18443453422902.47,67919.22733352741,1.0453693580663583,-0.6726116429668099,13794.01632382058,21637.798265299058,25660.65470933288,1333740.692876591,1186508.9858917787,16856811522857.154,63176.69044895858,1.1816318959401306,-0.437510654887852,25232.993458149744,25271.90604527543,35712.367521913984,2604681.209841106,74600.00953545437,32649553766918.57,52773.82285873428,0.009007905046905181,-1.988529211567382,3272.5806612069355,4296.404661215369,5400.821900138791,411803.2065714176,203756.3496578541,746723256243.6804,14343.399832977171,1.198508551336584,0.1954282686751312,24207.69810578431,26158.85693751021,35641.24638474249,2608277.5739429817,415937.4020602457,32519640162762.73,61944.45013050516,0.2587733066168183,-1.8186607741534742,16128.181613217423,23340.55679420575,28370.756662670614,2028330.6784274818,1064969.2415047376,20605435740479.203,68014.5671565074,0.9490640070445009,-0.8554225136960403,14396.377527811675,21579.387851865213,25940.81081972013,1666128.2924688568,617304.3170090427,17226897049203.426,67104.52353369533,1.0782878239108595,-0.45774824678110626,14140.261357205523,22147.650488373925,26276.70857252197,1954689.6921113792,1257833.5501908641,17675914583174.39,63027.51081913376,1.1011938386116558,-0.6755505142210931,80,361,441,400,0.5756296326110283,4,29,29,Squat ,WGC,original,True
2486.3670473661846,2502.886250278741,3527.9541771489626,259182.48448586132,19475.13286684889,318629393307.20807,6636.42710910803,0.20939263156460947,-1.7723461783312828,3637.616453437283,3985.5401362563616,5395.997001484342,397605.65750975756,138594.86563457208,745389661184.7173,13068.443506786958,0.7959858978653107,-0.530027769084759,30577.320401681285,26648.015843854897,40559.70008963844,2636642.2480287324,652968.0872224222,42114285346852.25,55675.86703229266,-0.27264322062698987,-1.9190780857870153,17754.87351286512,22704.21385273033,28822.15918574372,1896013.6818152103,1025458.4998129675,21266351619285.793,66993.66112977923,0.8428496903957917,-0.9644769273692422,15295.047236372518,21176.432926797293,26122.399994372863,1159358.6290016733,1050756.2956937724,17468922405529.889,68960.9911379282,1.0731501132525756,-0.38813942132483437,14039.635517734578,20978.860805375305,25243.29546953302,1804658.0685752986,1163831.729137805,16312933533750.945,62818.68050448678,1.112733257873627,-0.575444997296612,28563.67587320263,24904.732491817063,37896.2963873562,2539357.8939014436,469945.4499383736,36764909564885.664,52212.39098568705,-0.26994758041699596,-1.9172460726144334,3645.7137877569157,4049.3598589357794,5448.719509150867,404580.683858418,151845.4615016491,760026733808.6725,13577.747108475318,0.8575739990839896,-0.38755998047196494,25463.922195973664,26581.06486745483,36809.840302430566,2753206.5320495507,313999.46616543137,34687087183115.312,63169.26565762492,0.1826665536785294,-1.8976716160553138,20206.660776166005,23876.967742016805,31279.685552709077,2066103.9436180603,381730.28731073614,25047519443874.734,65869.86854354505,0.6466431804011491,-1.2590708617166424,16262.514071254094,20698.793303392617,26323.17245573391,1653506.9535248955,987837.7309825806,17738480848238.293,63612.33784156899,0.9203608683587354,-0.7205893426876582,19477.176139432657,24154.458448792775,31028.990530162944,2351815.497296144,977952.7972531102,24647635285016.1,59912.81629085618,0.6223270910136629,-1.5238165877413667,91,441,532,482,0.5014981700895922,5,29,29,Squat ,WGC,original,True
2547.1589511706493,2818.301170075401,3798.7945729898497,289263.29034386185,60219.35991048602,369429509319.09467,7417.013388856692,0.4456120308464178,-1.5624506318019702,3441.5455996874757,3980.700738458979,5262.149226684482,383410.0299159905,134031.56592063824,708869490787.7399,13346.718581972385,0.9783774974317191,-0.141911902267287,29671.90982926706,26531.75434046882,39803.97243114236,2633493.2773802746,568191.3852371848,40559519265258.02,55742.24280604949,-0.21978261531771756,-1.9430496231699286,12976.847970595452,20816.089287501058,24529.74024479598,1361477.4676434114,1022810.4719538344,15403728805815.387,62715.17961385466,1.2735591691238712,-0.029756098722570012,16569.55261162197,20717.18265565881,26528.319414113637,1357483.900477309,667202.1367240283,18016044311993.31,67312.35448070188,0.9115137225480612,-0.6570991799423123,15013.366240759811,22408.287878845476,26972.810968462283,1770344.8837911282,1219374.4220208651,18624832807434.223,66614.62477739221,1.028898120269986,-0.7366440349579162,27584.59521449654,24666.684357454797,37004.79982837267,2507317.894813369,416427.0654263911,35055493384651.023,52966.382808247974,-0.21933699611447824,-1.942339004338986,3490.341616559754,4127.602632926335,5405.51460044549,396858.2817555469,150254.445929244,748021455248.1115,13825.090718777958,1.0218628527335325,-0.10470181961448422,27413.110405696312,27524.586174564032,38846.897767980096,2797851.7894734996,146095.08085268762,38632485534614.97,66547.96774812991,0.039529160645235754,-1.951569634066018,15679.730487873294,22171.699533738796,27155.813528354043,1671383.8211820312,685840.4449173551,18878418134700.45,66752.01699178341,0.9817954271062945,-0.7153714808751266,16241.745346748052,20791.766907213332,26383.55288873171,1508129.0339189228,743931.8318031947,17819951693632.09,67469.47248160091,0.8818267876307169,-0.7346717446397526,16652.5389916574,23418.68120228524,28735.721395554665,2153142.6610518126,1147863.274944719,21138987113547.207,65405.81729215614,0.917619767173358,-1.003622352090706,89,86,175,135,0.5481212541531598,1,30,30,Squat ,WGC,original,True
2643.9451967473988,2932.5483235935617,3948.4536053517263,308182.74614185275,79481.1197653283,399111318364.54517,7441.183081435892,0.3492256272438799,-1.7022759851425182,3197.2410175458244,4037.838648084691,5150.387468166241,385487.45612905576,166109.3411336546,679078171449.443,12794.840417064852,0.9569166814552569,-0.4667608653052442,27247.252829476864,26930.577640964093,38310.16573743098,2710622.0997167025,132014.9191843261,37572321250033.414,55753.136835736295,-0.020198610792392643,-1.993345083086529,20745.652104460238,25011.044633885027,32495.14478991415,2016901.890590286,908865.3252298769,27031921533887.6,69164.89306173493,0.5055287511691081,-1.5633330957008784,13553.626849439412,19160.283591624204,23469.496545203277,1194878.885850389,504587.32820917526,14100922062983.898,61731.08559757496,1.2125645359283634,0.0869669901723169,13203.108584848518,21342.151783792964,25096.00603812802,1657151.2188279463,1242438.0953097166,16123123688083.406,63015.94735639394,1.2798076661846103,-0.20890362616104063,25231.93895974522,24936.692441863222,35475.19377830638,2549139.6568660196,34858.50837535863,32217327964374.715,52512.46486914763,-0.02061485618163804,-1.9937112422591126,3108.013805873328,4071.2881009311295,5122.024660061938,383337.49584467337,182072.60970918872,671619497428.0347,12951.611852680813,1.052641326824593,-0.29757753941968135,27767.620654635633,27658.17042288869,39192.02913809518,2803738.2183187753,80271.46214560955,39321987787809.32,60598.10905931916,0.017132751775252367,-1.962349086796572,12853.368635097935,20676.457389824922,24345.94371682817,1636638.1022515178,715231.2329369988,15173759371851.906,63923.127012292556,1.2882916521368815,0.003977941157277787,15830.544234331566,22026.675323898227,27125.275235093108,2019969.439964745,1020694.2592829037,18835982248436.617,64545.12304864974,0.9494284311783106,-0.7963938835452118,16483.13405403758,23742.98182193513,28903.683053204742,2175162.3272250807,1215703.2931609666,21386826087426.957,62135.49615306885,0.9250520444441316,-1.0515655762817977,81,175,256,216,0.560083579959958,2,30,30,Squat ,WGC,original,True
2577.4003580461617,2815.597091735122,3817.1428567246157,292830.39060441975,60842.099839618124,373006837469.2802,6824.495227901931,0.304893661874344,-1.769913150704069,3095.7334445239276,3942.4684938923806,5012.646345482398,380806.2092060224,173699.12896815073,643241558652.8778,12854.543346902943,1.0081980770419832,-0.3292316953730343,26733.792037145882,26766.22003045543,37830.228275865826,2684470.2108103833,98272.95814273077,36636829987945.44,55800.07008988985,0.007154411774935011,-1.9907237836081475,12770.257672352749,22012.460152435462,25448.53400455207,1793580.8765766397,1306795.9746006236,16579273804309.582,63705.124701901324,1.3407434514745054,-0.08085157189116732,12763.98480021109,20205.326215598405,23899.25763405148,1304748.801845302,691649.8153831846,14622067595744.457,64590.86620048241,1.1986885432117806,-0.22083212927615214,13747.09407829471,20439.498761616298,24632.411681027086,1522226.6017113994,1115982.3533926185,15532946053724.148,60495.682594353784,1.1448143101694717,-0.4227489564592939,24975.545368242903,24993.726714984587,35333.61347986495,2562482.8107837955,36790.668041013945,31960684583539.047,52017.58382379638,0.004284695760927757,-1.9944810379855218,3094.6707776658604,4047.8146986461084,5095.271440925842,387942.8867880392,189933.84384443305,664621851051.8914,13516.462431967528,1.128756486834326,-0.03530003798354242,23858.680405724688,27211.056023523815,36189.476379437474,2740866.131502748,570640.4231369508,33527761935817.28,65087.136611093876,0.28803732821410416,-1.8792415569749017,17779.150776332266,23336.551754252323,29337.56721520129,2030133.5683498417,789529.8216648677,22033736962725.207,67986.54620317997,0.8352529589512768,-0.9647336709259604,12391.792524351531,18204.211053097773,22021.57628400614,1521671.0351334305,667952.2295796224,12414715444026.922,62883.97992656521,1.339908753894529,0.5594398533991733,12489.733299920317,20329.734453467376,23859.831115320932,1701881.152438233,1179581.4180538093,14573863445801.906,58543.263967506966,1.3590317120886701,0.032607421926016844,80,256,336,296,0.5576042474648845,3,30,30,Squat ,WGC,original,True
2518.3342688920634,2629.353926636848,3640.8116624451663,273425.14742812706,33719.30240983385,339341044771.75653,6445.046256886589,0.21715336382154463,-1.7847458282615962,3218.891268748021,4091.6019794852414,5206.00305018637,386029.1551608147,165188.9890171808,693823174618.8745,14060.698736633238,1.0740720099708316,0.009384778314530884,27381.84944858858,26731.102195161555,38266.40176177193,2684234.331626511,193660.90625458944,37486528097109.54,55371.41353521092,-0.044391982403079365,-1.9907753733594646,15016.52163894445,23106.10799692775,27556.998183738655,1990261.1699637051,1172456.8792755704,19440336611803.53,65631.13543921072,1.0460862904067645,-0.7501362725034277,16511.707539635732,21537.85422295608,27138.821831534446,1480169.3977791448,897512.9606087246,18854800650336.53,65850.65026046151,0.8123365466273466,-1.0084720597487007,14220.49926293882,20318.910144009827,24800.820726895086,1634531.735827951,1103934.7584763428,15746066143426.277,54908.92353117479,1.0710137210863402,-0.6147748344976574,25787.54800878668,25169.712738889324,36034.87299358338,2586259.6231282693,55044.84479102477,33241909034590.355,52428.473944757454,-0.045563665286284145,-1.9921911067868068,3243.962476278824,4160.7489329809905,5275.9003241918335,394986.93554482877,178426.90688936913,712579180308.6718,14545.66579544465,1.1527651197487714,0.2288472340456642,25279.53974565141,26831.892483668136,36864.6929189312,2718619.5126297353,370000.4983358576,34790542950581.668,61469.15647198219,0.21670578023007167,-1.8748089761142877,16105.370975871652,23281.971571928614,28309.59509683141,2031421.4003388346,1133079.432429755,20516689268391.45,65148.88833616235,0.9371004208324206,-0.944112887036384,15494.137675770418,21349.55920337369,26379.385521540993,1693072.2314004982,612584.3611004417,17814322700648.617,65516.34227700026,1.0735576067821953,-0.38523158821717063,13377.553817163494,20410.878308510615,24404.157421552885,1747452.541438003,1136715.5415847816,15246410226071.932,58470.97618628972,1.285315975692699,-0.09561696928536723,82,336,418,377,0.5835853323685228,4,30,30,Squat ,WGC,original,True
2632.1849483673222,2621.9280597707116,3715.226016411988,247503.30978295178,30883.049356719373,353354351437.4269,7940.332663611009,0.27334169532723707,-1.5004922776427219,3638.164993562401,3997.6110427126405,5405.288019079183,397406.792184938,122168.68068489185,747958747371.5443,11767.826365037416,0.7462026208513913,-0.7620133909805262,30538.140534625993,26612.743181729602,40506.98861886999,2631233.4502208866,661176.3071015993,42004892850413.12,55480.21299356583,-0.27290257221042463,-1.9192931877052914,19787.509437964687,24546.910808457164,31529.293680574145,2052435.2042942513,1183090.3644828042,25448866815894.85,65383.170186445925,0.6039228588494703,-1.446655723803671,15581.318486959766,20075.451436422856,25412.619624278148,1414221.5422278012,895520.8308349741,16532511645907.117,67624.46081979416,0.9026368114730497,-0.7310532959910523,13279.571960609905,20635.15522178481,24538.88062818208,1594937.8281328266,1152156.6684306366,15415210559594.75,66249.15233568328,1.287113969981191,-0.0636910223860272,28730.27006338104,25053.593008210093,38119.692293299566,2555972.4501889762,477807.38561239274,37199640077717.57,53386.56190002696,-0.26906569319230655,-1.9165059767615613,3553.027287204579,4043.768740834218,5382.942367606056,399020.85338498716,141140.824422326,741787354443.9882,12042.41250957734,0.8556789182801977,-0.587379974983878,26035.033749259303,26599.641308860915,37220.47689223139,2734249.5706141526,225036.35491484543,35465315842179.34,62182.80881665172,0.12295360510630365,-1.9230521470320712,18434.33463002291,24309.714800591213,30508.800811204386,2154535.061476084,610858.5630607118,23828145329606.28,66649.14740675184,0.7968219441891279,-1.1614782546284403,19499.390053016024,22314.98037749538,29634.178944044736,1898009.6299599335,738727.4839754949,22481524779204.207,60447.58767559021,0.5846859843106421,-1.3006991854937004,17345.04679535717,23032.471490346867,28833.060733934773,2134376.279067006,1115761.1173766511,21282442016941.344,65560.54935361352,0.7942628624557116,-1.215500900393725,91,418,509,460,0.5054059958701119,5,30,30,Squat ,WGC,original,True
3934.9880215258368,9099.865302469405,9914.216018053996,530796.0055096087,340144.10438886605,2516266988867.544,51282.296478972356,3.5713193179120277,13.698892139773992,3930.2927694544487,7867.695061501171,8794.761329018305,551870.3866013786,379116.2348163038,1980104366960.5332,36148.89772209177,2.2780472934018765,4.279338805001763,8627.041019672124,15749.203140005444,17957.261380852673,1197228.6222878492,774600.173348053,8255058849286.727,60137.9852209227,1.942368940161192,2.8450312991592046,11950.841750840127,18015.08246029032,21618.64506865968,1436621.051988672,421713.64184160787,11964564853879.896,63269.862697947065,1.1814745964662428,-0.0047401054693185785,14250.180521538312,19715.97370283525,24326.67802942525,1881400.3066234447,981101.5759092406,15149753957051.416,56116.958362605175,0.8886523348753452,-0.8751392518042476,15659.008769904409,21320.17122671788,26452.868592886334,2036699.2834766235,981844.0583115927,17913708973888.312,57728.284075697535,0.8055257987164807,-1.0965662731653083,15666.502933245443,21338.345084504785,26471.952801083597,2016344.3553756508,926775.9155766938,17939565698631.617,55461.646459732096,0.7947006351986912,-1.1409567738476794,5410.8850512069575,8980.889615526934,10484.94422129438,744689.4348435166,486675.289700402,2814311816285.5527,31433.71571017049,1.5624528144149397,1.0283812280575715,14851.97932453925,21645.530822339355,26250.91035445027,1780651.8908550544,483850.9186598318,17641223537597.04,65667.71231139441,0.9587846804199237,-0.8070711627056486,8140.762522791634,12887.97672966107,15243.751462050739,1011025.6957670011,369352.3145860009,5948722141101.416,53840.88671216282,1.4786855310009683,1.306406595763133,13951.954207257757,19184.91646010548,23721.678814591596,1815657.1913828622,892966.7886806296,14405581972035.68,55813.701006584146,0.9189358454014601,-0.684802387431656,5336.535656080496,9339.394720626264,10756.528555081337,700732.50934298,410547.07822044834,2961994407840.7734,34667.235759800205,1.828547900292546,2.1312866784291726,61,97,158,132,0.9476639178700199,1,31,31,Jumping Jack,dillion,original,True
6422.870891537898,12380.490198781159,13947.394310461046,842192.3698089756,406689.67019164644,4979963086117.918,58559.49483237182,2.1016380480615258,3.8791392019922526,6310.483466547788,10516.49100264363,12264.533606715642,827962.0885534302,398658.1690588288,3850720885510.59,34651.52348479514,1.3442961491023142,0.19895317792374234,9551.01249154385,14629.840284977514,17471.52158163615,1290267.3646903317,718820.5086079157,7814504099265.988,50338.67773989079,1.1753224520607786,-0.06903276964533056,8274.211440845724,14562.79120637214,16749.252600883778,1109454.515846896,601876.2634874975,7181759044818.227,59299.50114583289,1.7760539805398599,2.216656982617204,10242.424017591864,15936.219022746742,18943.873059569887,1352902.8874902758,671714.0054672179,9187080358325.701,55119.21749293566,1.2172275312230607,0.03829069307137489,8382.407250122496,13043.751124018132,15504.973224492534,1114083.204858643,573359.0160799779,6154347384121.1,43923.55982758042,1.208936310120985,-0.052442015648931584,11279.619995321338,18485.09473254885,21654.758241785064,1459649.2615894005,648756.2052228546,12004570995460.05,67120.48716019289,1.2471809592423673,-0.001240991386413537,7404.240496432321,11683.421496383899,13832.032214796702,964259.5853188626,435984.20954971225,4897922948894.048,34609.79710495271,1.1656774559561494,-0.34737710079060236,12713.70641221069,19181.43699498773,23012.297928033415,1718872.735871494,955025.7569149338,13556885911771.418,53883.610072918265,1.0251859234811669,-0.683035310946885,10556.849295097287,15460.330492918429,18720.814244836132,1365980.34854129,601978.0028016117,8972003481335.283,42868.79861508194,0.921400680087337,-0.91597311714678,9904.795357660718,14692.47205712076,17719.303209393183,1298205.8815897733,615003.2296699,8037726879396.137,43572.3545230174,0.9978285547405283,-0.661308143972346,9616.978926182835,13989.562250680956,16976.28156082251,1276164.971686774,657718.4141089981,7377769872187.453,44041.564409545754,0.9265593449007988,-0.7915489147590011,54,158,212,185,0.5242375814994202,2,31,31,Jumping Jack,dillion,original,True
3489.681570381925,8307.809865620262,9010.970104598095,503003.40652371634,366009.0816813264,2078658104984.591,46141.612559593385,2.7036879946969794,7.34944422091627,5056.8213615631785,9514.416857569413,10774.765446280619,708206.884304924,450682.50922876294,2972046602812.486,34093.12795190111,1.6372900055463862,1.1686282548335214,6124.782511594747,11697.865825294557,13204.280581725427,878411.4724778802,617282.8161385945,4463437457431.838,44481.036525064286,1.8210189412807047,2.0746781338636957,6344.544352713432,14095.315817434639,15457.39858568611,918585.7050747636,678179.855434058,6116637978541.336,67013.59098714497,2.425846268323508,5.2615474092931755,5925.724287144367,10806.885780998628,12324.893046627338,856091.32200635,612158.6508313246,3888716508436.5547,38113.685496617945,1.5827247220881193,1.0595027165094786,5648.988837972546,10174.137588173906,11637.188258107348,797068.8275474152,523601.4750773819,3466858254198.5674,37865.54294571506,1.5639044760210825,0.989490648223327,9315.804130410099,16783.34321400711,19195.43737546306,1299019.5612084356,810885.1519892204,9432699290504.3,54290.14906041908,1.3559931807326178,0.04408827890981604,6921.814900996103,12060.16112243903,13905.358960589316,985127.0051606194,669277.3552296447,4949990600264.745,45520.323631585576,1.4921723781613334,0.9921260378424974,10692.713034516206,18978.21804611977,21783.178653368726,1502193.9631788803,972701.7045781491,12147375929461.223,62596.74924828382,1.3882166127157647,0.22928272705146702,6248.640657188078,11945.991945801845,13481.551603277214,903089.3634379226,651645.023281423,4652857180974.756,50913.141328036465,1.9706866800562213,3.159301876584232,8504.33375390019,16567.740929543783,18622.935646836308,1245497.4192747162,947595.7137603454,8878431541918.885,60355.428856213366,1.8978376693092913,2.300633537839288,8254.395976599393,13969.38869908734,16225.870502524333,1154061.9238520204,726249.1800577443,6739939163256.047,44016.55816160386,1.2722444562035056,-0.019694247915094998,44,212,256,239,0.4985109291862825,3,31,31,Jumping Jack,dillion,original,True
3530.7288724223968,9952.800468990737,10560.505837605479,536084.4622754776,458653.5421312774,2855021658780.1445,48483.891769824455,3.0769250750811565,8.753333039921623,2751.2261045540918,7175.385399596857,7684.751180820861,423672.33539029397,377870.1102798437,1511818258204.8672,32775.38938284832,2.793323128358959,6.989406631788743,5012.914770361321,12117.941121460222,13113.878584083475,769273.4685683835,676598.5409763348,4402529574862.931,44946.552188449845,2.2724142636086375,3.5630064866241575,5156.329730995992,12918.377753261126,13909.429178463979,776346.2262818656,639560.5249806971,4952888833810.052,58514.36040300086,2.6003133213645016,5.8803197220391805,6195.396635852188,13952.980728536326,15266.584774809155,948502.6516066563,826849.448297452,5966556433572.729,49426.108938464866,1.9856053443131183,2.2745075061317,5929.679836112481,13474.40921151921,14721.440369687769,888059.1063430163,717775.7529166217,5548052647891.783,51170.74144361001,2.0891803804115257,2.9203465536141433,7620.1042967881485,16861.49683177791,18503.40684582128,1157950.8572593566,986282.2234179467,8764827261490.835,58564.34823886733,1.937250086805226,2.1497447409552057,3921.8204475551233,9397.374823147433,10182.893949638616,594359.5359553861,501561.86357262224,2654498027253.421,35798.08953739076,2.2957749244510297,3.8068995886229136,6926.196721060298,15574.7829096097,17045.4118078824,1055351.434982938,907066.3152893449,7437979230727.598,54514.280629389184,1.9882516242914698,2.302600890458163,3634.8490625222403,8797.332072242014,9518.675291058982,557932.6428907542,491421.91825365846,2319492589993.39,36521.034265345035,2.473903990857197,5.032822868601389,6464.013887015189,14906.833757542718,16247.989666618461,982301.5713867631,834875.7162240573,6758327506087.431,56637.88338174126,2.1593726302983343,3.2092182691372937,4424.525642359105,9985.64436214824,10921.974202825979,674564.1993874484,580644.5579952644,3053811724472.222,41095.642872221564,2.110593783534013,3.221745299723376,29,256,285,274,0.6435185361592725,4,31,31,Jumping Jack,dillion,original,True
2861.401420021084,5499.15536369267,6199.058622123891,417510.11973756494,317643.91513115336,983765191693.5308,20336.5646002666,1.8711078381503752,2.102759953273792,4914.092485208001,11088.663150388273,12128.75737311768,737804.6677405043,616768.326881103,3765932938648.4863,52670.92805748425,2.606973941127628,6.4400920914699515,8786.336973531583,17563.705921044086,19638.825909238243,1297421.497675698,1009215.8375328213,9873497167190.203,63007.81170243083,1.7619484263988858,1.5273201127299156,10297.331051563564,18287.152956743383,20987.01956088152,1433463.5672036745,897778.3550086033,11275647745249.885,61056.74109001903,1.5700628748203218,0.9577197808320328,5118.462898670247,11231.84313612281,12343.134232419776,762788.6542612419,623507.2815844407,3900235844596.044,46603.64865797878,2.2081804785640005,3.661837148338785,6617.435106591767,12839.401193111335,14444.399274030815,967196.8465725092,742717.8727268539,5341201161923.121,54337.97078950901,1.9981621041717859,3.1918494891766276,10593.324616626003,18699.438441105434,21491.56868276269,1441597.3757839568,821848.8846445088,11824320625815.197,57987.607087112854,1.3706226135995299,0.1112536146283154,4255.544975859547,8640.465763613869,9631.578876474345,628096.9265290115,497647.49402292544,2374843178335.918,32586.64886905466,2.0079558257522083,2.697409013810912,11977.203251621899,20376.14826716876,23635.583680889005,1682815.6317378401,1100137.496695451,14301204887969.45,56334.87969900989,1.3080859429372491,-0.060853815754193796,10228.722968952974,17573.727054848856,20333.781157815014,1441584.4794204887,963591.9747291101,10584643998052.168,58193.27851944739,1.4904273681590845,0.8114680144743445,7649.588004332836,15361.12289935367,17160.428123012563,1117024.006516304,841698.9674425893,7538695510146.059,60198.310579030935,1.9041625940945333,2.2126882533476824,9743.872463884638,16105.483323782326,18823.64586590706,1332849.6152843353,776632.5083656914,9070838878338.045,54584.6829960579,1.2850226320094242,0.1419439664294333,47,285,332,297,0.8885198950117054,5,31,31,Jumping Jack,dillion,original,True
6380.238201332686,13008.689322401136,14489.079936024174,890443.3291881932,597341.8960850895,5374295997247.955,62249.19893151677,2.5129709778055385,6.1182411838911825,6520.404039993979,11948.3482629471,13611.711687272867,923666.4370723696,645822.3708685338,4743134593470.483,48122.1181182022,2.0018021048048684,3.0080451616233264,11743.143098696553,18608.928829887624,22004.400515176214,1397117.1949246023,412359.767193101,12395357236026.555,60680.684332462195,1.3986311269308898,0.5753475160849755,10593.214333160257,18295.7047317118,21141.16840522902,1413970.6900463821,731123.6399286182,11441894439379.29,56675.77896385697,1.452751262311956,0.44640168422536286,11330.356305722484,18198.864038213975,21437.71504372663,1460016.6045614874,628648.5336169944,11765136033178.19,63765.16063776659,1.2901334978758887,0.1804336989299431,9430.963988694522,15978.591074904669,18554.203149019253,1203958.79440698,484371.1221005523,8813016435073.945,62679.86536369325,1.6482456806411447,1.6514951477768518,13579.306877084051,20337.850914648767,24454.565117550177,1815489.740992975,988541.1066579511,15309459330265.648,58559.12517186181,0.952371498356098,-0.8786120530767336,7532.033825852515,12489.09118056271,14584.544287367902,1044673.3974719555,684424.047070189,5445348660997.01,42280.79110796271,1.5159854233770513,0.8975846122050277,11392.769662834591,19230.458106708298,22351.861658131904,1521875.7231437608,772563.4887844409,12789906421357.234,65780.71020023407,1.4864915999922024,0.8671168663781712,8522.675804985982,14510.837782512743,16828.559535126373,1085532.0234670716,453866.8474748157,7249930650298.696,58966.46469814948,1.571046251636348,1.4419236499588282,11323.542671026637,18615.89422122734,21789.312432440045,1429295.0139263389,532038.7908017802,12154217888729.25,65385.73161033359,1.4060475609042338,0.5433556725831923,10549.26093799101,17037.383431111037,20038.945593930832,1411080.737359901,769328.3345416433,10279919117222.908,61176.67108625412,1.369468806595329,0.506648052585942,59,104,163,138,0.7790845214867201,1,32,32,Jumping Jack,dillion,original,True
6573.753897179547,13460.166617212632,14979.663736673414,916987.6214810873,572292.4159022634,5744392336993.5,60718.9141240783,2.2167721406407805,4.237228439616174,5334.3240820021765,10203.961077465812,11514.158027500995,738087.9983599765,449499.19659167115,3393941378105.999,39227.736408234065,1.7819648928927663,1.8612655374770277,7260.294472672505,13469.172026606095,15301.32252167201,980979.4724497691,533815.3681273946,5993740055353.013,50454.10984072204,1.7479918064913846,1.799129539977267,8815.868396041356,16565.95083670679,18765.66712644417,1250263.795249733,846689.2232471183,9015046725132.984,61955.45222019477,1.5733893168062172,0.9032027659079032,6851.372613725418,12815.85859491605,14532.292944232518,982705.0955410765,683977.9037455742,5406400978354.949,48365.58722299948,1.7545338953947336,1.760752643932043,8138.220463098264,15135.382649368881,17184.598926038627,1131595.6056132987,693710.7110712914,7559947270369.482,52324.15581585254,1.6821294666855555,1.41641718959088,8099.423996967316,14160.16732979344,16312.90924054932,1134279.8775760715,722874.8597789583,6812441801994.225,45719.930259869165,1.4316266066090253,0.4660846714498388,5349.324863260086,9632.573662418652,11018.246314845845,739638.4101814916,448896.8412256558,3107884847478.119,31531.174295464283,1.500256595959409,0.6758320242602949,10056.486096276778,17157.010341864625,19887.079133836065,1417326.091090403,918475.3092250667,10124695461771.723,55650.563607495,1.317995381620216,0.07714551377677514,7633.392043463338,14076.220594625136,16012.765542458872,1045944.1311865988,608085.6700751452,6564061704134.607,59847.17135457129,1.79517435986203,2.4437659528721465,9133.543161633215,15216.57474330886,17747.27465286211,1281767.3341891614,820407.0564156878,8063123394665.523,44171.93595970522,1.1964261987454579,-0.344708406352789,7161.2097633806625,13068.82002251493,14902.247550488002,1024285.2249938457,717005.4303363089,5685170740634.258,44012.569144519235,1.4879190953327088,0.5970105718151837,45,163,208,189,0.5571198887322254,2,32,32,Jumping Jack,dillion,original,True
3449.223659967129,8794.255755473698,9446.484962628125,505635.52892883326,385804.67565850075,2284443600618.477,46771.63483369288,2.713988317004633,7.0214394618524985,6031.481882929909,12068.35745837717,13491.62797616654,890952.567255487,694504.2370586146,4659815051450.358,49233.52454134402,1.9635215703692648,2.889151982286281,6604.790593781705,12812.128361692216,14414.364083933267,965041.5208671787,721809.8618159826,5319011633771.145,48122.85237202948,1.6655355937863767,1.2672718598315456,6726.498623317476,13770.96763733809,15325.969248243484,967304.5639603043,678667.3527743146,6013064534991.487,50674.75823102927,1.9255435567988193,2.3692516530477112,5301.5732585878895,10733.364228811432,11971.290101091989,780853.2692396123,601044.4949698743,3668781739123.2764,44541.734922931464,2.0294030862451966,3.2080206144895955,3841.106911518766,8622.141871267437,9439.03770275235,537858.3188756473,336455.54887133924,2280843078501.8975,34561.9034709761,2.0659257665711905,2.7972620808952406,9144.348233171451,17179.38007803779,19461.50570935321,1323457.7507674918,951034.0800185903,9696005234564.8,53082.8293152271,1.4994316164002617,0.519165485346397,5677.041159082442,10370.698956269622,11822.86738331645,826220.198740977,607550.7319109637,3578372944985.291,31227.122079755638,1.3703401138349227,0.0922910743257197,7241.650993586486,14573.038330305733,16273.136000460154,1074529.9005201515,845183.8810264048,6779262855410.49,54179.863549348804,1.946040921487088,2.6043798246440293,6317.676238056704,12217.904982630549,13754.644132564634,929888.6661834407,711391.1474130955,4843270021465.465,45437.10238784443,1.7149766886448936,1.5793467573409359,7462.656326999156,15310.443786767348,17032.34946807584,1102982.1014753352,861413.9511645279,7426583767108.182,61161.98659083215,2.050148824957621,3.143512676514181,8042.718243231431,15167.231386792424,17167.708777833715,1184682.8153209297,908720.4054329955,7545093751821.025,51059.94715637982,1.576539173454804,0.9651486417633706,38,208,246,228,0.43399278068688263,3,32,32,Jumping Jack,dillion,original,True
2536.996570258115,6849.248585382207,7304.009705761734,384479.8057591747,324008.56965482776,1365723079215.6572,34996.128947170684,2.9112466328711752,7.87404193945296,4770.27507535873,10954.564169126674,11948.13794823707,723331.576466539,610897.746691384,3654604811010.63,44463.1316036744,2.205956987878772,3.6460475827787207,4831.020587194292,11413.320773376669,12393.65365781562,734964.2375571494,627753.8160578859,3932227865341.0933,44769.395977602944,2.257084466548729,3.694074216273794,3262.7818642548664,10674.87992518761,11162.383567629447,511296.7912102766,481929.514275766,3189729456918.627,57620.34308772784,3.62665714794428,12.463333189621816,5575.251874988221,12220.908407903682,13432.573684291876,843600.6555736398,708161.4931255192,4619111316068.624,41776.53901068234,1.8541280572764554,1.6835263815399255,4520.830199227326,10602.859797673096,11526.427962701982,687608.7264151002,587424.6858442995,3401178664431.5693,41198.57758396891,2.2531846201829953,3.699573509834692,6649.5949212989335,15048.908106528286,16452.560524614313,1010340.8145921269,860106.782658282,6929580744092.09,53066.557771422806,2.061399399789454,2.735165684334058,5250.7268844483,12115.876016435273,13204.718265101288,802025.0946657596,695209.64335118,4463733362193.908,50077.005144565876,2.281619203492318,4.201166045464503,4848.662849892682,11766.085062633485,12725.969084240942,735350.3029250593,620585.6481849637,4145927401806.2393,48147.12768017571,2.432390391134665,4.68054078220899,3452.1602724337267,8411.722830732157,9092.551431123737,528005.041879064,459964.4037721445,2116466983107.3362,36897.40831638125,2.5635849211709054,5.683748645483378,6066.979403754247,14763.172992865708,15961.187797368262,929311.4156711586,811877.1979211486,6521843607113.152,61870.57944399785,2.4577946322091617,4.918503714592899,5419.075609364522,12060.769733780235,13222.27465420677,826133.3529470558,710310.5529699372,4475610804000.735,45479.71181642292,1.9820261284525744,2.418021419683595,29,246,275,265,0.37024530057403787,4,32,32,Jumping Jack,dillion,original,True
3506.071656326031,6802.952387515548,7653.2803193203545,509436.2108683744,371569.3137951187,1499461110940.0642,24648.754617471906,1.8550724606553073,2.067980758946611,7928.744958272658,14930.764800175468,16905.405470780428,1146749.5081764106,830984.0076035178,7316293993766.217,62871.61133394478,1.9973661995175316,3.411809984278931,6454.115438228599,13782.500391184829,15218.834486352453,969155.1664406895,799989.552582309,5929290831948.5625,56749.59644653542,2.066741135189483,3.060719970203869,10210.108367779041,17676.562812338307,20413.407009618284,1445735.7176068833,954806.3195583705,10667703954952.521,55207.50467818268,1.3187936271605825,0.028353894453435835,10575.099399974331,18419.54528369496,21239.406201149468,1513357.0055992408,1046225.9418985499,11548476819902.117,57290.5276866768,1.3770469088805872,0.2538656613583541,6551.59489645544,11660.12387979019,13374.67325131027,914873.5495303841,571624.7785782795,4579376245230.449,41918.09265461589,1.4093422188805307,0.3986699580080191,11670.247929045818,19175.782917628196,22447.835914167754,1631258.4474759656,1026512.1049035701,12899976633072.629,53888.1024249136,1.0883948455021353,-0.6934781006382358,6981.0303666705995,12354.778435026723,14190.677755448412,1000766.9633411168,696592.4491260641,5155208580069.847,45898.673767499415,1.5309202221671379,1.0119641468386895,8559.721494488622,16045.566466556154,18185.957090455315,1164564.873198524,643354.970833993,8466663303574.577,56951.966470793705,1.6471367856476966,1.243357599920837,5538.609652273792,11278.255085094876,12564.84121048606,805059.5994430003,599408.7334053703,4041606006905.057,41691.4051193506,2.003099065751062,2.62937547207202,9808.241708068008,16654.694600354065,19328.22955252104,1395762.9084905756,944057.0389564317,9563659715454.664,52947.38303026217,1.2705864017724677,-0.05522895594964172,7898.36251035889,14238.975826522312,16282.8917251614,1113132.5477407668,721134.7087509203,6787393611093.236,48140.64791350604,1.445632300382442,0.45340927654255303,44,275,319,285,0.5001869708326537,5,32,32,Jumping Jack,dillion,original,True
5457.051801841498,11038.185118739635,12313.445703114408,765232.0166135008,502339.2555810195,3881496194138.795,43558.860213086344,2.0288945938451195,2.7725613423151536,7263.367981705111,14053.07121357179,15819.144255343874,1049968.7939301142,776512.2736490973,6406280319267.305,53513.4753653908,2.0735840413180338,3.1844205239935466,7239.386125479838,14646.261453360206,16337.738094178612,1002645.1120366285,610895.2332020461,6833195162469.758,68577.14117133623,2.1523820351005702,3.9922671769064895,8895.43115941929,16490.004065457877,18736.299783863007,1217482.207148639,712618.0606588055,8986852597524.096,69429.21209714816,1.5901844492476436,1.2083289042306982,5731.684646631,11501.404439351056,12850.4674220804,773181.1245042576,411564.6511950271,4227443531928.3125,50713.81710819989,2.189438630152731,4.271775489338587,8079.480135280353,16053.317266348167,17971.8389295704,1088086.8943074786,607673.452138132,8268467059466.805,71523.71725360777,1.9762007871246374,2.8558452623905293,13809.242183722317,20293.313855314213,24546.15564439743,1837087.0750705607,950792.6052918788,15424352177125.984,58965.81243209522,0.979634743237343,-0.7397668066731695,6024.668234825251,10027.100816661921,11697.836472066729,850279.2853175886,579649.9834123852,3503088080056.6924,31919.35931291946,1.3408899551388054,0.13448772672219622,9756.50424050694,16756.059193902016,19389.556330782252,1308553.7773741346,703476.4778740857,9624445304437.203,60732.30557773641,1.5832728532587572,1.2698183697044696,9851.11679113047,16246.313271100838,18999.663074255815,1314327.319561618,693424.425272056,9241272241542.145,61486.16621879043,1.3013361635989875,0.2918643412581501,5968.811268229132,12565.286482940817,13910.899767955856,791836.9466304659,410427.2458077819,4953936188265.324,58566.80850314167,2.165065610811608,3.9230891782065447,9250.42983145859,16828.605083022972,19203.44763596073,1308799.5832060466,869705.8439737352,9440573468341.393,72044.97963268202,1.6344572888261728,1.4282524459071118,55,77,132,109,0.7940681549054835,1,33,33,Jumping Jack,dillion,original,True
7257.953520167503,12784.587218361707,14701.141440201483,1016410.1554014018,643827.6679962748,5532763126907.12,46882.91913773852,1.5033582086593453,0.9099043305650341,3710.47815140084,7582.177675601086,8441.390076071979,512297.2246822184,307600.9318283443,1824180900260.0054,27912.689874958072,1.9364843178950457,2.3477235253401822,6118.867895330768,12674.18410955042,14073.92934340975,863141.0319388754,561597.9208199611,5070732471380.224,55091.74788709402,2.2477333300012736,4.283123492241752,8227.81769564076,14466.173127084267,16642.33003444753,1181852.2052588686,839620.7850601182,7090359013772.141,42494.299016855446,1.378004051501563,0.17381994902330478,7347.315442916098,13172.399393346974,15082.942352059861,1044869.7067408639,717733.0706853383,5823875839886.364,43933.09955469931,1.5271213226293516,0.8341301973234141,7447.151951031634,13950.113025636112,15813.466590528993,1091853.055143263,831969.2993634029,6401682575610.283,43722.29676875176,1.5822699329975225,0.8487714554564412,9113.018279409542,16062.744485337817,18467.779037071643,1306876.6246115025,916638.3885806835,8731106881589.834,60195.12067368278,1.5413350967309014,1.1415029045528629,7161.117849288008,12776.091263476119,14646.16389448316,1028075.7503843902,721918.7461340944,5491458990695.989,49956.20953485315,1.6144399971837382,1.5108463192425852,7811.819065281345,15260.083093612762,17143.355947207627,1111234.3416979497,745814.5013583947,7523703120196.074,55075.63042178028,1.8657678408206395,2.1128206572133807,7485.9666203474235,14311.744369052381,16151.338121841745,1084216.4748943404,791741.9070291469,6678162512027.095,60401.871930899775,1.958601920930993,3.0363888035606674,7695.439889709128,13631.961605591512,15654.078456186668,1104751.5866998422,785574.8145936279,6273284411198.656,40790.68434694836,1.4335973203172563,0.3807701379899009,7086.26849743168,12846.511480502739,14671.334582660886,990776.6867904024,625340.9461524966,5510350295971.359,43470.17637560287,1.503835739641208,0.7042939799920527,44,132,176,156,0.6506262409716246,2,33,33,Jumping Jack,dillion,original,True
3105.116439623708,7777.006764631873,8373.982464798415,452124.195196954,334486.9296844079,1795163707411.234,37204.203541278344,2.367893934388012,4.565250107725076,5467.89094808338,11259.981700466129,12517.388677953732,805403.2962162837,618559.8480649402,4011136494463.085,46013.65145797537,1.9256811686314137,2.5020001714583895,5792.36795035461,12308.45588118968,13603.294183817685,865355.6232159195,695036.2313290626,4737270083878.094,47168.17893713394,2.0642089120960447,2.9703770057652834,5888.693975607629,12267.54728767019,13607.697571359447,848029.3525888165,597787.4391308979,4740337489755.693,49225.375213404404,2.051833178300988,3.1147224331365644,7616.227936027404,15268.338183479458,17062.50505812734,1128513.421112271,880662.1942986774,7452904418780.699,52196.42915698442,1.694708181513385,1.1966254880102989,6748.633781602516,13338.55564536695,14948.616144069565,992660.8159229822,757549.4045688021,5720604790342.072,45164.03071315839,1.6965525130278747,1.3177014286538817,8357.632072243538,16219.915005817653,18246.524508819275,1229020.3236254852,936348.2283415826,8523152810264.124,55801.62927970372,1.6029965851714696,0.9509933281776335,4850.22678501546,9250.467851485771,10444.896138184102,720028.4652651313,567547.40489106,2792853896638.802,31271.481866914703,1.513652515093743,0.6166160046441864,6328.2425927454615,12835.960663599995,14311.133444634084,919652.2156767292,670010.1544152839,5243098636035.18,53420.753459859996,1.9364152269539305,2.722732993889685,4191.628987452534,8819.630047177168,9765.020621459162,629633.3513282312,517872.53279784805,2441104070080.58,31626.562440943922,1.886682239618327,1.9834058805953134,7794.816388164228,14935.904693592744,16847.56396459973,1137846.5365029396,842640.355287361,7266314535456.754,51708.09366490256,1.5455707027821912,0.759288493616074,3910.4124348110536,8201.562387945576,9086.08557155877,581878.9419300208,460500.1341561566,2113457945950.4243,32983.75310355287,1.9116907473047953,2.3291493151171876,36,176,212,196,0.4232651561758627,3,33,33,Jumping Jack,dillion,original,True
4776.548020095754,10797.513112438233,11806.849723849127,714019.026105755,577098.5720448984,3568683530279.839,50570.02628348884,2.589311224470659,6.39036786295817,3303.1888567970964,7602.843243355149,8289.407820025477,482610.81462897465,360346.1621855092,1759085619371.5088,28300.298651611247,2.1941804389023196,3.308530386105584,5861.387791734609,12910.552462609852,14178.795143978095,874116.3294714701,697949.3859988601,5146578732413.358,49344.5920036144,2.100096505708606,2.99539453212613,4782.682511991666,10344.344968605808,11396.469841140773,706950.3151202681,551195.7789512796,3324915835904.799,40949.079527831535,2.079655621764322,3.0747558012261518,5127.200023798956,10851.731094979554,12002.010158377227,756216.1510046121,578964.1885241278,3687635144749.827,41505.951864703566,2.0971620725912956,3.2297743002227692,6123.526984297627,12774.329785171842,14166.195120347229,892084.3029997048,655893.1138016406,5137435755206.391,47260.22430945736,1.9637776531783788,2.5100882131740594,7508.426381237019,14663.686450909261,16474.227358302298,1092313.3571789572,799038.381670622,6947844276557.719,46371.22187621681,1.6070987521163955,0.8800129713910878,4869.110427478239,9578.659466470737,10745.18280577798,711222.9202585857,529333.9398150122,2955749210357.4204,31771.69459614951,1.6508853048280856,1.0731459082699608,8955.87216235589,17477.29516361887,19638.316944807582,1325745.0273031022,1033909.2072570664,9872985406072.744,56603.737673601005,1.6232263029663592,0.9938346238467077,7626.628769253507,15850.275996728542,17589.67639146537,1107416.9197591797,800772.7669761362,7920555918245.74,63151.56148024114,1.9623822451895316,2.664889781948199,6574.557824492603,13025.62559329395,14590.809870746423,963517.1761345472,724724.4256974213,5450028356717.344,46418.516734319724,1.723501895712465,1.4710025551047012,5872.842134818755,11890.931668725783,13262.146534057309,867950.2336715389,671474.4302877901,4502643985684.691,47753.502602792636,1.922260973543892,2.5856194317838375,36,212,248,228,0.6457373619203193,4,33,33,Jumping Jack,dillion,original,True
3640.7679414166646,9007.854915024152,9715.793399067938,533841.1085280059,410114.9426857523,2416554019158.326,50260.151492956094,3.1113582916114613,9.692969381220678,5912.343570244582,11583.280056690717,13004.929194899192,846550.8697134622,606431.2400745265,4329681494127.1377,53233.36241182454,2.230205412294175,4.599640375973966,8983.103627260396,16438.94875117008,18733.264179573594,1286784.2008800865,907124.2354353275,8983940782635.395,52662.0209456544,1.5163945675778792,0.6139780132609336,11082.720868490327,18495.95839259358,21562.17008349169,1426786.315006256,606544.6862313861,11902135774961.254,57789.47304690815,1.4240849676664307,0.48699751518807677,6460.869842532063,13356.86561812012,14837.408744880611,851115.6462547767,430176.3349804269,5635806675524.088,57545.07295349043,2.437267293077583,5.434878270791279,8344.704752588208,15284.243132386655,17413.85039380369,1201953.7679063503,878212.3722437279,7762999949767.088,56843.98567454169,1.784686846785655,2.1010464714592247,14356.049900079874,21470.168879099736,25827.58835878112,1874962.8273536959,860091.9702602156,17076846603024.54,59960.840503015796,0.951914650491775,-0.9121488173740961,5998.071886835852,11130.044890545894,12643.368444572727,851066.015247755,592928.7577408442,4092282000005.564,45205.52480695606,1.8370007553127747,2.2772254932605733,13459.499661349202,20696.453895260438,24688.080828053447,1840829.4440821405,1082529.3514535786,15603234175296.0,60906.88259175585,1.1027293547297805,-0.45115148386079174,8748.683475418675,15995.797631374227,18231.977523487163,1172140.7465381282,606646.3517373258,8509568113073.691,66850.38668841132,1.679664252320778,1.6775764049121662,12224.677153666213,19431.143949348443,22956.74381726793,1641887.0447023993,909171.0863383015,13491509419306.732,59493.53320112972,1.2517582464352448,0.012360459492256393,10155.237294194396,17259.84228534133,20025.758418003883,1297201.3019570755,535292.5191837515,10266393605536.084,58783.26835958253,1.5590797607671514,1.0282883557507416,53,248,301,269,0.77633828638078,5,33,33,Jumping Jack,dillion,original,True
5413.379807241579,11392.210344408468,12612.974965038906,755040.0789901686,471897.59104662726,4072630719198.6733,56484.72122972514,2.394063187719063,5.360669572990217,5919.550757626303,10357.416452459132,11929.675466741972,834221.1521470367,549359.1912661038,3643319212589.702,41389.968501958,1.5851256885505998,1.4328332666811106,8137.6098308449755,14273.769559097007,16430.495768091394,1083034.4791384279,545013.9480818748,6911006494342.892,56856.420707761106,1.5742952303980062,1.266578490302507,8918.297449240195,14928.88238528772,17389.869426389552,1221081.1541186743,709847.9942212999,7741633501872.078,52862.260864691816,1.3517232562349502,0.3736227775564247,7241.1359148095025,14023.397762438051,15782.576916977045,1010218.3713664772,644420.38173767,6376697193991.594,56259.41528916311,1.9970084707308329,2.9659318271156048,9041.514250962025,16493.946373019673,18809.552012379194,1285179.8355573248,866992.7226583003,9057260720803.793,56281.52050314538,1.6045089742366412,1.096137039254053,9820.250195921564,16976.73904727389,19612.41909071218,1346192.9426485798,792786.2648380465,9846962754297.129,53798.68852258961,1.3597163968142059,0.20155218898114136,5907.58639325582,10261.568873596447,11840.58160485982,829217.7396358686,538441.2601828913,3589103942178.425,34017.09478976034,1.3999756125436567,0.3678434013575287,8839.81025455489,15487.428823424061,17832.630117208177,1209702.8630527908,692497.8783701955,8140869040567.301,59331.689464662835,1.5567296681459937,1.1345507880588501,7238.780419109801,14990.499780395905,16646.772228337155,1007546.583816319,627303.7704713261,7094144655926.711,63858.97243760467,2.02103884655175,2.822870967146743,9842.074211260206,16705.158693067628,19388.882168411004,1395965.3162205848,942503.9420536148,9623776044557.47,54450.59274315543,1.3449037765549523,0.2172520905038886,7276.922714494789,13248.498349345138,15115.432931455554,978544.1083604642,519301.4466550961,5848993605256.475,52536.51967093997,1.7562616137433043,2.1579359219186642,47,81,128,111,0.4393714020758931,1,34,34,Jumping Jack,dillion,original,True
4061.0889719896345,9975.626440741764,10770.588030541416,586615.1983048747,419893.7324481428,2969742503005.2363,48507.78264226502,2.376930566973582,4.613833016897129,4169.27568879198,9341.553624715492,10229.73527969258,605747.2510647073,442955.486718215,2678975587650.2285,32757.42697037808,2.1260325085802947,2.9855503640998364,4769.412166467477,12209.75636499336,13108.220432466942,720461.4107184919,605907.2151276805,4398731338397.281,61473.74081270503,3.1431610361780726,9.707488700739532,6300.411009863234,12811.146942065438,14276.57749127565,939071.1628535755,753186.989829075,5217809020528.603,49930.13438678161,1.846038061365586,2.1007892890015416,4246.128721958203,8997.973356041099,9949.529317483513,631885.6558008796,505147.0544660376,2534224221170.2764,32452.46063315758,1.86450975065602,1.8614212739798015,6576.469676801333,13022.19558725908,14588.609643235963,953911.3730931133,691113.594624921,5448384801861.5625,49145.664325453356,1.7707008920860416,1.8595331979409346,8474.047633224294,17380.0448872783,19335.859007914874,1248879.6535451144,960011.2697087463,9571211355493.45,61034.5717062297,1.8252676140239996,1.7985551314987784,5198.586489702216,10042.99723220165,11308.71765042016,763605.9447652393,580789.140019192,3273909629361.265,31150.62601331416,1.559013500421096,0.7089781231907715,8301.656040051479,16359.524537059426,18345.340991270034,1232838.7588943646,974403.4885866413,8615719323800.896,56019.01871972102,1.6463682253459881,1.063667302750134,5483.312993897546,10770.425257464485,12085.891841964936,804007.0133249657,606748.1877294759,3739360809361.2695,37297.294050435754,1.6670052837575162,1.2037899320869059,7738.844692344175,16057.128971566557,17824.733040967138,1150770.996480448,916651.0203448152,8133660364332.6875,59430.94773675526,1.9712497351426976,2.564280374771182,5908.5168135256445,11677.374451557871,13087.07931578363,882426.8445240895,710979.401076284,4384554112450.8604,42855.484841243684,1.7436771650072052,1.6576308198025789,36,128,164,146,0.5954280267550116,2,34,34,Jumping Jack,dillion,original,True
4575.264375662463,9696.304388222863,10721.537338286706,667248.8101743634,495681.7765195868,2942754890144.665,40121.949782963544,2.08161384149488,3.145955517963971,5113.319664445085,10050.308571942054,11276.291073843948,746464.0564267013,556476.9560465058,3255161353780.55,39814.92162056232,1.831474277825289,2.1767238378328937,5728.422438614541,11290.624691194058,12660.688352243074,839224.1112473981,636299.8103592846,4103501556547.16,42610.498647002794,1.8228169356158206,2.0407649164871167,5252.532585784155,11453.015796533922,12600.026563479141,770711.937686392,585813.3754223059,4064273136649.7256,51809.79707768276,2.2782040160837957,4.4640626948587245,6031.547088380421,11538.452283951792,13019.809575734304,878576.8317226276,647945.0305552988,4339595299542.5977,37928.97559079692,1.6056195386524108,0.9539054347444846,7617.485221071896,14528.298457232178,16404.192670036024,1111978.4593694212,828697.055693782,6888896951184.988,51978.61978721854,1.6202130568422035,1.131132119516998,7679.612268683986,15012.383624222031,16862.62454892866,1105465.6214803099,776025.2471985291,7279311530960.166,56116.2928811681,1.7351032676329718,1.6097250316600222,5069.419559091633,10392.8291982117,11563.300281896274,738152.1979099853,544727.7800603551,3422973783278.1436,45058.97447247332,1.8674073251253462,2.330244260168257,8428.88350769845,15480.29409482748,17626.275342473848,1225187.8748869083,894475.5150322957,7953550910686.759,50245.90280057309,1.4067233896151943,0.24826679061717094,5735.210177400026,12180.929062601437,13463.56819743864,820689.9010365813,565855.2019494947,4640452316341.277,45997.50684221777,1.8268056855728587,1.738142779475086,7857.464549894505,14688.817667335781,16658.364674153483,1136830.5207360508,817079.5850920391,7104028508597.367,51443.287770334944,1.5211108099556967,0.7431671447499624,4194.269670620567,8630.719568995348,9595.89591171803,614121.4692646397,465536.1312875783,2357279189722.285,35285.95663919161,1.979708211643278,2.8251551666970594,38,164,202,182,0.393728417644702,3,34,34,Jumping Jack,dillion,original,True
4010.194704699995,9793.476222929869,10582.714117781721,597757.9472780791,484883.06959359534,2867042255326.6323,49118.18331625584,2.8122441082431875,7.458240111945019,5378.851118306216,10023.267756737461,11375.321352654475,775361.8747362674,548564.3521056205,3312587158429.615,31363.01294826268,1.4798341970906752,0.5006964624859327,8268.852910653079,16285.640015667259,18264.610567376425,1223744.1317315286,952994.9851731071,8540057578954.715,55786.18804687546,1.6763895061413447,1.1895631242298252,5157.017864090561,12365.183613196758,13397.484802701541,769316.457250507,619330.5571285905,4595010535388.639,64972.56767096366,2.769251660822557,7.551168013843483,7990.0206919143675,15673.880469160327,17592.923566557813,1161261.7830605584,850500.1717578337,7923480566239.878,51555.2429758503,1.6602945611578093,1.0656758803346733,6170.632706476019,11958.077779451427,13456.311982770078,887671.3386976712,625050.5906467749,4635451703747.623,45422.40747207518,1.737755206331923,1.7013639622407792,8622.486631245094,15885.025714142272,18074.327584863608,1251758.0880671612,909086.6467065691,8363041731711.016,49495.971890726854,1.4108902163105208,0.22214015099031137,5064.902371523735,9176.25551756714,10481.264301445133,737401.3022518586,542131.9432341169,2812336674732.753,27806.54698592491,1.3096185594681755,-0.1704859496266269,8476.983486854948,16595.399205652397,18635.0885114984,1242818.005640543,935064.8466643578,8890023010083.32,56824.464876139646,1.7379424015073122,1.5228715374632893,5189.367797737295,9747.558088291855,11042.845051200202,760142.3517393073,572918.8165297813,3121777326715.3105,37756.24177633752,1.5581795101287068,0.9314186970404288,6654.5529529383375,13772.74604801042,15296.130514167528,974820.618237326,735659.7984936215,5989673182885.043,55170.89889720068,2.0228026873729736,2.914525305210752,5510.0516872092285,10712.686007553779,12046.67219991296,818312.4385970499,645552.3123348864,3715131163959.187,41861.79312763882,1.7658266197359191,1.9035237664954323,38,202,240,223,0.2494268259537308,4,34,34,Jumping Jack,dillion,original,True
4434.37996683353,11223.753874576145,12067.989755022065,648376.4955858983,497667.27938012354,3728291244219.328,63582.366283935626,3.2695195584204026,10.793829750402315,5084.674015039028,10038.682173361796,11252.957372041585,734586.9556608787,538308.2418025547,3241703670194.8164,48204.18728434771,2.357492131840569,5.533773823997391,9843.36129386217,16490.04135891245,19204.51055299632,1405121.7601580955,970174.4179062216,9441618574851.762,57457.508812713415,1.3309868796084012,0.23433740656679802,10074.56104867181,17983.6416481245,20613.30025133223,1377637.5366036196,795578.6100673901,10877648569640.277,59363.4033196323,1.6055579191482712,1.0906493558648656,8046.823378515313,15194.914463470173,17194.091777037705,1065580.491813499,543719.8437676688,7568301876152.208,64942.87098648152,1.7351849686825596,1.834679805842339,5370.524469976919,11085.639441131025,12318.032915258045,778502.5881382118,570509.6372955563,3884388733475.3447,45602.66548349865,2.1177677649115028,3.322171623056005,12684.582129588616,20515.410873618668,24120.130744166167,1720596.4079482774,959834.2749548134,14893586102161.152,55422.95384554398,1.140249299118398,-0.5034645815866239,4981.710581357112,9770.047763075412,10966.826049918922,701152.6304146852,469003.1813244426,3078944604395.0156,38213.948915384964,2.0492344274107963,3.119914370690627,14283.688704785101,23013.63857860591,27085.99866428971,1993578.9192847726,1252194.984411363,18781473885232.74,61139.76756844764,1.0986441843429715,-0.6466443548480636,10232.223817609192,18164.607461593045,20848.29413854789,1356735.4417017798,699111.1562263322,11127075033277.707,59318.019393899485,1.6069615388774168,1.1413791493405059,11067.233631459143,18478.489220261985,21539.225244113095,1470527.2284432405,742476.8663782805,11876818537385.951,59328.52376790118,1.3474723749435378,0.2770808860888865,11212.986968843466,18289.07474760507,21452.769795225486,1540357.7326100229,908737.4099383276,11781666096305.637,53732.46525676957,1.2212478577089243,-0.17409180015331138,48,240,288,258,0.6850989260679771,5,34,34,Jumping Jack,dillion,original,True
5313.290132347922,11081.597192647474,12289.54223600693,740798.5020049298,462538.2447845346,3866440918287.3135,53908.7539754174,2.3107234965608523,4.868175835259059,4115.023836708251,7679.254003341523,8712.311015139088,567784.2646985111,339723.5362097118,1943151698547.5557,28268.308996930013,1.638087577830657,1.1845187228254028,7580.726773608156,13812.990887711816,15756.463298599376,1029117.1734138547,569341.2150060049,6355613073410.793,61073.79799658415,1.8343731001026142,2.6766452593592804,9336.08646433476,15956.922764012308,18487.452354669877,1328907.9718328933,898912.8647163701,8749718900894.434,53971.44995666242,1.3685334441934673,0.31386798869362,7662.421649134723,15565.405115439153,17349.19427341996,1101297.7476164903,788671.0901898163,7705460273583.817,58496.76662498732,1.9724088954182397,2.556422077013166,6897.16404181794,13428.985646677143,15096.639603514654,987987.715874426,692846.2030476533,5834458299351.223,56052.57273163809,1.9224846038834713,2.64701010191997,9668.01931001177,16193.128979998442,18859.693092455826,1348914.7611612815,855783.5568416654,9105613402665.623,53007.643748106886,1.3115688326037862,0.19364537392155823,5921.95990276606,10179.364821342053,11776.63267899382,832140.9277117355,535023.50324306,3550440377752.195,35704.30300037172,1.4407430124624574,0.6603117165334265,7142.2317204017145,13867.819221220834,15598.97060386917,1010877.6563378084,668491.8720224592,6229193827849.588,56129.222575819134,1.7837900669796845,1.9008259275577961,6744.5243899855,12750.468086741823,14424.390651883044,915807.0813450528,508912.54338174284,5326413969360.152,54060.03773694543,1.6866992110063999,1.672597435041201,8925.878773083929,14904.12846747497,17372.517297351817,1273204.2911117973,877262.9054683318,7726191545517.772,46495.99568323588,1.2641630313263528,-0.057920268676588726,9476.610201060821,17299.725384947084,19725.279194410217,1274339.9571776183,662811.1576382403,9960617966014.273,60099.68827577194,1.5031111179089856,0.6518410086914419,46,73,119,101,0.5373303369225418,1,35,35,Jumping Jack,dillion,original,True
4250.580012036039,10525.92422004297,11351.762467775987,631820.9575811845,508798.0500122608,3298880284795.0723,53735.50388829013,2.652470674472023,6.51676327461905,4798.860089202195,9880.729446224681,10984.437743700366,687781.9649610413,477358.2282692421,3088841537157.867,37097.340341846626,1.901736392969012,2.1939757042132166,5348.977764868731,11709.19798383888,12873.106872616127,794948.9366403227,630368.3861968465,4242352142177.1914,51513.53256259578,2.2983529561003238,4.383252957975989,7074.11911583762,13699.557862516122,15418.205047718317,1034853.076739463,776464.7888996389,6085658800473.256,48372.63001109793,1.6552347107401089,1.1670014816756762,6586.829626588461,13024.060409870373,14594.946868339615,948378.0344022947,667924.1378352889,5453119336695.203,56480.61696969307,1.9736181599294798,3.204055444093777,7040.445418000319,14104.478460350158,15764.015488520785,1002644.3725771286,678208.3147480353,6361707118651.473,55237.417201134514,1.8954336846317854,2.3625909782409487,8029.178818125644,15796.991627681115,17720.402280379098,1169368.0177153999,865706.6035355984,8038724018648.7,59370.66096536205,1.732662103474725,1.5912456488849633,5201.123845543871,10338.408947075604,11573.002584189548,756207.5592732388,555587.1176332425,3428720353629.6445,40633.696520745696,1.764600837861573,1.7603184144611914,8701.986296801872,16131.389485617567,18328.83772219124,1267874.349859785,934421.403987482,8600225081508.367,53957.53258312562,1.4515458575779812,0.4008877620387352,4460.53463992505,10293.840738150167,11218.713224624795,649107.8097895794,490921.8517585411,3222003876259.1045,43865.10461467483,2.2699570473827317,3.9287303151599966,8752.407997313245,16162.194690820543,18379.91248552127,1266716.8931480832,911045.1511243175,8648222284170.768,52549.76887714752,1.4274799962568174,0.29721656288935794,5933.2033197993715,11955.344959392758,13346.654065051514,884461.0280694262,708214.0113768613,4560209273143.195,41185.98273128493,1.8158640476327024,1.799092289648648,38,119,157,138,0.49431930215676306,2,35,35,Jumping Jack,dillion,original,True
5242.178224976118,11108.58430397817,12283.365897871963,759577.8615134462,557570.8172193428,3862555591193.7,46813.32201023356,2.0962225361761364,3.2773461315573,8531.973617865375,15340.536152280152,17553.53591887871,1205125.890852827,795870.9888923223,7888041555337.348,59177.4960141503,1.6890890685069158,1.741405802501811,7651.138172232856,15463.417877162114,17252.744934483195,1108598.7300687507,810421.4692394861,7620024519022.99,65740.11879062363,2.0889240690443307,3.406582084897389,7082.349473675387,15254.472387750782,16818.400693761614,1045734.6664299656,814968.7202182724,7241180208535.58,57751.136629445486,2.0470296035827262,2.70865664661428,8611.129564847051,15460.987232903848,17697.278847286067,1163424.8056307095,627282.2243195609,8017758172124.131,55086.874067049604,1.6060144543827215,1.215362202652531,8639.996190225922,15219.452078173219,17500.892997985262,1213187.2763945225,778442.6615237058,7840800146609.398,58883.865967871534,1.5849784068891681,1.4026332663786443,12424.126520998709,20761.240574171523,24194.79344793853,1712699.0739241936,1011967.2637633643,14985933567703.281,60454.53239744899,1.2284352261901994,-0.20794195799204163,7458.828115004997,12829.91938421379,14840.51711547188,1038452.32622294,643977.4205324413,5638168275318.113,46738.024680081064,1.4278862659640685,0.6602920016739917,8948.765943893033,16788.086370076995,19024.201846273205,1283944.0883926938,909462.3265760354,9265158550726.264,57040.50714367194,1.640184469010462,1.1560835800693443,6024.72054291269,10578.08454471138,12173.460077367321,833727.4510573215,498881.2267595765,3793744134534.5527,36824.72181705735,1.4836904171498055,0.7468676661660045,9116.305901027274,16498.708162351566,18849.78525892406,1318489.2398598855,958833.8568832726,9096048750273.3,59804.10423864893,1.566737617066721,1.0574102716771412,7814.860296011611,14017.35187762323,16048.619725923041,1128537.6021115948,808487.15351936,6593489794746.525,44019.13113661892,1.4021295945243848,0.26797468142588343,45,157,202,176,0.43644216795916313,3,35,35,Jumping Jack,dillion,original,True
4133.360804852995,9742.644374459622,10583.184348308627,624603.8639867003,527346.7483581761,2867297048327.288,49545.57473303367,2.7632694186046143,7.575358619494898,3608.636151951873,8807.010189329822,9517.65114679737,535286.9604819984,423719.30105113727,2318993493814.6123,47550.50609644051,2.6110433781612863,6.574431991970432,6540.933979370495,13167.954711943457,14703.021751268596,947846.4395806113,689274.6926958895,5534178524627.901,46624.39443784691,1.8102718814970236,1.782394591839875,7153.982706946738,13730.453546992261,15482.403662784582,1027087.6583855014,713040.8371762907,6136443473341.578,45992.370335523825,1.6196915680591073,1.023368878573648,4956.010301734923,10508.99306433517,11618.991924308553,722164.8961562621,532102.956572786,3456024917430.973,45856.1402796505,2.208875299697554,4.067110968457276,6509.918153678064,12110.441078077714,13749.24788754568,957487.4318187247,729955.2628317901,4839470527313.392,40940.04293489389,1.4763400536165385,0.5200478982625185,9097.83158716016,17202.81426757812,19460.404885641987,1322381.7473037464,967247.5558411068,9694908372815.832,58233.64768300021,1.5865206190837993,1.006728233776621,6621.1051727161885,14392.557973345354,15842.498500055981,992156.3015358003,808006.2908549417,6425209823341.467,59085.57995703568,2.2226965254336255,3.8666100479195054,7446.0313596483975,15004.331057409432,16750.323384615855,1103309.4225667142,865546.2125712623,7182677337323.741,62649.10602979625,1.8439210308612834,2.285518600288661,4477.020193215447,9812.945036177238,10785.990918478206,671943.8040700976,549913.7964907094,2978242562393.455,41235.69499167411,2.1930038482862972,3.754329372152526,8852.213037244926,16730.828644581896,18928.34654139476,1274134.017345616,892699.0613151491,9172026951452.955,49703.12578777212,1.4768128836704155,0.34663400677774137,6546.727822301603,12004.23410771736,13673.378576349836,944963.8563711988,671955.915077264,4786208811319.877,39007.46233552173,1.3901275613576884,0.16158432262107425,38,202,240,228,0.7740396376733872,4,35,35,Jumping Jack,dillion,original,True
2782.334040147179,7589.940925955507,8083.847225823608,418051.3118352823,346563.42900163576,1672923800843.6748,41639.53622259054,3.4882686507784517,12.280285020915544,2790.0520651837714,6249.246005559622,6843.7903360958635,409215.2032861846,313397.66217831295,1199039133809.6416,26949.02399029182,2.3634551055939457,4.517613700444033,6205.280003733818,13983.81691374762,15298.778885974943,949368.334176781,828450.0122502042,5991747466289.99,56794.44836316898,2.117623524109301,3.058411731265119,9754.797771630178,18262.39276625172,20704.37318815144,1424808.361276388,1060659.1704778152,10973979369324.652,54743.71320524169,1.4966898910259143,0.46505808025836215,8134.700487559203,15453.693121141514,17463.96241134046,1145442.8119398907,733619.680248576,7807743567480.64,55017.9601249732,1.7498752307392964,1.734381723568089,7449.6152072081095,14775.461926479402,16547.236683999803,1070451.986126795,747070.236970765,7009562672033.504,57546.47634496322,1.7397793145042098,1.56556541758229,10518.913093680594,18848.454933146513,21584.989831808125,1514275.0223293016,1076410.800715613,11927341722605.062,51968.68989034371,1.3610159013446044,0.03151810420739487,2893.0429156597424,6012.598879782154,6672.409055281806,421413.1295725655,315054.1526597221,1139738690585.7703,22159.206188927976,2.060339896156767,2.8438142798394113,8486.999070608541,17074.764885333087,19067.68861487711,1205298.080721636,814011.8200231695,9307564777316.2,62432.02766454756,1.912507741680521,2.3322966247049175,4551.35436337146,9936.68370326894,10929.433176509701,664544.2820554915,494875.2889849116,3057984244730.648,44576.26125193912,2.2533574088818527,4.108363812620498,10643.585480248661,19642.27734488875,22340.65735758216,1526016.0267562296,1058022.466960535,12777087261923.58,58350.941852454875,1.4855074847752057,0.4546581744568714,8614.440298516007,17232.643134978396,19265.83948532258,1259922.9262756538,951712.4948328665,9502017819499.895,58641.69140268098,1.845927996737194,1.8347030822422505,41,240,281,253,0.7335534503921188,5,35,35,Jumping Jack,dillion,original,True
11351.82025221337,19625.12480839066,22671.774231044914,1622403.479634348,1118823.204298834,13158639277656.895,58317.104213346975,1.364027203327898,0.17803782088847298,2543.4135140124413,4923.147936694293,5541.329976624601,378183.65237435256,303208.6525176325,786082250491.863,19222.044328009586,2.0170718805546546,2.9314655876584155,16094.38367883703,24272.92057423277,29123.93962369494,2185582.7866179487,1220118.178605847,21714018795638.477,56686.76754325325,0.8537596073191654,-1.2526500954059192,11092.262997705566,19549.588360778933,22477.20408516529,1461500.2812401894,726067.4086908163,12933752409245.98,58633.356813281614,1.4335413160338994,0.31390560119678934,9050.200147922496,17344.079945654194,19563.31341768823,1181150.4784099876,607883.1314127481,9797714736094.727,56418.448925267854,1.6913597897809578,1.2293622986560315,7267.400358339883,12619.88051810295,14562.846296641086,963788.9242703774,495007.8903078461,5429158201845.582,40756.1936159196,1.4288468101735499,0.4479461625608696,1321.1517813592795,3882.334310029089,4100.970827038134,176925.10906935303,92725.74193731969,430539820139.97675,34411.85538181542,5.976001627008376,41.791516486697475,2616.8319864057257,4905.988246649656,5560.263511861708,385108.26336974616,299168.8152131839,791463176226.3219,18952.65736421882,1.9254631127190072,2.5747478396096684,14329.139751493047,22524.6486458244,26696.1428419099,1963513.1276365118,1149751.1458478246,18244711491472.82,60644.40338297351,1.0560734854617027,-0.7109543748979434,10975.47354620469,17922.75508595047,21016.331017435044,1532961.4568628382,981474.7497199926,11307165937520.701,55149.575399098445,1.2676440068515729,0.0014470804344903776,6632.926580618975,12222.801748350286,13906.566707974926,866176.682545416,423406.1997114409,4950850498645.927,42620.24281104694,1.4913480441752327,0.5110058101477319,9959.323455357564,16346.078685657289,19141.118360381526,1348525.9792719386,739340.2350065875,9379389749405.05,54766.03603557858,1.2956650338472822,0.15702978940904533,49,35,84,61,0.6735610920932037,1,36,36,Push Up,dillion,original,True
7226.638558099318,13275.544132001463,15115.038102834089,1060797.633256452,803170.2726752784,5848688047363.234,40388.63685797875,1.4496666395844962,0.2987202897542285,2533.7235291736347,4996.354777898311,5602.081397919472,375932.5906774379,299538.18681030546,803412889316.2339,21378.24784790315,2.273208451639533,4.575415061763937,13699.859649934911,21810.510628058073,25756.25221736557,1918488.1252714077,1220900.5722041815,16982643924084.451,58666.63664315435,1.039770479195351,-0.7997244013090121,9013.31014830963,17464.5210017656,19653.225019083588,1208166.4143572724,674008.3856992364,9887980893458.766,57793.83026905973,1.676054085075026,1.0871770370672635,8164.024554625357,14755.330368090299,16863.3054648255,1100365.8331600241,623368.2144297226,7279899422720.348,53075.35931239814,1.5599918400848465,0.9633028522848677,9685.173335976866,17070.334258814233,19626.48451087367,1312237.8894524225,717830.9352900408,9861091692942.443,61492.91306311266,1.5801810032463688,1.1734280218595456,4031.437340432271,10763.465398499475,11493.679759525541,496047.341992293,199066.13126473513,3381879665011.8936,52146.561613883176,3.288361487327195,9.984848914154721,2726.1893504374384,5135.1304296549,5813.920613837638,400129.5671514112,307643.11741410854,865322826342.5588,21241.181249773592,2.0414361094566886,3.457490438616447,8592.203802995497,15400.703515739027,17635.4085569886,1192102.456078023,727095.522036185,7961795455280.811,62662.729541092514,1.8067185522857625,2.4552935708664894,7065.9245895608165,14357.824338031764,16002.325144401279,1028464.9967201469,789700.2403024185,6555504896694.717,59116.996885167464,2.1049544013435706,3.5839554489602214,6838.995110200436,13052.502423886317,14735.659932385235,939329.9564881739,569264.4953624149,5558775645258.332,44022.26063146544,1.659713083683295,1.1619367063411286,7596.270987195034,14074.22679630761,15993.348393154081,1033242.2747853701,577562.196126083,6548152136314.986,54251.92208628469,1.6047748965290918,1.1376608568223032,47,84,131,108,0.6603125151948669,2,36,36,Push Up,dillion,original,True
9982.834252656616,16482.10877509794,19269.584567140377,1407234.0401971324,916201.3108147723,9505712368388.473,49348.22547306608,1.19030698865633,-0.3461725242177698,2362.316471260363,4311.623581798298,4916.364207573234,344493.7469719324,260466.51151177313,618768307750.5842,16752.32407423657,1.9153865149567662,2.6961210050177806,14371.314704405373,21782.096022390644,26095.869279671533,1956395.2488836008,1105240.0334376774,17433456472619.633,56349.30841806616,0.9267643475089843,-1.0191288491977917,9601.810617359126,17756.24035742872,20186.10509143383,1274814.293579852,714349.7550724932,10431458272317.715,61013.83682766811,1.544913978178671,0.6601495836409215,10348.259154412022,18810.69511355387,21469.25052678718,1418638.5910967025,910806.3145482237,11799775185457.96,56258.41418641017,1.5318243887993221,0.5716162954291293,11766.088372968718,19185.93390888686,22506.463417353785,1586890.6387930615,869666.2757161965,12967446926251.113,54057.301353768984,1.1378724668048792,-0.5131387746036173,4301.463581764542,11170.040191154814,11969.644389757805,525567.7234493137,219976.08198025578,3667773102521.8687,58485.333756341526,3.4567455255749784,11.887847815849591,2555.133726366247,4531.192575623556,5201.962563975284,371841.3806193693,278425.5437976269,692746611635.2075,16221.820385864747,1.7230316909615495,1.716267390921896,5980.598761618872,11800.750555169205,13229.711834080266,776694.9460178475,330295.1057971333,4480647045447.769,45710.53863988467,1.998684811767243,2.7973580834805754,7042.065106057969,14068.894672790746,15732.910673872115,1014165.4130460996,762653.0804596245,6336626643764.201,53953.87332297393,2.0565711453323594,2.9588942885114067,10718.709249358737,18614.98956577538,21480.422819540003,1449764.989962652,854786.9294228518,11812059251359.1,56909.80250854248,1.4148949881339719,0.27547762069432125,6599.887138550313,13169.005036272865,14730.281867193917,894244.7973747029,511701.75139806035,5554718819506.736,58614.17192577421,2.14874041945059,3.989137210139215,50,131,181,155,0.5945683619396189,3,36,36,Push Up,dillion,original,True
7226.203814731814,14801.128614001625,16470.92680513948,1014831.2010913135,646412.1662120358,6945060603398.716,58111.29437942217,1.8741107253552771,2.0873426106446082,2196.880576844373,3981.019794367254,4546.955340891304,317831.9359634254,234064.5602072451,529274953524.73486,15411.169805671627,1.8262868849753588,2.1845640478281263,14819.955973516218,22151.31557632898,26651.67681064502,1984479.4549514023,1036279.5970236007,18183984046568.29,56658.38333209768,0.8580516547416954,-1.195401478774838,10063.477202165575,18451.03062423123,21016.99561057253,1323442.8837429748,709265.3437236896,11307881075067.518,61081.09833559169,1.5893495923330534,0.8494956127284934,9793.259408050359,17215.011667825776,19805.669808333787,1330301.6856591546,811316.5437888439,10041972647852.66,53798.772417642984,1.4409898577143387,0.32010127376749953,10286.081937920395,17726.030396044967,20494.282989046536,1405847.914726841,834775.9391611011,10752400262019.127,59250.80343146889,1.5541260247619233,1.0435464649518176,3360.595430212292,9129.833975269255,9728.69313225289,416937.304669033,185546.19853840483,2422975233575.54,52655.77441454567,3.4653778670396935,11.811356385169816,2548.8234184767775,4551.785313882535,5216.823781023504,367502.398982675,266980.0116285281,696710409273.6608,16900.188636141113,1.779306072731651,2.001314555951226,5986.492198073711,10672.024200252952,12236.42878328404,775261.067898398,323665.2421098324,3833092847830.582,35950.32643148615,1.6026673961120153,1.1252717945234618,5718.646517428625,12238.729789909115,13508.864677007738,848462.5880250859,694034.6021399298,4671729276459.708,46774.52354816798,2.231693440273921,3.6372356342465837,9582.1729447692,16948.42184343302,19469.644098607056,1293435.0476247538,772592.6799871444,9704116257956.467,56481.321931705184,1.499980710693053,0.5913433573766658,7190.9422770351275,12777.39914801881,14661.90914647349,1003806.0107928173,633506.2570347392,5503272443377.739,45527.167053153185,1.5784119119228528,1.085739960634771,50,181,231,207,0.5819667681180394,4,36,36,Push Up,dillion,original,True
8129.336596699577,16243.111856164554,18163.83209221866,1047060.6325093661,420649.9949317513,8446074784622.401,61665.324610976946,1.9350078608191725,2.414696725721674,1708.0000540810747,2943.0284632464814,3402.7460557937466,240421.64290000196,161999.36068517494,296414226437.62946,10248.784293208088,1.6457537376928717,1.5165232747061017,14458.781606056302,21360.81784451216,25794.202924650748,1917805.6520734075,955884.2439266781,17032727155662.363,52303.23699363195,0.8419049538628366,-1.209707302451683,9936.259127017505,16993.4679465426,19685.202520914274,1338498.0161562134,784754.0343669945,9920184276208.883,53251.82540789446,1.393946064660064,0.2874522428247359,10833.969223840273,18376.569585987185,21332.444747186088,1472236.520185369,889308.3204629783,11649873891628.734,55124.47081970347,1.3103494352210265,-0.029797346861166307,11380.178333783657,19220.001788179325,22336.448411650752,1522883.8402430136,857853.5166054799,12772273347746.188,59032.074488437866,1.2937030677377785,-0.02897726600242656,3026.862393498793,9032.459851785408,9526.133891736592,398336.1328465624,221601.2626236849,2323129009236.289,56719.22498166619,4.401724291250314,19.841729526002382,2140.294463141482,3497.962590409175,4100.8051249548735,299630.7817546556,196010.8789901971,430505028425.11755,12277.621477262292,1.4309404116838587,0.7888125290769739,4523.775271466291,9234.891931007422,10283.373555604985,551999.256211074,140193.27748844467,2707142955113.3677,36000.65736646722,2.203756445106973,3.683580492215089,6175.78800765237,13126.227784214925,14506.488663993041,912884.5474209493,731190.0495838992,5387218261979.102,53896.47734002887,2.2533005331900346,3.955108698888405,10423.089695033112,17628.19225826451,20479.110358729995,1404535.7619964227,816889.8403062155,10736485403777.082,57554.39908453959,1.30478121462116,-0.02476945959721011,7839.055757940182,13439.213094955829,15558.381785639769,1119421.2078616826,782856.9551859729,6196819040965.819,53430.36613267677,1.7394221146206992,2.259672694969419,51,231,282,256,0.5149031123616417,5,36,36,Push Up,dillion,original,True
7742.233093481691,14339.937784618824,16296.502352975675,1078400.9777949203,719956.3276773131,6798745316877.867,53582.70537636728,1.776989538168903,1.7888871469828418,1873.0039406027522,3170.2874775977507,3682.2366100138843,263555.44061121764,175365.95423551768,347106981174.4395,12840.909909496928,1.7109933930562116,2.151512410003254,15345.158478093043,22428.719387944744,27175.7491543648,2010495.7639536562,941336.757738156,18906146357784.55,56366.60644714402,0.8321467879061664,-1.2010402921926493,7956.210525476723,14244.331389594598,16315.706011763526,1098429.3475203617,697892.3733568789,6814777924154.79,51088.14905980061,1.660959363477279,1.377303124675925,11302.743212023755,18711.8057627788,21860.550748343718,1463361.0549871256,638576.3495336128,12233822182935.322,59746.41367336937,1.368913434328951,0.3326480049742071,9147.574754800127,16576.992341151457,18933.430723808367,1226309.9624008227,693434.6471581499,9176954853715.217,61754.810433755636,1.6573087652561775,1.3118843393386292,2578.865840178654,4845.176183414403,5488.74131927954,334344.227683969,162164.9047063606,771232800511.1426,20270.07150863828,2.1436164257443036,3.8992745038858363,2216.1272637143456,3637.489034098632,4259.406827501434,311989.0512308536,207865.8965858437,464449190967.4454,14011.478076163648,1.533994179296238,1.3568619570640346,6589.61115480491,15198.568484912037,16565.61073918166,934093.5295245375,691276.9798555992,7025138154549.5205,57017.92939146894,2.4916204781238833,4.723979977999947,9768.90181209785,17303.163505896446,19870.352536535313,1323687.722900267,813750.7511817681,10107671294110.6,55226.10438840269,1.5418652490459313,0.8330282314544197,8657.45162751948,14309.492171755712,16724.623610006227,1168615.074771818,652358.3977293171,7160653693347.2705,46612.99670260802,1.3718646453969974,0.4091671915075352,8789.664859699988,13899.406577113288,16445.41612552704,1195608.7774105375,685925.2693109798,6923563815468.67,50510.75000358948,1.2841258667564035,0.3151162825253744,52,31,83,59,0.506077943340338,1,37,37,Push Up,dillion,original,True
2451.5910835722043,6921.046370060993,7342.42342129526,347963.4697060915,250199.37977735532,1380126251458.1807,39786.98669865137,4.164754683727301,17.403997710719402,1419.345956807939,2962.9689653648165,3285.380957335404,208029.05353844754,159656.88143617424,276319437691.4457,14793.517591103422,2.771189931402857,8.021084601782961,12437.163917737256,19902.87630012544,23469.28911012774,1706357.9256225508,990588.7264043904,14100672802169.87,55905.61093461659,1.0421939222807641,-0.7765916095421823,8864.737276879858,16456.89316985783,18692.58943518037,1214180.90856121,733187.3228390685,8944970234680.75,56158.32828191896,1.6534423931276099,1.1861750044215444,8055.832016888465,15674.355191288723,17623.332265692687,1088519.685784483,605220.0391253355,7950895107763.327,58809.63940472776,1.7871010141894659,1.7912385393770283,9190.66763560077,18254.730955223928,20437.797675769525,1267518.5355187596,807286.49173789,10693211490193.67,62502.57096039631,1.7193830943828299,1.2248435546487269,4547.748436571738,11543.129325999591,12406.685716946831,638967.5678934952,428963.9694660702,3940501772264.7686,63145.47742448897,3.4288902644013506,11.971580374164482,1885.7080149415765,3604.5919498694443,4068.0434907555373,275964.65807802504,210666.76887923077,423653832772.56964,14802.347452144,2.037534471135212,3.301897853417901,1778.5599664732094,3526.1665737373373,3949.319721177774,251402.47003475306,168291.1592198774,399286432258.14246,15094.123287142318,2.0383272703900874,3.0355919610574214,6240.398143119113,13572.074731747403,14937.997908313579,928714.5530559235,756980.8908712233,5712480806624.79,57804.3222214408,2.3543692882078875,4.446723730899022,7026.709684077345,12877.287143495038,14669.668474792774,953599.2702066938,539781.3094812926,5509098832904.42,40981.163469699684,1.4392509016734665,0.2691232470365277,8272.15097455004,15737.314587053474,17778.96375376347,1202211.052914106,874934.2198043521,8091943735235.463,55155.25638206549,1.7311311003801841,1.5640966122693882,46,83,129,107,0.7351173015428111,2,37,37,Push Up,dillion,original,True
8771.372131969121,16242.115116195322,18459.23271767343,1209650.7187897887,724793.6434290799,8723027776645.764,50006.76774733928,1.5817881163050782,0.8737589479803081,2154.5107362769995,4429.5352254863965,4925.71810262805,321222.8529503157,260228.80311532688,621125089959.8765,18885.089350305534,2.348596644365002,4.7771484576713155,12766.728261889326,20590.387955410017,24227.121716522943,1782593.0440568163,1122121.7742729145,15026007722680.77,59367.91026901277,1.0787615195700737,-0.6742544876174352,9112.35763751635,16025.644684428275,18435.193225609182,1274328.9063162121,803751.6666090991,8700322541197.994,48868.0959054871,1.4554781433234674,0.48616308495359295,8478.524757383111,16199.644441670593,18284.251751113778,1159914.3583534535,706740.8844023976,8558434869711.547,52917.446726875314,1.657507221779953,1.0227007956135648,10128.258808061553,18177.385395222485,20808.62720819238,1406370.4272683328,895258.3257865197,11084773537011.816,54666.21282646095,1.4904320736815897,0.5032611392912147,4257.302231318032,10354.471788340601,11195.521796876057,589183.4122032452,363329.8939162212,3208696532590.7686,55259.58521225848,3.17783106548173,10.42280416937457,2506.262962140831,4740.745982458588,5362.464592479485,368747.08129976067,285555.23380390217,736154278543.262,19526.526459188655,2.0302538869999633,3.411159793252618,6140.119028394129,13328.286961568394,14674.613964692962,820074.2683596238,454222.44559749454,5512813952326.7,62708.29331939165,2.60373707432353,6.520423833298969,5439.684230751601,13281.59379239016,14352.383014550038,826911.4245612943,716856.1501334911,5273366993826.418,52401.475676310976,2.5473780124789367,4.986847409714091,8564.643776109684,15780.006332693541,17954.4346296814,1160692.689943538,657924.9618935975,8252460105510.467,48924.439773211874,1.57145991735388,0.7712824902240403,6989.028114132799,12380.00927734828,14216.579887137697,988017.3981550529,652062.2159783981,5174045278396.623,48297.812684768716,1.595361079673318,1.379305031634698,46,129,175,152,0.7090313206846992,3,37,37,Push Up,dillion,original,True
9991.376933561396,17490.482600490006,20143.102904630814,1329189.1297393881,667686.142155132,10387061622439.586,64120.64979673557,1.5535256585749448,1.0807327019235036,2159.398035716446,4096.948482302372,4631.19711773271,314128.971069042,236769.1065642821,549068460628.37134,17129.283771099534,2.1652890859420504,3.925845898461568,13472.092958953514,21115.11342693353,25046.862153310813,1847048.3813981893,1087251.7859574987,16060039775410.008,57206.073890852174,1.028725042863042,-0.8036832406257601,10984.873925789416,17951.72391376793,21045.946085686803,1512795.8336673826,940255.8197814855,11339055274025.87,54778.5858467453,1.3114032768641015,0.11183493228746189,10466.833922460375,17587.722255734494,20466.62127722174,1377149.0740648156,704031.3525577015,10723394214533.777,56853.53931030462,1.3323217674888417,0.08906636540631885,11398.208139235425,19022.61857444983,22176.094476132093,1565319.9854883691,971757.6019341759,12589546655087.008,56158.50834569155,1.3115451308508166,-0.011645270524095697,3596.3162339419373,9596.266756725137,10248.015716261481,479355.85607946024,286874.6259785152,2688558748691.004,54551.81936534924,3.7335012656992332,14.209141115251636,2369.1181479546817,4284.437942536442,4895.827742314279,342529.164344134,252470.87426374955,613609709629.8015,16285.654249945244,1.918605225378362,2.715296517274484,7546.848391661784,14815.708646502952,16627.090645834294,915749.5689025108,247626.38987307416,7077379669626.633,60797.45767769006,2.0100036008928335,2.9882864604885793,6809.958082182702,14453.104465011544,15977.101043606819,982350.3655552805,758339.119404559,6534854598595.125,57710.52884439711,2.182267402864643,3.4391474030485956,9719.145562494534,16310.713363832152,18986.868117255406,1325636.8263578697,806870.2943003663,9228829719092.479,51559.25816056063,1.377616532622636,0.26884421944899994,6825.901627032898,12428.945148385896,14179.972162296923,976603.567819824,680603.7147017603,5147433229402.0,49423.579021622994,1.7566430021078723,1.8752260570642365,51,175,226,199,0.6827342743309918,4,37,37,Push Up,dillion,original,True
16432.462161373383,23463.906773243263,28645.78038295377,2180454.051100327,1120676.995803728,21006866783959.523,59060.043337079376,0.8028196499428061,-1.2734236379612431,2168.1498243682627,3469.3287071917534,4091.1019712851125,299370.86685097514,189866.13750653,428470152689.9951,11926.445661257298,1.5086031821042605,1.124922152640032,16033.87766175273,22263.670529850497,27436.403888516197,2084434.6013454976,960241.9391046707,19270560213344.938,54674.40459403338,0.7300669918586167,-1.3611135668499026,9867.582959468944,17025.571966497453,19678.39663815083,1378478.633516615,938468.6445076433,9913325932758.672,53086.01252779958,1.5025651584778834,0.6610981753929686,11034.691949250937,18058.38144452362,21162.929069738395,1469213.2554279035,866356.2190286836,11465460910355.926,52975.52408738048,1.2532135630952383,-0.19945863122196572,10709.604389583872,16581.496239915847,19739.34253554909,1441812.3058891126,835069.1293169027,9974826079634.88,54526.842767802314,1.267832826182291,0.28470961585197196,3468.113468656331,9577.708699348012,10186.280722670175,447405.3267728857,275838.73870342906,2656264063002.6763,56047.37174932249,4.049786506009261,16.20628965134494,2263.8842206342283,3601.3936063955202,4253.846221083125,314793.9857243455,203851.8542393293,463237316419.1533,12737.865619336106,1.4789211862508942,1.0329744964055072,11253.590878239438,19741.78036243525,22724.02252096728,1312020.6537590534,334409.3942686346,13219358708055.756,61174.05629346728,1.4612586670529077,0.449070739279537,8455.917436665275,15302.306462801811,17483.224038409106,1126685.8385677617,679032.0708237406,7824975943096.471,50701.68695799018,1.5274921875144871,0.6629207021640657,10524.339966912277,17166.44918902935,20135.756988468886,1424899.8172580013,880943.0852696939,10379486963166.043,52612.5019676924,1.373028212379446,0.24157324460155216,8585.401982798308,14200.947664369216,16594.458164471373,1205213.3292996308,791793.275855939,7049626669373.198,52631.27081368998,1.4559192793363818,0.868263805471059,56,226,282,254,0.49613434533438605,5,37,37,Push Up,dillion,original,True
9131.239979428861,18106.683178976895,20278.844131403665,1362087.4299276806,1093412.4951784979,10527526894227.578,58045.432577555854,1.6583051316240696,1.0981698683345273,2333.1456895453603,5380.995821048415,5865.039201470404,355769.94805149006,308111.64424096793,880606331770.4856,22956.155850587314,2.519392368103976,5.461861605621085,10493.579489322485,20001.077181755074,22586.684106553865,1555293.3696504761,1217700.7541567502,13060052452588.871,57854.80003143861,1.4177938880877043,0.08983990284954624,4587.171238043273,12232.331461958085,13064.152209858128,656130.4642532872,450206.2122057895,4369205067835.9297,54655.91587362844,2.7773016551586984,6.515536476813329,4750.76146825896,11069.178922168137,12045.599052735624,692785.3242426002,516136.1308869774,3714469287405.1934,41780.86804206935,2.2903324737019246,3.815812678860116,3981.6144334707087,10194.510693125514,10944.464435004242,587313.592973062,463673.16339951754,3066401325288.262,40236.13371530682,2.4564086209024767,4.386370062793394,1364.561999281746,3940.709113794163,4170.277900742848,203154.93279921188,163592.28145353353,445215174897.25885,23312.179805687276,3.8659099470174074,15.347929822687451,2308.222269285391,5299.673072710539,5780.521146232246,351828.4236042573,304444.1202396691,855409272884.1769,21626.808332161818,2.4330908393149877,4.841283576717116,9852.615371764112,19438.22973182966,21792.631891795656,1465435.7336679357,1165311.9291452384,12157921402145.508,57107.5063366771,1.6174784070198196,0.8819707186921106,8800.08159034677,18013.822616690148,20048.42241330568,1322406.19278179,1088885.1798380557,10289644576315.844,55548.87335122326,1.7151521488107964,1.1505304616184517,4028.6413940318293,11166.994657154768,11871.466680854135,610602.1494330803,521835.479071545,3607852061558.5254,55843.03766347253,3.1818928598617497,9.259387790946379,8261.390377393833,16938.014607711597,18845.341859959637,1234724.4552259,995919.3553936516,9091760891359.922,57722.6252375207,1.832420146141632,1.8364668115137546,35,30,65,53,0.618314106564814,1,38,38,Push Up,dillion,original,True
8362.642742626496,18877.924793403145,20647.27192987463,1226985.3560411301,924330.7300875759,10913531856542.434,62892.33011175558,1.9214376250654406,1.8566421148350427,2870.9082436880954,7047.316422122211,7609.650642256166,435465.2882753912,368799.53132967645,1482413642168.0557,32705.87100239248,2.526584551232159,5.356960310827702,7560.130961814607,17066.00815139505,18665.589044636927,1109817.113658008,836724.6555766658,8919147888211.715,62693.16384581854,1.931642160180511,2.008098205772553,5669.862256033337,14817.898923796236,15865.606402474288,852985.673310016,714471.864719247,6443967142866.768,60258.76184086895,2.682152461152682,5.775103994603267,5927.133414047233,14318.72655094661,15496.99456503417,872955.2708528041,674008.8903099825,6148015118046.685,54472.56983899706,2.4445915534115366,4.5573704000386055,6361.289565272107,14939.281077200974,16237.244964489968,934259.8232462984,704589.1651829887,6749391975343.482,59345.36131854472,2.3157864742180627,3.9710871986268534,3169.9629498663053,10958.251703958653,11407.538976958956,496943.6168478589,468976.00631860865,3331377805077.4478,60113.79116786357,3.958315213149535,14.906465930099824,2278.463409028015,5334.3601658523,5800.585650200447,345978.9227474843,295446.0725799357,861357923463.9703,22320.741699485243,2.4340685903822483,4.880535515785916,4335.724577157266,11200.066944637207,12009.996135441534,654267.9813678312,544126.9964131607,3692544183637.007,48334.08307300683,2.7488534871538564,6.385851371980731,6828.992043913851,14575.52349435668,16095.993832950553,1032318.3460978818,866637.5195928649,6632474047241.783,48558.7145842479,1.8686015478602265,1.8099117753728793,4996.72369755682,12308.164419933395,13283.755459125265,743771.1675314786,596162.6547277347,4517328872904.711,54439.186395631055,2.609309776166593,5.835371439588604,4162.752694267019,11225.970166216437,11972.924294691285,627621.1095860818,523810.4392353593,3669783453860.0664,59257.055212181105,3.118218069047832,9.391412363546415,33,65,98,78,0.6676253871685581,2,38,38,Push Up,dillion,original,True
9523.939051344587,18465.87356441407,20777.244801721255,1349923.390574681,888176.5231843045,11051363879696.71,58461.78410146098,1.604072103226379,0.8699809479556238,2950.8601459879465,6847.907521980603,7456.635503414293,434370.6023358992,336950.05403309833,1423396173587.9304,35190.75791742362,2.557191146512228,6.053162513293689,9835.61148318304,18757.521571343517,21179.798600259146,1396447.5517457344,926420.593672083,11483747039937.006,58515.35415332348,1.4892019669795198,0.38720757424608854,8283.567453501362,16680.067575472356,18623.698453288787,1209946.0480711346,912709.6638917297,8879158888423.197,59407.2750817326,1.7939746092555793,1.6914307944245248,8352.227982533956,17174.015209795067,19097.290663821805,1219538.8631055038,928940.256005717,9336486673881.484,53170.53314698553,1.808252536873968,1.4860141704055536,7286.197043725816,15048.7720964688,16719.87466972934,1044344.3584276187,731365.747277226,7156587749669.294,59266.39940218531,1.9914737484987424,2.628717396012833,3048.2347672485625,9057.444253691361,9556.622395228847,470689.6484098321,424550.53331799514,2338023209087.7324,51832.129637182035,3.906859822587302,15.211598522953878,2176.4595898122325,4858.071601297133,5323.329412070545,307781.527017909,209533.73520168898,725448602353.0325,20321.552744943176,2.465385987188544,5.099612809569594,4676.033169335775,10240.728725231558,11257.7889047766,702101.77893391,574287.2848535763,3244487962227.4844,44036.67333254386,2.2424478882654237,3.967669991345395,5327.474983738759,13134.624743576576,14173.932300421657,812176.6150828152,709242.2123126315,5143049135537.57,56433.406428851,2.515380377332625,5.09971540541625,7998.7154627621085,16925.077864770283,18719.98156470157,1167564.9463637157,891757.8930563012,8971205370438.826,54612.317534866306,1.9194530349808325,1.937624824438756,7418.3105225568315,15341.985022424213,17041.356619628797,1064531.0474826277,750542.1860958348,7434440587196.575,51095.26594851863,1.8089619008296351,1.6125296788223933,40,98,138,118,0.7590368521920398,3,38,38,Push Up,dillion,original,True
9338.754751017512,18337.973308778564,20578.960259768402,1323349.4021600334,871756.7787341056,10841436297552.057,59129.71610805817,1.6426054816073439,0.981818872317687,3255.2765117046065,7919.329493790148,8562.278014574758,479214.1415773887,372213.4711791413,1876802682851.0786,44749.2627185942,2.996619910125467,9.382608268424805,10219.978076970461,19112.405189013007,21673.30117916438,1442951.002645112,936382.1160858263,12025138790470.863,58729.28837297686,1.434454727860903,0.21089896131662345,7786.725697393174,15943.367970858611,17743.282654025534,1125522.2771166035,828649.0087048111,8059496431120.473,55707.48618242411,1.8384096225458626,1.8134944270408866,9137.093384294214,17693.788720301065,19913.729806140444,1306772.4984354293,917854.1074649217,10151849850674.336,55111.12023443327,1.6751087147959047,1.0797163620135573,7569.063828952739,15842.180711067283,17557.48891296455,1088318.9597565539,782879.6614943194,7891594673379.149,54543.48325429048,1.9300578056439157,2.2183649311385185,3735.9107856125033,10380.347169130091,11032.163738348108,574788.8446659107,512301.8095544666,3115741100792.9067,57750.67203439754,3.493238757999546,12.237308723148683,2770.4887122315495,5658.914614960411,6300.70808116159,398948.5880168095,286887.2260824291,1016292411494.783,22848.35269497533,1.9916722446040485,2.7652379728642753,5959.486687592497,12643.957607043707,13978.023663891494,890564.240723856,721457.3254251465,5001859726036.753,54362.83160049153,2.3196033331943893,4.584514684686143,5832.910782750342,14128.95226651855,15285.618742762259,887880.4704879236,772313.9712119427,5981443592936.572,59913.64963728497,2.502963841931283,5.065530369150865,7521.9442057656,15803.701545255233,17502.474886888234,1058826.1863237543,704312.682819421,7842217655453.525,55850.8716608213,1.9970697509703963,2.4804193931470406,6081.702715445512,12981.456715811055,14335.456964587258,885427.747756476,658691.4131258066,5260936355418.451,63394.64001819523,2.5976243062253443,6.758528040949269,41,138,179,158,0.855740729659644,4,38,38,Push Up,dillion,original,True
11347.587929834735,20201.050007754013,23170.027476054263,1537970.8341963033,830966.6343780408,13743364434972.402,59613.21144777215,1.2935194572513042,-0.21867486140249692,3125.3833796651784,6029.485820862289,6791.371034913844,439267.76087261835,292054.5606562408,1180741645666.9883,23017.178349682847,1.7968133668771666,1.8329404933302138,12371.732521441554,21246.42192475542,24585.975884369986,1704369.9539794014,999645.010275065,15474437380782.656,59700.362824091004,1.2245787492977618,-0.39085858814480634,9409.222895875646,16554.213799788104,19041.414601687695,1314774.475710106,835215.3746719253,9281932032854.152,56284.197975203686,1.4608749545813273,0.582943134035872,10160.599570167115,17916.82142537829,20597.336566026555,1417267.030465564,897108.3466430872,10860807004522.87,58561.22174828196,1.4161293110683173,0.3753174964494983,7828.4996749603715,14207.815065627567,16221.819136580469,1105543.3933603098,724086.6443012711,6736573852158.162,55095.744589636146,1.5838585889301888,1.222070996325547,3318.4408229824794,10029.29059913544,10564.02950665811,507867.47703011514,447930.98171017284,2856927217089.105,56306.74128336063,3.9829127084213956,15.472443449229022,2379.3062441470206,4818.7732094154035,5374.1672329037765,320242.141215242,180218.51049647355,739370840248.7458,16594.706330112425,1.985342724736839,2.4744290340809343,9599.644646549437,17600.619517185503,20048.316256702372,1344342.5644618324,847218.4009525931,10289535609056.168,56794.21782895471,1.556113868871553,0.8249218155412499,5829.182154537416,11017.088188845362,12464.172525746484,850515.7865095657,632490.7982478156,3977103276840.2803,38875.5864827318,1.5684449013414543,0.8499625114387053,10434.127240382972,17718.81138819792,20562.7646069062,1431524.726404978,829173.2972475479,10824378579943.273,57983.17833122863,1.313412630867465,0.12520868169381494,8101.056956110117,14836.656015613948,16904.24460104011,1117062.2689550505,670944.2694574927,7315289229613.917,56907.70952505731,1.7221464382139038,1.7546409538831327,45,179,224,201,0.5727202521312805,5,38,38,Push Up,dillion,original,True
11978.989605720722,21145.69662033446,24303.01786884068,1727380.1707733807,1229232.9552257182,15120298944849.648,57584.51290343251,1.2585911343256684,-0.3172163644624244,2227.9527899216773,4830.593626360304,5319.624838008088,332269.90506308374,269233.91994909564,724439255479.106,20531.68014805353,2.4449336819643723,5.226340485283933,11616.0188463048,20777.526999730697,23804.149261467974,1670040.8622942,1176090.8767734463,14505920564793.508,58046.87967933542,1.3169000775708917,-0.13580255313145617,5898.120154539593,13679.885472814283,14897.217455172677,856436.238726522,633000.2160899417,5681333450411.557,56053.702253121046,2.51097420446067,5.224217943860227,6774.955351879014,13864.036314234294,15430.862676544084,939143.4261791576,558231.0264320713,6095654987324.447,47253.04191997065,1.8401729506248015,1.7268836705636614,5662.6031138936,13049.70856164442,14225.328381774994,816121.835405728,581564.3353165709,5180415169774.928,56025.40267619863,2.2263671213733462,3.729885582255296,1885.5247073051783,5539.8757922939385,5851.95926300779,280191.34691554465,227271.38670859076,876682936727.1083,32621.669689187573,4.033915331420154,16.433138551185586,2212.5622284009464,4794.663620864569,5280.552135126468,329956.0652828831,267411.76566272764,713836309805.7908,20536.596583575545,2.4514643261895657,5.286777234282775,13206.273909569612,22928.760034370403,26460.03982023308,1904439.644013385,1353118.289899244,17923422906581.0,56298.3833427687,1.170301962068479,-0.6091611494494087,8106.133952010828,16300.436603204913,18204.769734963564,1200370.2769799766,941926.9139025512,8484189212237.959,65261.6865786347,1.9931534541157865,2.881240661925985,5050.095530514933,11727.13535179241,12768.28760745098,737714.3265226386,545447.0124595844,4173546711720.608,49272.84011437215,2.150991691993607,3.173692331658043,6852.981334970171,14271.557961312636,15831.636675358477,1020830.8349713635,810996.7674742461,6416402427406.223,62233.84874219777,1.9069542389647236,2.4272863724951685,40,22,62,47,0.6521094406704029,1,39,39,Push Up,dillion,original,True
10348.293506176278,19858.153168536723,22392.709209808338,1467393.084704475,977647.3790777341,12836695699328.904,58704.4439000001,1.4935293892016117,0.35559213293157077,2864.6870804744963,6095.376365081666,6734.9866444584495,428999.1274940762,349367.64258842746,1161217154586.4624,23351.095716915963,2.1417113351492407,3.299103791674648,10839.653510703853,20561.869532270368,23244.10821894922,1540554.241766549,1036491.8170778181,13831387312492.102,59851.37574429081,1.467663849384113,0.27166447868862154,7278.071865789291,14540.436940215606,16260.216372975488,1034058.3775577011,693043.6316650726,6768502694297.093,60681.85407688557,1.9851816402339495,3.044114550271148,7724.151110847092,15019.937738974118,16889.672586105968,1088374.4753018024,699495.9296501626,7302682625686.0,55837.470200126474,1.6856843720177497,1.398604352526939,7502.927003417336,14228.02096746252,16085.101624458646,1094709.7624845267,812954.5382201497,6623500653290.551,49058.94519565072,1.6419841316408548,1.1528790924636851,3503.840245076295,11044.897254806607,11587.348783576457,539303.5181354925,484287.6497664649,3437226286905.621,60328.421430646216,3.8836171272005595,14.460084986243565,3140.99796162776,7189.36384781645,7845.5605746969995,471057.29526484024,384639.4185427877,1575752210719.7417,34000.478647603566,2.4681494279342195,5.278559185025655,11420.047268379672,21391.105604935754,24248.646943974833,1626476.3988399347,1101939.2333829321,15052720092506.621,60811.79319892653,1.4341876348206661,0.16417435410613157,7081.568857326519,13464.74803456407,15213.41700984213,1021825.628306975,729243.9542594462,5925070262153.058,55023.57510968761,1.787293024497676,2.209921707444364,7886.984699679,14283.773494534447,16316.577854934392,1117373.852920653,735539.8479939722,6815506250141.065,43551.95198275438,1.429397267391934,0.3690188933519196,6580.554544580193,13059.560536559755,14623.81002072524,972394.6832504983,758731.3732863972,5474708979769.957,43110.056372801555,1.7246614933618585,1.318787717462917,40,62,102,77,0.6179355042570629,2,39,39,Push Up,dillion,original,True
10040.355047916317,19236.985676286306,21699.54717034121,1458337.3254156462,1074924.6679127077,12054280893385.299,56247.46798347679,1.489322081383681,0.3419510484607722,2590.067023068693,5232.488540936387,5838.440161123389,388584.64163477684,318439.02573849703,872637017984.4739,19974.332561082312,1.982763872610891,2.7504128499130083,11464.094313252357,20925.40184148542,23859.96438913492,1643407.2382207003,1145289.1945383868,14574026256660.133,61227.050643741495,1.380467693691711,0.0350222855499247,8104.755298357789,15531.833486920352,17519.272528038346,1154448.5084583184,782739.3675126893,7857277693738.984,58906.76047847859,1.7618487175417774,1.8936683885189307,7616.724119089244,15416.743204643342,17195.65228027807,1057702.2024210582,640830.5782103,7569675708012.352,54269.77309944531,1.8465027029376653,1.846482816763384,6612.910743043138,14052.32336806199,15530.562788773512,936754.1738117023,628879.3497987835,6174678541722.533,62673.94757295286,2.20932858536338,4.09820217524983,3311.554305439074,10144.83171444621,10671.644785706923,496547.08929690404,415239.4850573243,2915430462267.0273,57456.676250086624,3.9549711352087757,15.265903048909223,2444.3044235026955,4984.455826440752,5551.524475357558,367381.20914289966,302469.0807703493,788977254412.6465,18084.930223787254,1.9406478489730787,2.409461334996741,11029.29740767967,21061.291693155523,23774.42762909827,1593787.3850441293,1152895.2837997687,14469719272735.518,62227.62424549543,1.4638130605629374,0.23678370874729238,7346.126190121753,14077.578432745348,15879.036007619912,1071504.1757736627,794319.4815509366,6454880884001.015,53825.25743947722,1.7834379411018764,1.9703534838729269,8357.72881067087,15965.25624098353,18020.57262444736,1177223.0305060786,758879.6032408898,8313370565452.327,51908.36867551446,1.6404651426438144,1.0908990611788143,7388.314491894538,14540.242027934186,16309.68513681495,1084337.689586962,825797.419668173,6809749229108.287,54075.44369912531,1.9006722459683887,2.417972733007792,40,111,151,136,0.5199189500326653,3,39,39,Push Up,dillion,original,True
9883.223032357564,18406.499725039357,20892.03986295251,1409955.200225629,963896.52534456,11173819638661.037,55595.536301236694,1.4460126568812381,0.2686042474718566,2806.7131050466246,5852.121228384041,6490.37451351951,418972.34602505027,338025.8437796253,1078399009939.0366,23093.95788572915,2.078039564904926,3.041189128969158,11032.32762313547,20321.083006879744,23122.687286660574,1562750.9732224178,1033459.8777853984,13687261884331.379,61564.351493647046,1.40637386699689,0.13119117002347291,6301.607871273918,13333.701888651092,14747.80891585998,869221.2321965639,512694.46036414703,5567945416159.208,55490.117342643294,2.065104344238832,3.161111427789251,6935.6345211815515,14320.22104259514,15911.37193708292,979933.7851911776,642516.420253509,6481196977156.859,62213.39919080805,2.21106580060735,4.151087336158111,8786.3390902008,16369.588097449843,18578.567465985157,1295607.8012369731,998792.3001843618,8836177128656.953,53247.594761264394,1.4756719494070714,0.4408347136206574,3255.3426977214417,10199.69610430938,10706.589405589077,498858.1344664208,441530.8325659145,2934555051516.729,58400.31176458811,3.980529407614379,15.481926669594877,2346.1470809844964,4778.103775858846,5323.033140840721,349588.24986703694,281523.6146238286,725367854553.3088,18743.428393007467,2.0788246462701907,3.239372645378938,11796.90596672377,21182.05762035668,24245.547125602952,1672196.8758269704,1106409.0043684875,15048871818747.74,61257.525182204445,1.3466899832554455,-0.04389486433553236,7336.084589105277,14024.325283531743,15827.186634295298,1051148.7753542452,733092.1781137601,6412795820974.482,49310.08825847336,1.6465105937966815,1.189221252015078,4445.30015430611,9158.15798604363,10180.007424319916,625171.7607611062,406945.26506977325,2652993309675.741,35416.25726509155,1.9248528479482792,2.2351312550044486,4677.813816799982,11471.155908308598,12388.275100972214,660362.097722841,449347.15217915876,3928815615420.6235,53946.98189134918,2.9724287506693643,8.46788204781153,41,151,192,167,0.6085012485621132,4,39,39,Push Up,dillion,original,True
13243.435776363063,21249.502704647846,25038.569375215695,1787367.9562671292,990669.5725340208,16049406882751.725,57282.463043606665,1.0658870319504294,-0.7570293006811748,2440.973339381652,4466.594824435698,5090.0707430494285,348070.7071593084,244633.7904306959,663265796332.7428,17091.49811846016,1.9210750391379214,2.690046536645969,14626.388153701188,22349.712984908783,26710.314504522983,1974089.5636247033,1081120.3325002263,18264087063821.594,57741.631050921365,0.9492473987463219,-0.9905110573817941,8042.116399545028,16230.18479401483,18113.37998915998,1138017.805130044,772713.1407684342,8399220086571.551,57544.2328041901,1.8404277920497845,1.8666826174375766,9952.469424079396,16206.10565657447,19018.13629642217,1353479.1252356006,754652.5648717075,9259251409645.832,56196.78587724653,1.3044955164576406,0.2406754893438725,8228.014323794898,14352.80621447275,16543.979749225444,1070997.7313834836,488827.2332544486,7006803608135.209,50141.22528883742,1.51688248754766,0.8518319972872792,3551.3868118520477,9541.67817942068,10181.157633934828,493597.4302704058,328059.7371959243,2653592851635.952,54744.467093693005,3.769229395664604,14.440101182781838,2439.0115663013607,4348.307495569023,4985.63491408803,349481.83532644005,249313.12727891316,636327820712.2831,15367.110237176772,1.7945481814708557,2.076916848760634,14092.11747681155,22256.740682387852,26342.93606990906,1895920.0869484716,1031912.2589021883,17765127188052.89,58431.14427152283,1.0396952760613758,-0.8100687144948022,11460.71581474804,19277.61182729504,22427.089083300165,1573772.7971294613,926183.0683006587,12876142713607.205,64065.37827446997,1.4255084112088505,0.5763959709895823,8853.239659868288,14529.234054222447,17014.06755239446,1200532.759451206,671455.1425025362,7410649463742.516,46964.64624104462,1.305070548149358,0.11443727260853986,8297.32580592285,14040.90223601727,16309.278068971296,1170294.4531533527,768405.6954242239,6809409308954.317,44209.569558268086,1.3969711228817054,0.35802604866930965,50,205,255,230,0.5990410764090656,5,39,39,Push Up,dillion,original,True
17420.88784158228,23920.78771984939,29592.083710463627,2251111.341672581,1008602.9129697294,22417700309173.418,60019.34700694464,0.6745088039564222,-1.486200500031454,2566.1316926078994,4273.986901228159,4985.1776192706075,358808.67782804446,237265.5864788713,636211094929.3201,16224.381400187003,1.7130539488472063,1.9861469615456029,18533.03180956376,25279.88450805959,31345.587070513346,2393601.3542231447,1060798.2723576424,25153173217155.414,56661.227833983,0.6347899529329045,-1.5890704762260341,11717.283488943005,18988.121436690733,22312.40659486938,1519395.3913625055,649382.147562379,12744793294202.123,65759.12156989331,1.299040591181518,0.20394640856749202,10500.317916177777,15666.414982865133,18859.831249407962,1351439.0928708322,577619.904100911,9105746809757.316,58631.5301426148,1.2071353863400798,0.35688796324466043,10897.89580189509,16673.46078345625,19919.046849847415,1369068.164487811,523295.30292470753,10157271741604.254,51305.72665770403,1.0950943124907933,-0.4908328428526034,1290.212339920126,1936.3572800320696,2326.827754264454,164140.52541469858,67585.89859804558,138601661389.19327,8004.787734728707,1.1924585791858135,0.2847316045953514,2374.2240382759182,4039.2904088312603,4685.382245964935,331597.1054860802,219473.38416261697,561991853844.5674,15404.43716506889,1.7933986242934845,2.238367770764773,18055.732219293735,24807.78956692388,30682.827268223165,2328271.646644037,1030249.8377518164,24100758762793.453,59615.57547928719,0.674167533820549,-1.4965673023828265,10418.51714587567,18118.999701946723,20900.80500167519,1439354.7481413668,884654.7245941311,11183197432782.096,62298.45176981943,1.5308176467407766,0.8554722927700604,8183.017374762121,13220.778195524868,15548.335906164511,1090729.8601421292,577279.5780103233,6188819185943.67,51382.35439646954,1.2568143968471523,0.18400534574208427,10245.978781137313,15654.30818377712,18709.287690775065,1339388.1549769838,642925.1871275175,8960958614942.396,52390.00435737306,1.2404885334425808,0.16909231513594003,56,20,76,53,0.5664843791663585,1,40,40,Push Up,dillion,original,True
16052.09339717538,22530.731070494738,27664.120174019605,2102529.1880705943,1027951.4131867436,19591770752066.516,57763.84886701733,0.7602453968037947,-1.3480904991490914,2346.716281131697,4013.7588075956223,4649.444813058869,326339.6897026188,214339.4773280058,553403828983.8083,17098.068421250337,1.9762195187545801,3.4067441433437997,18198.030662285706,24676.99879056892,30661.418579303056,2345125.1370150447,1042780.534250576,24067138285957.906,58742.966172372166,0.6467280857002354,-1.535351835487534,9143.173081909259,15837.940904866724,18287.64572359714,1269169.3376700229,796740.2908432159,8561612444462.096,57704.72485100342,1.6803106351042545,1.5369015422807255,10672.263124338391,16509.013323384108,19658.19730053565,1404902.1992357566,703500.8240361903,9892984860333.748,53288.48071235246,1.281261603890736,0.2104622931697997,12436.117103199049,18940.44888457464,22658.279117215952,1502336.598618421,450979.8556441359,13142978881373.814,56513.66997946129,1.134488423386833,-0.3561200864165106,3290.7455549041742,7729.6695625523525,8400.99981272288,426963.88547658385,236672.86503136545,1806766025046.268,43216.180162394594,3.6443689853039465,13.678234545280223,2232.5600533467523,3810.2169470599247,4416.115665996794,313051.53488086275,211871.8625755011,499253185931.8351,15403.935433531418,1.8796352955804796,2.7810411928167644,16956.068194182757,23830.412403710237,29247.16745151029,2238099.163752639,1125960.5860244837,21898158180779.086,59351.72223411547,0.7604775894567294,-1.356450114057432,9571.185805284385,15335.841093226589,18077.48931007773,1296677.0153597612,753925.125691437,8365967865752.949,55561.52628410017,1.3940889560769436,0.6240890250390034,12043.430606920792,18829.930049217022,22351.96829011089,1626377.6382745013,897496.2690716627,12790028452918.344,62005.23002425335,1.2728781143620742,0.11297556721532853,7744.845742548625,13325.813885728712,15412.979961479019,1094324.4197676044,735158.1177448033,6081534753099.615,52738.31729909239,1.5880309537282513,1.3468423413606194,57,76,133,100,0.6312007786373688,2,40,40,Push Up,dillion,original,True
19528.19967325573,23679.875405862334,30693.43711146911,2322856.0689581423,621722.6812989602,24117429291922.156,53864.72903424922,0.39984835241429917,-1.8165577081225777,2126.8336274482244,3307.8741859072898,3932.6140045313864,284488.9737634549,164174.395299161,395915594461.09143,13367.65580243199,1.7228647232011758,2.234267586161528,19825.487682297833,24404.752360096965,31442.676406416194,2381213.996866017,720017.1978479596,25309232629724.19,58132.018234430725,0.4694225532049228,-1.7033749940502998,10318.216200462468,16581.78305425029,19530.005499684536,1425240.1564186022,884703.9671103206,9764380539333.328,53634.89896023005,1.3068035863643725,0.11912553108502966,8495.422763577808,13507.600654332617,15957.051211575492,960773.0376522737,278123.9347687641,6518463574242.379,54831.7210772305,1.611869201792233,1.7135327594436172,12964.007123552246,17396.80732504673,21695.95321262269,1524603.5009223756,457953.0996798929,12050288276590.41,52991.78867568834,0.9210709462626728,-0.6128514538858352,2121.0859311919594,3061.6768781930236,3724.630294936967,267047.0235316762,109033.26861550707,355145493349.4333,13056.3120758353,1.3960205332672655,1.3610570014697112,2067.025226414701,3105.529057355413,3730.536692315671,269820.46016728977,141683.70496890054,356272742725.46686,12352.065053003094,1.6025437628503716,1.8953180276164572,20956.163201966563,25425.78450522142,32948.919464125305,2489287.5727634863,658362.6287896471,27792161122647.438,56425.450626206024,0.40220259897328187,-1.8141037561494706,12071.32465648278,17851.149416836244,21549.487568488075,1388113.7625393353,329212.5486946197,11888138610289.205,60547.062916229515,1.1659104762677328,-0.054788647410125346,8909.03060134151,13330.695835330866,16033.660770695727,1113009.0283759427,431078.0994781424,6581203909369.527,46681.33011080829,1.2815910849594352,0.32689756793832325,11323.920469944325,17023.295732110422,20445.62966485779,1502806.0350808615,826241.8570302714,10701408573248.332,53238.59449417155,1.154730436938469,-0.16364133038448303,65,133,198,166,0.6236646322483761,3,40,40,Push Up,dillion,original,True
19751.6726754421,23962.786146039045,31053.883708138772,2345183.3390177255,614943.4132979028,24687198549980.336,53787.60081394227,0.40286678852634566,-1.8101286553195246,2040.3070562956066,2777.2832165678947,3446.1797615619757,258233.44047963395,114694.94145933176,304029566694.38354,9601.996009065375,1.049112339474735,-0.11844085537817195,20794.4130422332,25189.77253059928,32663.928941790393,2489095.435142451,709765.5205277043,27313465700206.902,54884.62091698971,0.3936600872695383,-1.8298690746229633,13441.868364553684,19467.304377533288,23657.12926070101,1687913.8795608622,683315.2559727662,14327289980352.41,63422.92184079835,1.0808016413224861,-0.33038235019514417,14916.5917121047,19770.286199443333,24766.2860500627,1723741.230890274,365176.8935048046,15702244472666.371,59693.65978277471,0.7984041394051516,-1.0078914705825306,11778.122772730616,17875.25509299609,21406.74941903133,1248747.5244160027,250337.80199341796,11731172369643.47,63194.85403628724,1.3027047004606402,0.3319938552348862,1758.2354001290726,2284.0712042360424,2882.4248452105953,216243.62377945788,77787.40266303856,212694348500.1555,8031.522800403319,0.8376597508755496,-0.6107053729568643,1954.6042260320014,2749.573412117033,3373.5191757337116,247902.16099656592,114366.27545208047,291344169703.5023,9972.934964556556,1.2119085888299126,0.3588492133684311,21326.449054702633,25798.959320641516,33472.432408042034,2550919.3937945045,718253.3419283823,28682335521560.125,54834.833559614264,0.3856601127695211,-1.8460629227088932,11375.029445740878,17926.926331278766,21231.250141679553,1521522.9460283834,831414.1728955242,11539609154011.344,57070.68354453545,1.2431602746848631,-0.06794171323561082,13350.054606487636,17980.83873763314,22394.966392137547,1626004.7634616136,523120.1367029892,12839283704447.24,58072.33313724822,0.8945289958121017,-0.7186087730012156,10183.50799602897,16987.803349238075,19806.29439692267,1375493.34692738,787870.7201805372,10042606022081.799,60070.67804999811,1.5163774641427852,0.9070795883508227,65,198,263,230,0.3987304056460344,4,40,40,Push Up,dillion,original,True
20026.545555292938,23982.499435099005,31244.56442379614,2371461.81088013,624440.9329225987,24991303834438.33,52633.49452857098,0.375820705749681,-1.8329391828896926,2435.4830595302765,3474.2938937592917,4242.911240348077,294539.3246858346,100954.53165936912,460858772312.88446,13928.072039390183,1.3086977041003396,0.8303253805567645,20808.412584103906,25048.761195775947,32564.25143793888,2476107.56037319,693270.264532276,27147020075860.594,56039.01391317376,0.40105241011559845,-1.7929558243382278,11816.00691636233,17206.91364384203,20873.329791726075,1548239.862346128,744234.9507453452,11153814952810.477,56468.33215802722,1.1310349136077262,-0.09270387008591419,10991.662559610453,14301.037908883554,18037.082111463227,1259656.1843610927,221762.0820795237,8328610076049.066,45904.07776024427,0.7903356682143421,-0.9117522003162879,7318.624078401798,13059.017007897377,14969.976072576585,761956.722890191,109665.88640226403,5736964700505.996,59294.87382374244,1.9216590804805846,2.9889808183158317,2203.8047616712915,3158.475996575075,3851.3278292695322,269045.314828418,96615.50195935757,379717786841.7528,13347.663050417352,1.335955325608907,1.1152603231839224,2345.802056096988,3392.919543872356,4124.886703605307,290165.8707609107,112386.9421790754,435576072130.0443,14065.926876542964,1.404592992190192,1.2600429298520117,21485.155926824915,25699.497378626944,33497.40423844858,2568427.72215499,729167.0798446983,28725147922279.24,56638.79946957674,0.3685827403098202,-1.8484835320744963,13084.235776239502,17328.113087989517,21713.146456430015,1589153.9289569214,541030.2123108591,12069394663382.508,49645.15976805527,0.7461961765444276,-1.1847900449517015,11180.731739362847,15115.555072553927,18801.296960023967,1376604.3468046589,490474.8048710011,9049312444902.564,53192.93114334103,0.9511896714649106,-0.4281459798370988,14614.515074023333,20963.73898658837,25555.085661109813,1922646.8750274577,937146.3576441206,16718397520554.504,59365.282494234416,0.9212309238973908,-0.9154360298836424,66,272,338,305,0.5019308074877262,5,40,40,Push Up,dillion,original,True
2301.797548042038,2916.7865727567178,3715.631287303171,281785.0656708653,108636.21575951712,353431446097.56726,10294.53658307527,0.9740117109455296,-0.08170738561187729,2801.5835453772293,4001.4962544940317,4884.756149129474,351439.6385321633,167308.74948347235,610837571493.3301,15648.478622254448,1.596458276655497,1.970028223681453,5856.820550062812,13420.28005946348,14642.61806611342,612753.2022125394,430343.2930502103,5488800354049.82,65818.2949756987,2.83180839229551,7.627768078743127,16840.720487011837,22314.332361189434,27956.02431046457,1959877.8570656409,543448.0781729649,20007405958330.523,63170.71913649619,0.8211535897339076,-1.0419047342317262,17513.798511709098,21988.776732208444,28111.197777534402,2101396.332035738,671778.8750610121,20230129676483.977,60559.326646335176,0.7565717295071954,-1.0499090872332442,8400.171181027717,14143.05536130199,16449.58634201546,1048413.9023797616,519569.6783582105,6927075605079.592,52123.97543033594,1.5708375628652405,1.0789214313225983,21783.764771155347,23914.050872848497,32348.32664534929,2384274.3450420657,257847.13112102452,26788204460907.902,53473.367279991944,0.20798941166242738,-1.9167034523879953,2945.8046444536476,4239.621434629866,5162.572509152552,368500.60455721477,172717.62143738888,682295165753.7966,16093.78781753088,1.5504988339979566,1.685765754337507,6811.469074682134,13714.987578873992,15313.294722038721,813637.1792897218,411306.8635647469,6003123078246.885,62576.45524266131,2.5101924434221914,5.713982340480605,10647.828283333194,17330.213431091765,20339.92489461413,1036628.6944471005,522364.24261738296,10591041144794.719,60966.13505110967,1.526783447360948,0.9188946463969736,15050.255717101221,20534.05898064959,25458.94293506575,1810596.0040034207,647169.8944528345,16592839049495.914,62125.2749230921,0.9720486446784631,-0.6557999903060598,15170.685760647622,20479.135864315853,25486.167075443584,1790527.6612780767,602748.5840644474,16628344632254.062,63999.32952613234,0.8225330382697912,-0.9471821126003332,73,117,190,159,0.6221061697282094,1,41,41,Squat ,dillion,original,True
2077.0386177883656,3106.7124338832805,3737.0779449496604,283085.1271166649,168337.1632530398,357523240105.707,10438.556517505638,1.2698794666065498,0.3456998259376802,2290.034766805662,3423.5696517896786,4118.869795688371,299369.84965220705,151299.471631042,434306262882.1494,12794.644303598292,1.356244998195042,0.8889300155171327,1783.6822309146974,3782.7436112971795,4182.1850185866315,225339.08883106377,89739.4870765602,447761191160.0758,19177.418095514662,2.6855892463525786,6.944431092515011,8277.372037449837,15109.172780965098,17227.94212816531,1056910.4046466285,483186.8132287874,7598130943268.174,56282.20870949056,1.8317873183745412,2.053085933685206,7374.624770363225,12073.526978198724,14147.619736088021,990508.1347377375,588587.9458545857,5123971691441.852,40301.89510418023,1.4846656747559424,0.778968639236691,7232.765380335282,13267.677627137704,15111.061003934403,1023249.4883843029,731858.8932315409,5845610615414.451,49276.91912115938,1.6773807587587977,1.354651502839757,17339.127052399464,22520.551912469415,28422.184739767647,2146162.7286413414,735763.854498537,20680206985765.906,51731.92378210587,0.5523463165097485,-1.6494668172107143,2456.3847512921075,3612.9527338704684,4368.896142455492,325294.7675324414,173098.8133057869,488633689691.19934,13280.031232808507,1.2959103409422374,0.7224552247603824,1903.8290721320868,4084.56667709147,4506.467582874792,231284.55889384932,74546.92063034387,519891201932.8352,18773.444281005533,2.255068188161023,4.118812218138122,12861.234638158756,18991.563787470735,22936.670453911665,1540280.7841433317,396703.04414158117,13467925798690.414,61746.26968432434,0.9946500696346781,-0.6558633139990881,9903.228632873177,16835.701283345126,19532.403207413772,1282073.824359548,574937.9276879871,9766778241458.89,58026.98267956305,1.4722555208601522,0.7005387282680426,13211.554995952238,19021.450100734724,23159.46349434312,1684677.2755792509,744838.8545755602,13730835183252.775,58754.64010261709,1.0183477603215616,-0.5652078290231657,60,190,250,221,0.4616476450680367,2,41,41,Squat ,dillion,original,True
2127.3785250158485,3246.1331318559655,3881.1235098140883,289906.2494535549,172003.83925758558,385615864279.8496,12621.861662460784,1.443924847261527,1.3066606823743951,2085.777216182142,3102.0945958816014,3738.108810259857,277374.8114553653,149631.73528305188,357720511419.9645,10685.905483478813,1.2613332051958424,0.41091531227276423,1171.504433039506,2478.5193949010145,2741.4377664889103,161515.2108177012,102589.95264382366,192396314304.81165,14320.705477324145,3.3842054599337468,12.494133124548382,8330.561177762147,14694.98446881968,16892.034160375402,1085433.447569497,611584.8196783109,7304724942727.41,52269.601369381846,1.5982955068680056,1.1309471678722467,9533.842249398245,16187.116902904487,18786.082658838353,1218145.8786067069,644471.8353962939,9034672682616.5,60293.416326393984,1.4322983707083723,0.5833630766946194,9612.638514537515,16671.847060649772,19244.565560824347,1287158.0294261258,765629.5772596197,9481044572796.58,63547.03341214515,1.5033742315023881,0.9220890184481241,16857.863224437155,22196.88075020966,27872.729818459815,2101008.4601396737,751900.6934091349,19888360128841.188,53009.51955484451,0.5825076244622146,-1.6101548980531295,2209.1859787886806,3271.9914784842904,3947.965415774347,296336.56988341187,166327.40508476223,399012631658.2479,11410.900439434894,1.2625255699332047,0.4750700280963245,1284.7227689086608,3012.434432907141,3274.9463820827514,179985.7147265842,124250.38581844073,274567009421.2327,15234.237218941607,2.7767343541552103,6.950491874538551,10959.60647312881,17276.271353220116,20459.289477299568,1394447.6511437339,643540.0275010747,10715712663448.086,59123.85325347362,1.2030938068008628,-0.13807834671788743,8918.038308435749,14345.69239793296,16891.72275544561,1209893.3892765737,676252.0652672215,7304455619759.08,49693.855233241746,1.307258745965996,0.2665135091848505,10596.44966587268,17405.466264151913,20377.31585351475,1354019.3970298583,710967.9376793805,10630016035683.932,61785.553221404225,1.454710753373915,0.7597676662617214,59,250,309,279,0.4294235126784756,3,41,41,Squat ,dillion,original,True
1748.1470955107222,2577.5388093068696,3114.438084314031,229266.301741596,114362.67552627927,248312949274.2567,9698.410487940431,1.2698212019594066,0.6011128499099918,2718.1521716146517,4217.460799581064,5017.502050229416,368063.97392101254,216732.6751174129,644488366695.8438,14240.042612486714,1.4266895671208522,0.8383094119792855,5764.672140049615,13559.446171521531,14733.975205648141,866110.0378845779,730428.5016931945,5557504649232.746,66138.80148251377,2.667239083151183,6.539612851191114,10204.080203208538,17301.539500969506,20086.47609455478,1371997.2867142882,887169.7365591013,10328742960566.287,58691.70955896194,1.6249355141253627,1.3096888177155286,10524.515583950628,17459.631603947404,20386.372017168203,1476194.764187164,985618.3673398622,10639466598972.895,58301.82297713247,1.3960826964067676,0.474199715190883,11876.410514569423,20749.12352606398,23907.640071961032,1694552.7912967883,1181932.9085779462,14632326497547.19,63100.846822971595,1.3655043893981273,0.03432126369777011,17867.06370083277,23153.319484240372,29245.652128631373,2221824.291325935,793273.4536919902,21895889111780.367,54083.76776811731,0.5393804843216774,-1.6782780698675968,2681.2129478601883,4326.042766608882,5089.552916544059,366568.22846054245,227592.3514787395,663130851591.7346,15028.922966047903,1.5310297473061156,1.1576084799830282,3270.0488566937606,7239.111929889539,7943.422502840524,464724.15675965755,321091.0552121941,1615307803101.0103,40323.82614347942,2.482815885570433,5.982852129210723,11323.937165886859,18604.656299644532,21779.917101882107,1400275.3661362152,574055.0374637111,12143738597500.332,58682.87076401513,1.3674054435920595,0.36117923110656536,8845.281612620636,13635.63411082939,16253.292725198138,1137199.6469989405,484283.9952756568,6762739824921.057,49147.39249752255,1.1465845012574534,-0.17342180201256419,9051.674635395739,17413.78573762147,19625.818388562944,1237352.402879522,876550.2411895654,9860422333973.898,55468.11149006932,1.8126865173246467,1.5665551565209492,60,309,369,339,0.527056105156236,4,41,41,Squat ,dillion,original,True
1866.792677885005,2495.1856668695573,3116.2263098748695,227800.61586302982,79939.18099405669,248598180207.5225,9909.423806184033,1.195026738527358,0.6739543791199463,3090.2164804106933,4139.721246473296,5165.92004335184,382683.700810588,164417.50068362872,683180285294.1893,14806.295346257657,1.1361581783928565,0.22521390165126842,8919.89541671419,15891.336113140638,18223.58630198586,1265789.1853571392,891382.5640235351,8501736901271.723,61594.55044179095,1.808475300263785,2.242449378888388,8533.230763389312,15081.52461443658,17328.2547291154,867406.5834873868,519606.0302990209,7686871346102.022,55910.83230033206,1.76616383689489,1.8569600356744989,14003.721748548574,19853.064910466222,24295.028486296484,1477438.5853559922,551371.3068001594,15110359274238.916,56704.06893893554,1.0014970757471928,-0.6718584795117524,13698.966750887252,20970.31901920216,25048.272790933635,1882020.4678782378,1166858.433484558,16061848827111.074,57296.0713753128,1.092433527748184,-0.6294792474999018,21718.564954802772,24123.36973321022,32459.71396949071,2419962.332077367,361982.1173528319,26973005593117.438,55212.9982159848,0.22905479841765916,-1.910265748672751,3199.2381969246003,4275.678419440728,5340.0890429966175,396901.02954897546,172522.4415532286,730023705270.5928,15401.207531611375,1.1933182269625324,0.4496919759253113,5066.512049316132,9914.973981187655,11134.46242049852,531842.230966582,90245.28093524637,3173792086873.4395,58139.873018196806,2.6454014476622385,7.820305547352339,11758.395340568002,16580.149885829305,20326.367880702564,1402959.4350537616,539119.3430045389,10576927519274.414,53581.72344344069,1.1398147779072199,-0.1024315907797737,11548.645129482793,15731.83889760443,19515.684959204133,1204683.3562543865,374761.9594827382,9750066161328.8,51344.5871333624,0.9691671554267717,-0.5188829658688094,12238.280846092723,20098.81094111362,23531.63231300516,1363149.5065118386,984366.1105287217,14175685614450.398,56001.47659742185,1.3631010413760372,0.09640210235689617,72,369,441,399,0.5075075460376686,5,41,41,Squat ,dillion,original,True
2117.710487770648,2889.37070873095,3582.3401293688166,263594.4806149555,105706.43761790362,328528916543.64636,11924.362460616161,1.3022455680641545,1.2662033901946312,3023.9015687305086,4428.728165410133,5362.612596530524,398673.26602255274,216924.00736418023,736194914827.9768,16245.28312212492,1.4824236830593664,1.3097988002453498,3051.795426018742,7436.400584565571,8038.252855962922,358779.68897200236,104088.10499472558,1654105829795.7397,54291.27889217219,3.7034755422800045,16.838079402115394,12358.119389849926,19210.53782289893,22842.23890731412,1420919.855559614,291949.3987401714,13357257684449.664,63719.85415060311,1.241489893291222,0.023142317050228733,10930.444075362328,17545.678992868932,20671.85185234805,1232782.6743489408,559349.6700165932,10939531750538.89,60684.59421689086,1.50618058351594,0.942560780882193,11328.139233722079,18018.86407829986,21283.942331505186,1529634.4547599654,934184.5941532257,11596958749973.46,60814.29888974629,1.3164717746357675,0.18528393076117755,19779.86423164441,23452.919211229768,30680.32673474577,2301115.663920735,497435.80897999986,24096830682899.355,53203.64594170258,0.3662904659118502,-1.8204425316620443,3186.882200901529,4606.858820344352,5601.728871786596,418993.2498016147,224892.2834097649,803311778636.9927,17273.037007201485,1.4705341694087026,1.3839792092099836,9144.739454172439,15184.311189352964,17725.393253177986,1238868.5606186925,720232.4675410569,8043252889083.076,60663.86195056404,1.4669578591189256,0.9059266709167781,13601.447616716056,21730.40546136132,25636.10537475286,1799445.6495308126,1088917.2601132444,16824573408907.076,68180.04786014376,1.1685944998083317,-0.37714675352139304,10902.965100625952,17741.75380739143,20824.13206228667,1180634.8770335538,162557.84347464275,11101298589377.428,60519.33270301618,1.5144192230068696,0.9292968727144659,12618.765602174239,19074.94473430018,22871.09009075042,1437610.8748450738,462728.9330472245,13391021105644.082,62206.00742798366,1.2528926989794458,0.06691484372318568,67,64,131,100,0.5629914227475157,1,42,42,Squat ,dillion,original,True
2071.911793155392,3041.447338007409,3680.1114641391973,268804.3926069752,132061.50480981992,346706441945.3119,11748.876124309261,1.3675608900891523,1.018195668087686,2418.743085787053,3644.119474458887,4373.77695580984,314475.97222569253,159903.8851538666,489726076394.8337,14326.137771836706,1.5070042188652368,1.4912867174145177,2771.8634204175387,8586.639960099454,9022.94921995162,410772.27454241115,338972.83547559904,2084188483221.134,53817.13063103321,4.0668926973664625,16.648018227761263,12457.532544367084,18433.11509654316,22247.917863395043,1588921.07126176,769855.7640715828,12671228140963.13,58660.665933107404,1.1826262401078707,-0.033193856350565376,13060.550473685531,18908.930782194806,22980.984356670222,1571176.763485333,507546.20413597726,13520016435238.953,58648.29935064301,1.0600712363177276,-0.4647042327259583,12551.312580850841,19464.507935008394,23160.36520986293,1575830.2937508815,740293.5377704715,13731904426348.273,64870.35237569861,1.2617061086673242,0.05799972823552624,18262.181311138906,22756.84965784216,29178.441915060197,2203679.541043346,643331.3646061927,21795365698317.87,51942.96401236667,0.459913623278312,-1.7570589641459788,2632.477848394626,3872.1571128949295,4682.258037446377,344764.25149493996,178639.16565151064,561242632428.3187,14691.17540314792,1.4080843794131275,1.1121179913034114,3364.6389093470616,6611.602574712442,7418.496046789832,443031.31410636025,245464.2232871745,1408872540063.6506,34366.72497573947,2.0712955641687096,3.8463316668029375,12037.190832130811,17809.885480117107,21496.18533470579,1442551.5075293295,451886.53642248537,11829401188966.918,61012.00752600491,1.0081809741871175,-0.6421775289246163,12749.021971412367,18506.805124967465,22473.081612477563,1587950.273841291,571596.5268413074,12929008567323.58,57660.16101561877,1.1217725775216973,-0.22964177409105302,9751.804551212825,17258.296436000375,19822.877890909745,1322790.9983128714,867422.6886771509,10059430089674.713,61609.269068537666,1.6623699184079699,1.3359091160080512,63,131,194,163,0.5362099239586463,2,42,42,Squat ,dillion,original,True
2262.568756362768,3274.576904585438,3980.209954426188,296409.7544521491,148585.7286932324,405557024801.6209,12731.004312700301,1.2752777552200798,0.7658608953755817,2355.0298373209307,3404.113256100051,4139.342048566165,305650.36411634815,149301.28144301064,438634306432.7152,13302.863490878053,1.25860303564624,0.6851226045308225,3485.9863292882715,7312.310384781838,8100.739710135923,468708.7368051772,260307.40548290237,1679922786595.1497,37223.185250884075,2.433849300559205,5.706356762592531,9352.582196899724,16047.409710435486,18573.91052429038,1177163.2416711187,534271.0390157148,8831747895407.227,62526.486745656635,1.465125120772565,0.7523154233970133,7370.728946260101,13634.939187217742,15499.651990879103,1038321.6178298489,721321.1752671507,6150123823062.082,61065.005172197045,2.1354144601744163,4.042673290327685,9966.247079872972,17146.75485683843,19832.732614987497,1337536.8369964443,804989.1307686069,10069434444226.271,60861.98993586477,1.6364336187212807,1.4395394333983509,17689.634326554427,22670.873926036704,28755.7244244944,2164949.6003505876,692772.1453384169,21168427191743.066,51721.355510764915,0.5237632531466598,-1.6833187596955748,2414.774090435665,3536.0692418492004,4281.929423868564,320807.66318434966,174141.69254764955,469373941529.3791,14009.15838201145,1.3473177610238272,1.0210349780426276,3304.578971162054,6546.083043550589,7332.901566890626,346445.78042704606,54233.55827618176,1376549001976.4988,31241.051131728564,2.400558787305588,5.55537640100637,11077.769449557498,16025.438317681554,19481.572042609023,1396267.2865307666,601718.441847674,9716010220834.959,54510.48209460088,0.9243562391581405,-0.7486354363667109,8905.587787957964,14295.392749045288,16842.438888073266,1153288.7663964499,526836.4996988392,7261894341081.153,58098.72735928867,1.4229652627738028,0.8951378299313921,10821.069195917245,17409.322368885743,20498.29368231938,1298772.8501276213,509618.5426403531,10756609123497.332,61406.974121847335,1.2441221777990212,0.031940092514141316,61,194,255,226,0.42168943657147884,3,42,42,Squat ,dillion,original,True
1904.586710878985,2893.3009306134377,3463.9054280314026,252589.32555667576,134461.5801296615,307165204847.2426,11396.948770930418,1.4444414887029327,1.2660556611653284,2616.636671658355,3849.3459182693646,4654.48724028376,350878.8312245185,197061.5522183393,554604837631.0869,15340.889739714004,1.3942233901063967,1.3215249657996644,3110.1141836035545,5817.359189108302,6596.55047507065,436380.9023715928,286684.5270480279,1113970641155.9634,24049.792656244586,1.6984991384915087,1.554106790952055,12137.947574620383,18941.654706407957,22497.023232886157,1548040.859209701,748891.4591713243,12956570991130.098,61057.57727053529,1.2757958059985604,0.10699616542361223,11402.648515424662,18409.921835463003,21655.152161879945,1523411.1387926978,905654.1387276703,12005007747946.848,59297.76166214455,1.2886105485595403,0.1003956101944552,12012.229280314092,18226.349479155095,21828.73032540217,1594633.5311973451,902976.3163297568,12198232771049.79,54685.104849839256,1.0525872037270751,-0.6328718689668906,17595.450521869607,22821.728889424907,28817.202996994223,2176949.894832966,749000.8800026545,21259038427391.31,51863.72053756567,0.5438591256343679,-1.6699842420851192,2651.223480890635,3999.459904658417,4798.402387732418,357839.3477991399,207245.98857025924,589431436149.6621,16498.508608802716,1.520701182698912,1.7986895797590412,1693.842280780871,3333.3741681224014,3739.048678055243,202541.64657400735,53997.75904881249,357900416431.7864,13302.780015214874,2.039950898145323,2.8546888036811966,9553.242547324178,16503.917620592587,19069.445193694322,1137286.4305993486,279100.3030944305,9309279743879.973,64174.72566851895,1.675169792426919,1.6006517673145995,11777.103165527416,17278.819983204135,20910.709671922912,1575635.8058266942,845248.7076463373,11193799141976.334,64318.74688203221,1.0588148587534003,-0.3516642584056151,9706.73307745971,16695.838761570503,19312.475216538416,1234327.4732237794,676689.2663091553,9548075494128.91,61754.11957262654,1.549029441926809,1.0376718195927346,60,255,315,284,0.4319208741953135,4,42,42,Squat ,dillion,original,True
1778.0562143777345,2562.212042398616,3118.720002132248,226632.15578380227,100370.31468757983,248996209963.51407,9357.985972361248,1.2434037900912096,0.40216724235296786,2918.628808893785,4044.944304299436,4987.982412658369,378689.8893005228,189076.97080037126,636927194854.1234,13866.031967448864,1.1442082864691707,0.05288148338556331,6815.558002996315,14681.337233458617,16186.213079492849,1000502.153956151,790908.9384584996,6707033442681.482,66895.3865053965,2.4062747917668834,4.922115802897471,10534.350272911055,17760.096147664262,20649.299040080277,1385625.5171733727,865152.7250289136,10915674901674.502,60021.687545529654,1.5086420338486948,0.7947865841948825,12458.279015235457,17973.43926113057,21869.001689492048,1489505.9798392137,740906.8001933733,12243282813312.152,57941.337571440694,1.0952199671673173,-0.26133141783889613,15357.908373675726,22600.27040512368,27324.669659465755,2086673.3672024582,1220643.5823545184,19113921843172.562,57455.15027935866,0.9278305834393391,-1.054774173469404,20433.16449391961,23844.78187101268,31402.03550268282,2367172.4516120707,512471.5347054232,25243848543020.844,52591.193022841435,0.3225005118816751,-1.8721242135585963,3008.453429215556,4166.959741691909,5139.488838847686,391096.72778661776,198096.32842271318,676207245430.7822,13771.931580236778,1.113018367314925,-0.09534214010549347,3044.4317611761157,7595.776417848073,8183.176897659906,434707.2815825223,345704.7775880465,1714288233942.9072,44994.561529810024,3.198745064389851,10.36412484458186,12083.488494362731,18480.618739521604,22080.397713559272,1381098.0520623229,530869.7841630225,12481125457637.215,60174.42312288017,1.365281891887563,0.48420280009238503,10972.392968806156,16530.166537856534,19840.358193116845,1282939.3522612946,263888.5277673268,10077179218718.174,66888.6027055312,1.1452919329492268,-0.06722075221334567,9149.363750256856,16921.9350043018,19237.014875607096,1182320.9504288668,870037.7316542385,9473606177902.812,55129.34172682316,1.8717248084230578,1.9354263001434733,68,315,383,347,0.49123539126729326,5,42,42,Squat ,dillion,original,True
2466.337023996356,3229.6036342175767,4063.6385112466123,304999.4885695589,124501.73036766968,422736843522.21655,13201.631361975196,1.3026909441481436,1.3044634167646532,2735.407848308969,3506.974148334032,4447.620012284493,335830.0997516987,135241.83724068143,506401888606.04175,11136.662965827063,0.9717157279065686,-0.3495115894006391,2265.772068003125,4478.953292907801,5019.436787548259,307390.1524047936,204523.06854947272,644985489003.3353,23135.492270721094,2.3746502661902182,5.202112302812488,17166.18359650473,22839.993791107776,28571.719858047567,1855719.1068630547,162406.85395468923,20898385296556.79,68940.25926008107,0.8011726643958718,-1.0361936246983072,12833.395452442048,17965.877638410366,22078.695571910353,1444288.268177881,360694.1116000751,12479201232821.602,65039.76089651019,1.0283934059567261,-0.30067850592889833,11999.31403148983,19325.63084978001,22747.825060173935,1444245.7544259517,568451.0043076824,13247066751187.902,69537.54305176616,1.2502853451042635,0.08988093905655647,21114.683416984575,23203.5658783294,31372.525006276686,2299286.858006497,212787.01347542924,25196424326898.07,52546.564019187805,0.21391507067259158,-1.9068155970187048,2889.520178332174,3768.9108535177334,4749.106851056582,357601.96001332323,151269.92036964846,577382806598.4656,12814.20729996369,1.084171375278278,0.03441965103556566,3061.8584020378607,6508.554834482066,7192.792427672977,409650.37522860186,250537.73546261017,1324448330434.2969,34797.19717495299,2.279347554468442,4.92071327631098,11193.373968218986,17268.49614301484,20578.935342571072,1296806.9950273263,498968.8531145712,10841410043743.254,57771.27029482317,1.1543430180467105,-0.26569828853507094,12918.71401255731,18410.611386823126,22490.971152328348,1636039.307066941,719019.3875803418,12949600854396.566,61885.86425731559,1.0918866104211655,-0.2853013489315708,15615.354271306493,21447.930505334247,26530.22826852527,1633803.947520028,370992.56622657296,18018637106689.47,66476.06150325257,0.954964633653157,-0.7168796198310408,73,46,119,84,0.45407637692428765,1,43,43,Squat ,dillion,original,True
2229.3424539973194,3173.0011519747154,3877.873655449293,294928.3638255215,159381.40334747444,384970344643.2681,11402.686756064042,1.2836819450428545,0.6302748010498367,2527.588532177473,3334.436146235993,4184.15680888279,324561.76790049876,151121.0709039045,448183505953.79736,10752.391973314308,0.8693236632467091,-0.680851294837272,3308.8235675166334,7873.260334122717,8540.289321201224,477047.0700520115,375286.76370707416,1867175467259.4856,40446.99926233653,3.175715990930569,9.804590034089438,11406.606689669223,18445.28172691133,21687.302602166445,1417782.451963025,754512.3490261448,12040680810443.15,60396.8228653072,1.2579640444168285,-0.03786115504600929,9729.41320942574,14290.03922979389,17287.761641947647,1244745.1777503064,611861.4027149875,7650987586273.1875,47273.7015110307,1.1686580227468226,-0.06129623823258301,11491.578881047277,18167.105007335187,21496.513427225236,1459608.5822419303,685787.4758134139,11829762291887.998,57768.642017674516,1.307676693085523,0.15268071109937065,18732.229617169614,22799.863820105056,29508.138142649765,2210941.2498424337,544503.536195919,22290693546129.973,53155.06672893725,0.42162993168140317,-1.771720843312839,2606.817638752957,3532.697221521468,4390.381288756028,339242.79659348755,170448.73827366665,493451465232.87146,11047.549560892585,0.9536865863851596,-0.5596093849185388,3158.8349148428324,8716.797022395718,9271.504103913074,434205.04773446533,293739.5047755607,2200596181731.251,53804.793166175914,3.7893235468736077,14.929828324219997,11954.531235402077,17037.711908362722,20813.323716566003,1416423.5130909935,374379.1443600906,11089777769742.564,62405.62249846661,1.1078878247614632,-0.06521532571785205,10208.49421422816,15412.258110356772,18486.51005955932,1241798.2023216914,388025.4617528013,8748826987064.01,56152.67015131148,1.3989420606181735,0.762319939099608,10492.184002096412,17060.075824185406,20028.282808588538,1282854.2552649046,623027.0960883588,10268982073876.56,62903.84549693984,1.3016863433095394,0.2262468521229879,65,119,184,155,0.33654092902930666,2,43,43,Squat ,dillion,original,True
2106.4704744814226,3115.3146622641443,3760.6386830935976,278276.2395031846,147342.58416461313,362045524602.3665,11818.59893713608,1.3869695609308141,1.0539258083596197,2210.5015248950403,3036.252872850611,3755.682161666091,289427.7451788243,146265.42630474205,361091801586.0963,8845.542303718214,0.874212196067344,-0.8819429642069294,2621.161324864383,5443.61421327893,6041.8062194990325,315837.3202892499,90527.60540360217,934487613285.8162,27002.613422103484,2.2672857012526024,4.362178342144952,10138.806219354246,16454.855412454785,19327.639747222343,1235025.4346525802,499931.7032141803,9563076049879.27,62462.51090153718,1.5181843805419932,1.1751184509216603,9567.326293394803,14787.654702749362,17612.73584688162,1250102.369837095,622142.1799836442,7941336678707.937,58472.0445268525,1.470877801091493,1.2315728361083682,12728.33509306599,19872.50699596307,23599.301865647984,1715557.4861301568,960587.6147427801,14257332442776.994,62961.584236036826,1.1067797535263748,-0.4676788400206493,17799.82100882772,22535.337721469787,28717.1564429176,2159186.6500385622,655103.6048974,21111681898675.297,53532.63773674239,0.50323899129059,-1.6939979075404814,2307.02856665291,3175.402150311085,3924.9916717813353,302981.4192100193,155518.98781114613,394382326362.95276,9654.059920057929,0.9251605635387795,-0.6995304381974661,3685.5600646469175,8435.876739210684,9205.833441317307,511571.03681601974,337301.9493238628,2169532655341.4675,40570.09049644944,2.539406154235662,5.727635225167079,10158.632069323783,17160.194591522108,19941.66703008548,1283330.3333846922,617368.1133458706,10180354148833.234,65824.33604009292,1.5585864774638751,1.2375294047164909,10344.07460521956,17026.12596625305,19922.0692915436,1366076.8871295394,708970.8595901462,10160354428340.855,67796.23066992075,1.610004436805541,1.5122607066895037,9638.349707169831,16673.99172168994,19259.277894373026,1209947.8759453935,557266.4996337104,9495546496324.75,60150.09356209143,1.5044144628926792,0.7689263583646095,62,184,246,214,0.34435701897885,3,43,43,Squat ,dillion,original,True
1745.312022625987,2504.564084473933,3052.696399834016,222649.07445064187,100807.45234253095,238565255924.7248,9967.08277885833,1.3508142383541495,1.1822861239054907,2666.9965027927074,3879.475951519717,4707.781218825738,350598.678934131,183457.096482339,567378022510.8057,12588.320559607238,1.1891169389396155,0.035835178726423056,5085.46994438709,12722.585670406383,13701.320764659671,738304.8170482906,570401.410242884,4805790481820.013,66139.46794351726,3.1982088943365303,9.982998146187928,7848.381147424986,13210.358646774997,15365.892821820635,1034974.3324606944,585689.9116509405,6044432952618.979,57579.319738339575,1.735256337827813,2.2445410737460367,12428.38446497705,18805.546724943943,22541.369258173574,1661071.8992444621,969841.6980123649,13007701197653.316,57597.89447185684,1.2160882836645532,-0.07466433812569928,13468.659242383112,21039.909231417892,24981.644506591954,1786362.815432982,941723.0705188706,15976513593695.637,60569.58928457457,1.1545147599844434,-0.39428542641714515,18759.423864455544,23383.813394722263,29978.637604225725,2263237.393343997,662276.0807323931,23007199042700.72,53406.109586946666,0.46167658382300203,-1.7534854793100272,2743.2398087073316,4041.4488110420025,4884.534076076187,363705.62468701456,197891.0123791781,610782032392.946,13194.165342529393,1.252553403450939,0.21425855715750908,6041.544899060793,12367.717367795874,13764.472298531722,786533.2827414117,349835.62676478043,4850193860020.407,56280.952683611584,1.978865796176617,2.7610840528672,9578.084430763058,15622.802416743938,18325.16457539866,1115086.6786671937,431281.3631293105,8596778411915.415,56420.99714505008,1.466343704940197,0.8441771709356818,10534.771994538407,15907.127460600028,19079.259027139557,1290833.2892079519,522411.8886908322,9318864000631.969,53774.780115113776,1.1963815587189064,-0.03115643765979126,9919.477108962496,18053.166794166333,20598.855730676423,1227423.9048967822,644742.0085064246,10862409149778.453,60450.078877267326,1.5973515302050083,0.9515739355847814,63,246,309,278,0.4763374031001525,4,43,43,Squat ,dillion,original,True
1962.126561336224,2689.2936057651123,3328.9999610559075,236059.67083680868,76897.78606514094,283705362962.18195,10640.919580268823,1.2708007980409821,0.8559794176352726,2688.945506778282,3872.3119884548064,4714.364015893759,348728.87153871055,174760.82122471044,568965838703.4604,14841.892046409263,1.3848950691513908,1.0602898329562267,3366.500145561178,8056.009321836693,8731.128759993357,469634.0998561442,326508.197424996,1951554801243.728,45242.4665259886,2.972464804413861,8.658387941271906,13210.815407976745,19500.111363537304,23553.76799864498,1513222.3096649498,540089.7896980799,14202367665510.203,66900.34492860487,1.2065266907927041,0.03956336012758177,13473.678082204944,18662.29141591352,23017.843555714975,1567181.9311255338,620155.2974163269,13563420722057.46,59610.061973247444,0.8684362246776473,-0.9198944903975979,12010.429249433586,19261.041912295837,22698.857819345598,1507289.9050559658,798829.2499510718,13190096545353.387,60936.87263807537,1.2868292823337877,0.00876815827420696,20543.799774703675,23651.78058054425,31328.173164315293,2351011.598057691,451924.6166784595,25125233505621.117,50861.13835353492,0.29204786608634303,-1.8971662866219325,2965.4427030115685,4077.610065283987,5041.89986704911,378965.1566121711,176944.46442935264,650771309295.3557,15707.108333177288,1.2628927004970838,0.8287487112019094,6038.711077502127,10708.325638338965,12293.667860091819,774122.8360393376,328112.1564891244,3869037298028.916,52512.3134010744,1.8659961173249309,3.134438442887075,13153.651052751986,19001.03536468344,23109.692359430366,1605505.7290352746,703067.7658489301,13671881752256.363,63341.46312809537,1.2178478711241412,0.18152489445184283,14303.201946510726,18874.326041889733,23681.675816086692,1724930.9127228803,578158.0553784613,14357037298130.568,57918.19421236561,0.9329882602900412,-0.5719355389173502,13223.9911918516,19062.46093170304,23200.244822304645,1573629.488760902,729227.7985867641,13779234811260.758,60082.38173468168,1.089421945322396,-0.39278632759555654,69,309,378,340,0.5706105939107712,5,43,43,Squat ,dillion,original,True
2148.152302886371,3012.4109148215975,3699.8888951064887,264237.7573617201,102762.20245324472,350442952604.98724,13214.783339878477,1.561878516943128,2.345566212914223,2756.2798854321036,3816.6194894169694,4707.829981407045,357689.37804321665,183682.1703387717,567389776226.1775,15284.772197234981,1.3504658416959125,1.1523244422261572,3432.4899850652355,6034.8675588885835,6942.738217079699,460728.1557363389,262039.21540988013,1233961317143.0146,22530.392788957106,1.5306545564175755,0.8526373315790594,14045.913436628785,22163.077351307762,26239.086911501327,1499885.2513733804,457200.16999509657,17625335857902.598,62954.05895573611,1.1781460885337915,-0.40189042223614635,9020.936957228454,15892.432755290316,18274.209215933657,1228016.8004664737,728974.8659269926,8549036095173.496,61470.848534293254,1.713502971072599,1.7018650350092317,13406.820692517198,20010.756686513912,24086.785261802135,1703228.4973649555,812623.2214671636,14852434540753.111,60617.46830284461,1.0867356973751379,-0.5281663504442506,20691.840001131382,23608.313415497934,31392.74924177238,2329979.601648351,356763.04652284255,25228920446894.082,53389.27442439887,0.2878437643212321,-1.8729054280376127,2974.400153579158,4115.567081191699,5077.888210014128,384165.1297544573,193400.03140777323,660094686039.0522,16629.2849226822,1.353124200671275,1.1552652583994032,7450.294223696986,14417.649575422753,16228.847873442543,1053622.0707087088,724536.513977269,6742412884463.115,58123.63434382324,1.948750229439717,2.6756407058677905,16437.449960545782,22317.653573358268,27717.637385352264,1668540.8392389258,211075.6946404971,19667646008982.47,61848.938634577855,0.8990708363101095,-0.8875567083493463,10820.987223228944,16498.10800416081,19730.213688712018,1297328.2130846938,481966.49080474634,9965602104377.32,67636.93129022255,1.2998955487638069,0.5795904912926177,11930.807650087054,18710.082297495133,22190.343637772185,1216991.968688628,492478.55799778184,12605730579517.863,64724.37404037862,1.3467144280742904,0.35325745989109336,70,56,126,94,0.52569892231457,1,44,44,Squat ,dillion,original,True
1691.3589476975449,2384.280761782575,2923.2669807875986,209509.60411873282,75849.14565421661,218764539928.65387,7989.789327889538,1.007877502460649,-0.4278881945320592,2913.946903111879,3973.488423028554,4927.443231747805,379749.61510006955,188037.9557014808,621560238133.6897,12078.954839291064,0.9031479657334582,-0.7038968759916218,9031.860155291412,17346.708253123626,19557.167102720374,1269693.1834653672,850650.77197086,9791559298143.434,66473.90215311652,1.6950125205660098,1.3960460902671716,9327.920620303983,16498.60400090799,18952.942702321176,1308748.8479238495,885796.3790556603,9195879349183.219,56904.093777567075,1.6812667008805737,1.501261468292081,10507.908363535904,18715.41576938327,21463.525469907032,1500779.9463759647,1064386.470161262,11793482895292.105,61447.10538846419,1.6181456009400703,1.0820986536126709,14436.652178647497,21716.837474687312,26077.53738429361,1943231.9330619322,1076996.1861008236,17408971674348.305,63728.79787404707,0.9369904842212118,-0.942818955323407,18856.316812799774,23806.481197626836,30369.544460818564,2299367.374086961,729228.2239121916,23611116307395.46,53713.09846268273,0.48712689406156484,-1.7295750017691918,2971.647795037038,4162.206361984071,5114.161946740557,389020.96485540236,199456.473368929,669559101887.7228,12801.499442210703,1.0040039621675498,-0.4853017995050344,5859.474974964235,11467.271131254829,12877.567867417456,774812.653485578,411471.1043372884,4245292907006.5293,56096.67779715345,2.314363215741884,5.134529205792466,8752.564679386054,15657.492603652776,17937.794265189845,946955.9688270459,303520.63115458016,8237170255367.107,63306.44869591394,1.620328805504678,1.3619899861931035,11602.411035565263,18381.34585118912,21736.83088997184,1613441.021996235,1009308.2052029776,12095739318764.393,55685.82356537006,1.1809020634842027,-0.30748270027754554,7217.859439542464,16602.62826167081,18103.722271517054,1034100.3645315871,827646.4003789074,8390265858156.098,61906.09722278681,2.3961624243618984,4.038532395278599,62,126,188,159,0.32867986928760196,2,44,44,Squat ,dillion,original,True
1624.2168106663528,2305.3399666783916,2820.0483346949763,199703.39370789618,66846.27825987888,203588418816.40723,7142.998123621446,0.9847392811609815,-0.6057665094949738,3085.8811701523346,4590.128420576864,5530.998238445588,416890.1831375566,243564.97416869912,783153702750.4178,15538.256216505264,1.2136890445761939,0.128324759954503,9082.355551819186,14878.43695982717,17431.49645719529,1206017.7524121485,620280.2582110926,7778740959672.625,53855.963093574006,1.4792989709425586,0.8545924001481366,11462.74438514112,17107.942403376797,20593.11054980141,1383329.5400802733,455464.50689471466,10856350774178.36,58622.08133274834,1.2891393890950524,0.4593034248642458,11173.59162511791,18330.683485628524,21467.722442196784,1440895.4879871258,623529.3438214249,11798095535493.104,64081.946819865894,1.4125504688296515,0.5940645306699057,10340.17038994324,17729.30766720645,20524.314216351402,1429124.3305325403,895192.059414013,10783935335719.021,60838.19404080367,1.5280611760304499,0.9339589411698679,18851.365088749706,24389.90813164135,30825.988781858017,2341666.553756228,831681.6991058629,24326184560108.438,54969.29590726758,0.5297901100298329,-1.701048938748464,3133.193677597813,4715.297435647704,5661.354301575262,424848.8614684229,252212.75678450594,820503872715.897,16594.816930453148,1.3011247575106313,0.4777936664155602,13866.262284688133,20891.916201579363,25074.79595772573,1788224.502414259,850613.6826132388,16095882043432.418,58699.078483230565,1.1114697030506238,-0.41979958973176634,12052.165028551975,18283.51914448244,21898.4418208718,1461144.059139564,518305.37695635174,12276268907061.941,61345.55695877351,1.2658689202969828,0.21896229741339335,10619.210171477196,17549.935447627842,20512.626815742275,1330220.8519379455,463946.79413080035,10771657187376.867,59317.862493672095,1.3745190754874683,0.3733602815530297,8687.962310314604,16852.067860890616,18959.77004853987,1044025.5726056756,574197.8167787988,9202505735513.844,63044.473825159854,1.699306647676598,1.3231274034903961,60,188,248,218,0.4524409091372013,3,44,44,Squat ,dillion,original,True
1900.244097480018,2477.7805812759775,3122.5509185529654,218986.0535937166,44404.07442963296,249608300517.2727,7605.941201884572,0.7525382414039293,-1.0746536640208295,2569.833409342145,4092.169308581202,4832.172741310583,355362.32711350155,230293.90348806806,597757271087.7446,15082.724734998514,1.601023466014356,1.3785097755594728,8340.294296638458,15470.739805593686,17575.673503081496,1125923.4646675428,642205.7262746718,7907950056625.176,69761.6132852592,1.8687589178311788,2.641158419983303,12606.885815298037,19397.675363961524,23134.463025659417,1649806.7177978393,928705.9615075876,13701206514831.43,62750.253785688736,1.3872442130054872,0.4845153443073462,13411.109228742604,19935.48143079952,24026.678310224605,1590967.803047629,375032.2970637328,14778400527949.242,70014.88317381068,1.1213672898681668,-0.27481024082993644,11053.118446963543,18675.91197837515,21701.63854704575,1308764.2399803952,332674.5441700879,12056604560041.523,70586.37176364752,1.4574300007701222,0.660217167229955,20154.026859356403,24407.272739983855,31652.800211855167,2399915.525326706,648120.6125749453,25648633888041.42,52231.0022423234,0.3920085144513804,-1.833319690822669,2575.895610293861,4270.684358172546,4987.382387813355,361767.3840333686,247261.34185557568,636773966906.1335,15912.620212871727,1.6623548251252636,1.5055490799853555,11706.48073640442,19500.019083996587,22744.063742173228,1497731.130608233,659620.7553200247,13242686349005.793,72716.85777971047,1.3653328859998155,0.3909330920908092,12884.347050805876,20301.695634220225,24045.06694833946,1499175.966258151,335180.7842056282,14801030260483.242,69276.8778435174,1.159584760358647,-0.26936527284876366,12216.994426131449,19398.045478100474,22924.640044689495,1488479.3928380795,530794.2497804278,13453801502171.676,64902.559384894215,1.2739175785655694,0.07280097278563202,12214.326268818086,17778.02104172905,21569.603574505036,1539180.0878185527,754075.2878670961,11910343638049.29,52326.08880953302,1.1012682958468127,-0.38316938832229175,65,248,313,279,0.6605881037978466,4,44,44,Squat ,dillion,original,True
1812.474314439923,2271.8921598922566,2906.296118203438,199466.8193688992,21708.332827821225,216231862443.1199,7092.363780009731,0.8314996288223235,-0.7251220267195331,2916.592721337575,4105.929605308427,5036.384717821657,376468.5540201836,190196.05154568751,649348378263.2329,15934.911478490338,1.4190280933405963,1.268352746199226,8168.0596773646685,14975.353624802401,17058.08943231548,1052582.2871960003,490613.61764412135,7449047426070.348,67498.98778839939,2.1662168770104993,4.083512617401672,10964.800989760075,16871.373182695716,20121.3839935236,1349882.4041509768,541055.015410586,10364674401659.588,63475.729105345556,1.3348129779929108,0.60758540734669,12667.20210064667,18335.71531239934,22285.79065404643,1622808.4791162405,712662.1459210129,12714405505945.166,59370.19008585691,1.0884651261381157,-0.3849364264125219,11128.243351683439,18197.142845264807,21330.115044820053,1522888.7427789932,1000411.2964564976,11647329480326.625,57340.718315124876,1.315868740479808,-0.04165312544071398,21913.94273284927,24292.139459846112,32715.881856297405,2429867.899093399,320695.74020917393,27400420496261.367,51864.417789766645,0.21647807718853532,-1.9343292992508858,2955.989387334082,4180.807283012383,5120.256125988338,382924.8021650013,196652.54424061847,671155783570.4602,15110.429961806658,1.289742272155901,0.5922171115143327,5610.449084746853,11541.00445473049,12832.45583497741,770182.237537607,476551.4096704521,4215601222570.132,57361.68997137675,2.2851107104936603,4.529341525738097,14334.654161121518,19608.402975408895,24289.334638169545,1676271.3675699907,698514.6525767067,15103277495423.56,54418.10909660233,0.9759920525625351,-0.6664350311704128,12265.24426959576,18280.97092686179,22014.316137950267,1526608.028045008,558502.9801684396,12406530944553.41,61832.9153058935,1.166902362776527,-0.15383200703576527,13877.943089813849,20600.108499617763,24838.715236504002,1714445.1577205283,984050.4388761683,15794221429763.484,62875.03386928276,1.2019446799601134,-0.16588999845236652,72,313,385,347,0.5846655615184441,5,44,44,Squat ,dillion,original,True
1986.903126923163,2961.57015335531,3566.3260940387995,248566.3133170506,102059.36560224852,325598254310.9641,12104.80081264566,1.4803735886318214,1.4884613320839533,2895.6998214350724,4656.0259026765025,5483.0333449883055,389307.6362440962,231209.1482511751,769629559353.6936,20660.841295263195,2.0496549404965343,4.069802690113863,6392.293024143141,12068.937815516178,13657.257048957727,848198.3813134758,422478.3292906948,4774929154593.42,51473.541725699244,2.061344787488951,3.3077348238084996,10357.042310478459,18180.92887269757,20924.017302973374,1102041.8193664781,122453.22193283786,11208051202435.303,61096.88950101564,1.490833513362968,0.6283439105853748,11036.419952850507,16781.614401583345,20085.44615633684,1426919.8708530627,646764.8446634724,10327683770857.121,59149.40224677083,1.234785636730089,0.17154500131376516,14650.33680158031,21706.5802588562,26187.936057160063,1910674.4572987559,952690.1690467326,17556684670307.947,65940.68820218454,0.9544504866388529,-0.850114834306297,19755.535556242587,23712.724147029672,30863.80520264941,2325876.837990049,563471.1611270594,24385906472629.48,53390.64277291331,0.3887955005370429,-1.8081175925092323,3084.876511924494,4842.211272322321,5741.382507691748,411662.2855178332,236658.5715602192,843864911350.4967,21181.904391179574,1.9359905562863304,3.5672351276446905,13699.844139847304,20515.078790111947,24668.89108210196,1556329.3470231015,452746.98767320224,15578987192847.602,66518.5544851106,1.0425364459837767,-0.5763345416510388,11659.341250254674,17774.679080315793,21257.456451751375,1385872.8405498771,380875.395243058,11568114042831.52,60753.878266224165,1.3353221725922868,0.5006127646282166,12469.795812929868,20349.289136259802,23866.07164925272,1455543.8389748728,296958.24543723225,14581488024761.973,62093.277862000934,1.3026132485762747,0.012081698615310721,10338.313181223988,17685.29939895795,20485.373666688436,1169942.2031990432,610631.6660454815,10743053677154.611,59042.644275370105,1.4691264438672629,0.5301879525547757,66,47,113,82,0.6920748226937676,1,45,45,Squat ,dillion,original,True
1822.6543478967499,2556.805193835231,3139.955679803417,235524.15347135396,110016.52689807254,252398634780.92133,8570.908215755213,1.022985674091642,-0.4014640003240335,3026.8851454498435,4600.6960805737135,5507.126120723154,412105.2827050898,247991.97159205438,776408015604.5121,16989.816587595313,1.4210630963846764,0.9264571431203068,9678.008592721246,17908.484118388624,20356.268168290666,1385034.9725222327,1005340.983868934,10608067935727.713,62972.06071197722,1.8409730685293744,1.9096676997448485,9747.90559521694,16879.132635187856,19491.71059731612,1094072.9630396222,424737.4917028264,9726125619443.852,57748.53612625918,1.5573148325342896,0.8536934804211573,9887.63575557201,15445.842918430282,18339.558454218273,1285565.03693158,670457.9637449329,8610288749969.636,56340.12267116963,1.322936960438643,0.4260187541613578,11996.659158160273,18312.77810876035,21892.411311177286,1577429.1191196248,810562.7575501889,12269508429254.732,59260.704345306316,1.210348608563375,-0.06225558325876257,19309.945098917182,24372.393375530457,31094.815300541606,2359749.7176436232,757541.4639293961,24752320987514.79,54929.99619404062,0.48525506420003645,-1.7343300170471563,3325.0423183585785,4847.235913150436,5878.061110316117,443386.6450409089,248327.01118261914,884521021865.235,18002.522426324227,1.2902669042781971,0.6305788213066892,9894.027885320227,18101.156227496493,20628.70923174131,1203577.2759165051,344711.5458352209,10893917300933.867,71075.02691869855,1.817732817219696,2.1440176407238827,11328.599109875075,18146.436504306363,21392.295706564193,1368170.9732928113,479635.7361582998,11715336079285.371,58834.37823815234,1.3086445539308416,0.16176776446417573,12563.629037690005,17810.610258125143,21795.931096503315,1590852.0819552857,735861.2656856866,12161602876506.115,56888.89313436695,0.9495976639879208,-0.7239644197457813,9525.077298440552,17195.837519266377,19657.66836454102,1045249.6710459542,463821.9893253075,9892452493575.086,57497.17829252203,1.6244542652126779,1.0543863287511401,62,113,175,144,0.5317086583624403,2,45,45,Squat ,dillion,original,True
1865.7914991375474,2511.877428896929,3129.0104084288027,229988.74590816416,81121.41932850728,250642077083.028,7683.160178466514,0.8062898124263301,-0.9653750502640857,3016.152190882613,4602.039610206728,5502.357913883618,412241.5980218543,252930.8288345894,775064130879.4283,17240.929853091944,1.4162614880174962,0.9398997442018038,11119.874540011058,19071.660049158563,22076.68061136585,1579165.2596127908,1078896.2814842607,12476923566496.176,64869.50071608278,1.4017910759246577,0.43024136585895656,10605.488810605475,16428.182571809655,19554.068004499433,1267958.0775698964,370163.15923186525,9788456333429.463,56477.530203734874,1.2917685354417594,0.2588235684025948,7097.974954367569,13356.790504601042,15125.643822218935,1006286.9424231277,713056.9592257801,5856898586537.723,54500.58428189408,1.9574177059353721,2.750455251602123,10240.907121225819,17220.277148335124,20035.32190235651,1444784.0010941084,960033.7814216822,10276201567514.79,52863.451474726,1.3844485561201838,0.20812840936925703,19338.516574546273,24702.08780129789,31371.50562289019,2391329.42926276,830050.7896832136,25194786945203.99,55219.83598809805,0.5050964950655631,-1.723706900472673,3235.5820263748337,4833.973792713992,5816.897255242316,441755.2663890077,268135.6076048026,866209118157.9668,17704.15042554368,1.3803495397220624,0.9062968493472483,9300.398308231861,15106.78448021955,17740.13376566153,1175200.7772971203,460822.1986281178,8056636058203.247,56591.39448168792,1.6392443575754876,1.6137905851231018,11411.1900176067,18696.32374952011,21903.601972387933,1297803.699741749,177765.94819089503,12282055151738.79,63349.754058775165,1.3678477080927056,0.27965297205835693,7994.527842628956,13918.596630148944,16051.162187809428,1022193.460749464,440361.4622660355,6595579074031.696,53281.14050559238,1.5478035653866105,1.0722863262228044,8880.353945606472,16365.193016486883,18619.35091957073,972029.6329620995,256511.87596957936,8875013853852.66,60559.618746612876,1.645140382177398,1.1437853153020079,61,175,236,206,0.5184813798183979,3,45,45,Squat ,dillion,original,True
1611.4401302921412,2227.640939412793,2749.3860129970594,189813.80826126068,47859.58244129443,193513560280.67493,6739.278612559514,0.9297020838500197,-0.6568399819195103,3257.6822422741743,4937.077829711277,5915.00051464538,443652.69841139094,268049.4832970277,895673115859.3307,17757.443642154838,1.44398142395594,1.0687035181428381,9705.522744934255,16746.604095219744,19355.772277914068,1385934.275969409,966444.6990062498,9590935564146.348,63178.340014793976,1.5063113802008823,0.8258631071677685,9785.564353232767,15846.582135187582,18624.484827197397,1300100.2740266072,752798.3055881431,8879908738009.754,58051.01914416012,1.4396332841257489,0.8625563196957002,9658.143257473754,16056.16129621853,18737.130163183254,1295580.5761818853,771883.0660525545,8987649196853.033,58640.47601244039,1.4959196584793943,0.9443243255699683,10963.75023499209,18017.71495791169,21091.274772280685,1384697.0660328183,719208.2248211695,11387951910907.996,59395.981080059755,1.376408850757288,0.3852884427877026,19224.42218948441,24518.396966095253,31156.543426807944,2376075.8312099255,823256.7590280805,24850693076648.176,53977.211491708564,0.49581106475491993,-1.745052623867655,3245.6501966720652,5018.09539953379,5976.246868895193,442585.62965953146,270012.9659101532,914317481932.2778,18402.77530085459,1.4865347712955723,1.1643079511288956,11451.04652502218,19444.797303760664,22566.049913588344,1569636.8387497924,935060.0272745815,13036201182785.547,64678.996650431975,1.225473895961998,-0.22619347058919592,12361.769102985285,18793.34809422893,22494.51639725513,1606383.3008058975,822808.5241856045,12953683659427.324,52258.57678759165,1.1061234723548379,-0.5411641872480142,8520.292046919294,12297.27965347868,14960.56360705227,1079142.2343395252,466825.41052246676,5729752664080.814,37606.341347716894,1.0443029944437185,-0.46227041044662887,8979.569340170596,16397.882855122247,18695.54031487841,1221206.9126776701,854378.3889077335,8947794628230.244,53910.63264382722,1.7724319491493654,1.6657773822392228,61,236,297,267,0.5068566291771611,4,45,45,Squat ,dillion,original,True
1863.4735066670626,2411.0024659141613,3047.206327227319,218858.47158267372,63308.80820387879,237707939857.7716,6359.778806268161,0.7217674848352166,-1.1947261916222414,3377.5175761736537,4802.878513347826,5871.564271243241,444417.5670590087,238036.71945879137,882566834978.3085,17412.507310595407,1.280381439609259,0.5950540969926794,9406.490346027796,15970.461125851629,18534.769736963342,1327744.5778628176,897923.6076493186,8794564843577.657,52166.47658630286,1.4580421726069352,0.5420568741213168,13065.756112447409,19064.94860211615,23112.469534675158,1723981.2183037873,936992.447407188,13675167948576.957,58454.02497319858,1.1737581912147104,-0.14358298650737655,14578.93064006826,19499.961960938166,24347.35581302324,1623187.761737636,155825.02764427534,15175519618200.482,60724.102885204724,0.8162892174245692,-0.920304813765191,11907.243413384742,19587.966544571664,22923.15159520726,1485034.8245053787,730795.3109186845,13452054503855.438,60803.80104264036,1.3482312992529204,0.1935632201331683,20466.959756123706,24478.88354640113,31907.870209981975,2430370.1219384307,654321.8004906373,26063671842228.617,53228.791789624214,0.36833955177934674,-1.8480081049467587,3464.710402147453,4932.314921781131,6027.598913196992,455276.4753367644,242996.0936633646,930097885654.3632,17675.05787187224,1.2741455207823476,0.5437288013989243,14139.60783696351,20708.014525110713,25074.895320924395,1848759.5607310992,884728.3057861048,16096009609096.098,63091.7958880124,1.1867039837964546,-0.11532376501778252,11529.567445871706,16908.392895904235,20465.206468813587,1333688.480395369,387758.65174378274,10721911700765.94,58110.816406146376,1.1676957845710052,-0.00026757085853867935,16725.78188245748,21302.63419165887,27084.202094268472,2002561.993090207,542577.7693584055,18778982478929.32,60856.72833474827,0.7036245479108691,-1.1449334244032336,12286.350451137667,18435.394151929067,22154.41637563832,1624985.0695273217,885845.0969123997,12564945022595.875,58105.951963707455,1.190415317248647,-0.17035717474898648,66,297,363,328,0.4966150450957615,5,45,45,Squat ,dillion,original,True
5053.066356702399,8578.228942069487,9955.87722844131,663387.0057200771,403627.5959807238,2537458979527.583,35273.43830384234,1.9638913687474786,3.0304079844359713,5652.51670665235,8612.998754801569,10302.169318604567,744937.9662344051,425297.5670164836,2717048132331.45,37440.6352585574,1.6960287885114886,2.3945010682040184,5502.178414178532,11863.243012990426,13077.098381778671,730360.0477928804,439159.7441826574,4377868853419.9893,51830.63650080906,2.095560098968216,3.1479967799821607,16408.055897295846,22004.751667158784,27448.741214527712,1643392.7065013708,502471.6190196405,19287894893110.074,57527.649743488524,0.7704987283440827,-1.2231804009500318,16795.589700330926,21701.633275980177,27441.806067148576,1683998.1801792642,503584.8600969439,19278149637811.004,59328.48161201361,0.7517650882764499,-1.1883348488309846,12199.65958973984,18952.35164507638,22539.372817009807,1415858.8238848853,357052.553867203,13005397170794.512,59966.25547887198,1.2113804847053509,-0.15241314582642262,17641.22895318999,19789.11979742761,26510.79443049209,1954011.2854964524,372212.73902889946,17992248866196.75,48817.60272100235,0.3174809235138062,-1.755431101211183,3406.338744314236,5450.22471903738,6427.137242118171,457320.7279504137,275240.4707060755,1057487184102.9731,20899.96263766718,1.4914764335023005,0.9970657055895393,22236.919827387705,24883.016090310182,33371.32141765297,2500926.9145054645,484893.7214334148,28509314384903.777,58379.167544942255,0.3012894682986898,-1.7908708331002727,10450.895801335533,16425.644800442966,19468.513814893307,1362949.171753679,713743.9936139315,9702989572113.705,55409.16077747069,1.3619577155357632,0.39935951612539666,15545.020595340315,21415.92186379498,26462.981211226495,1464756.5751312827,586748.7361564469,17927407989394.598,64148.1705241245,0.9091758231832484,-0.8964164981230316,11584.780973242989,18841.408308606362,22117.997586798712,1295373.6952168238,350803.9891566261,12523668921590.621,62175.318072655835,1.3141586987530247,0.16469856649979908,73,89,162,138,0.7180333323835021,1,46,46,Jumping Jack,darren,original,True
2719.540865383974,5153.25636600362,5826.83050141758,384271.83357364393,253505.36604435113,869170014521.6063,24275.869062936865,1.789433963295211,2.2547154767079647,4925.427380207113,9354.739822127647,10572.180097661727,713309.6596571727,518174.431708806,2861337395645.3047,39776.88086228215,1.8274422408585538,2.4555379276595977,9525.726932770867,17890.670985394714,20268.586085500894,1400700.3213658445,1065903.7070447549,10516878896777.229,60262.8331556264,1.4928109290254157,0.5113128435934962,4854.811505717121,10480.293914621898,11550.140920911057,689971.6540743297,467637.6378430416,3415187335498.345,44107.30473442153,1.9597681968600749,2.4125782237425213,2603.795949618554,6558.236081362309,7056.2180979709265,357893.0292438769,205136.55939942095,1274629474460.9905,41248.865518908366,3.37339622906904,12.526388052293301,7812.655314871316,15860.766859500865,17680.540388812442,1125834.3058125624,798466.9874385635,8002598616074.956,56139.351355562525,1.869297764796603,1.9532443396382382,8379.464597627917,14811.652638689002,17017.652036402742,1193897.223725905,807387.228979901,7413772309301.311,42790.950693924206,1.3165006661067218,-0.06859710045734779,5202.13355899404,10573.689488330883,11784.103825121832,758550.3759715783,563225.604354609,3554946635808.0264,41662.61165302569,2.0820922410353266,3.3125167404441207,10541.725042812328,18842.756377330108,21591.142507372577,1490678.759315295,978440.1007497454,11934142330205.979,56606.74689635369,1.3841300047883394,0.18180948799285623,8946.597146046925,16806.18593972847,19039.156660272056,1293962.4329669548,930945.3695646438,9279730850160.174,55864.31166216267,1.6458906788381387,1.1996582017362387,5962.0668045212515,13665.490000181388,14909.455306168356,811141.419709543,449094.8043009492,5690671552681.771,58632.78660878166,2.286707561283467,3.949988351458269,5215.466109901538,11757.48643512877,12862.331593290874,742330.0808988024,503044.70683004026,4235253094803.674,50870.93996639597,2.1960861853862466,3.5318003425611906,41,162,203,186,0.42497813572853244,2,46,46,Jumping Jack,darren,original,True
4047.6473111760106,8343.312266510775,9273.31161625552,593235.8998376258,445513.5210516785,2201454293303.7974,30606.756607839325,1.8638515907148663,2.0848902412315375,4744.331448280665,10864.260926830582,11854.992466357906,718171.1566071056,605754.1818576992,3597845667261.508,53534.95792710156,2.6804573496088415,7.201988715420805,6148.705539461342,13538.594456177172,14869.435754588465,915995.9115407806,731050.9926032351,5660163063291.744,58194.194553310364,2.205489778641391,3.8536345776665133,8192.223624724682,16334.335827763569,18273.561635643382,1224547.2144372817,988015.4360743896,8548430204202.436,55313.490755970735,1.6562902421017696,1.1266291596115448,7992.468964957695,16048.776063395213,17928.8252066001,1203832.6373174204,996391.995360256,8228934996193.769,50390.52262829694,1.6657759715997267,1.0748169273362347,6539.5622253471865,15289.428482432186,16629.26629225103,965313.7845054138,747687.6306878842,7079231933916.07,58316.22309573623,2.3249502019237314,4.020743111933228,5527.113012598878,11739.927154840329,12975.934180435612,813682.421546398,619106.2613131284,4310396617087.928,38553.66094910216,1.8859787969024056,1.9085490737919297,4176.8186545998105,9728.469616754932,10587.20620171048,627308.971608253,516016.6569899453,2869476740032.9434,44509.05430826143,2.445692572904913,5.154565160994421,8378.323856199415,16988.587684275568,18942.23910063643,1236023.935404804,949566.7064155221,9185495606929.398,57419.587253136335,1.7186514068705518,1.3179037668311882,5385.616323928693,13048.790674438336,14116.50811121065,770036.0886631175,522876.9798460893,5101460512099.229,56088.272092692576,2.4604287934472273,4.900049041010754,8773.736588489264,17471.351991884658,19550.616208921067,1293931.4429027785,995293.4535695413,9785000810202.293,57092.98687035487,1.6292378689690699,0.9563129671105535,5024.392205962848,12189.49259302153,13184.394059442664,745422.9940931313,581750.3287770791,4450003115895.476,53471.700294113085,2.3447526506133887,4.184637589012741,34,203,237,220,0.5716802482061677,3,46,46,Jumping Jack,darren,original,True
3537.682299454388,8436.659494133975,9148.35610762031,536280.2678936562,452263.29034148995,2142525938478.9453,34239.04709137584,2.3847226438374487,4.468836329499191,4674.630252778766,11107.043503644069,12050.667342186338,712340.7244834788,612276.9616102418,3717595734836.13,48749.2897359877,2.4475006995806425,5.0294189920526104,8105.941931039206,17075.393162711327,18901.72865773256,1219848.347526836,1004434.5763801665,9146248864014.037,58971.05668838675,1.6967665841321051,1.0589393621986805,2721.468573515764,6548.4616514263425,7091.455506229688,405619.71758182417,323742.9215554591,1287391774638.9846,28471.93192144139,2.393134298867919,4.568930961348264,4371.81157788343,11577.948110577012,12375.848210273483,641370.9225944331,479376.446089153,3920937444447.4717,56833.44937505686,2.684471085298524,6.256687956727644,6760.049404752926,15278.055022701292,16706.802004913705,1016578.3586347671,835045.261453853,7145401170723.549,59965.99674327913,2.147284207243336,3.3063378054816006,5291.851852430509,11557.440068647807,12711.338126588327,797716.4397671091,661386.2915967427,4136399794392.5244,40468.394221819915,1.933848949546886,2.1947091356568054,4449.997932343687,11148.548819417863,12003.858645319282,671514.651584576,558832.7737568397,3688771132846.2456,47626.3752538238,2.5739152927541826,5.465392813604584,7568.699999206996,15892.710942652702,17602.93954953857,1140312.6241157085,943018.2800365377,7932505108088.553,48969.73196657053,1.6662071827341713,0.8815469752986478,7428.866331152308,16361.125869928886,17968.70876545626,1128889.3328325907,961323.6937139425,8265587064263.285,54687.870950991295,1.9176235419733294,1.9765042920013745,4017.484939978979,10371.46005117174,11122.381437264648,590886.7849970969,448361.94043783646,3166908642201.835,50385.65268724749,2.7650000580708367,6.882919912304356,4560.917299117292,12803.838638863934,13591.918573161493,683704.0072401287,553004.6045792144,4729350412785.981,58056.681594510126,2.7509551834611945,6.191796175625276,30,237,267,255,0.4960153809144338,4,46,46,Jumping Jack,darren,original,True
4448.138964704524,10185.99697893846,11114.87627930541,545559.3776782582,158524.797928498,3162636152429.211,52360.58475331647,2.597603479698623,6.086433025302709,3303.586965635389,4871.82036889805,5886.282404567926,406002.8522397011,142484.43659496578,886997005985.9448,20699.131214315392,1.3506581713216006,0.9867846087436645,19317.351815070877,24807.337245549872,31441.438617876054,2414807.719401011,940000.4694910567,25307239996458.69,59918.586038025096,0.5587618270967748,-1.6181644496795613,11038.753766197904,17959.44159346356,21080.69323005715,1413608.8495962496,613054.8327563176,11376528052730.299,64634.88077724385,1.4225614445683445,0.7265067748300984,14490.877888688778,20927.34891660342,25454.655265042416,1929978.4520889467,1027238.4938641674,16587250551351.078,57738.25903329259,0.9953675451238221,-0.744401120346561,13814.39006699358,20676.366690292776,24866.63452167381,1668643.6343711654,584848.2593083055,15829747518323.19,58931.15283550496,1.0040553177208176,-0.7705831799571419,19373.16079852524,24752.288379998543,31432.389972321962,2433702.0596825504,968224.3935525968,25292675567926.426,56937.41744075842,0.5459443799735696,-1.6210992817444125,3606.2557050535615,5671.67529451684,6721.084797609984,436901.0618716488,154068.9419952485,1156428309930.5994,25404.12759517563,1.8230882998410507,3.2323938717880276,19727.977760303325,25015.13333723234,31858.27996597643,2459167.7961840206,927015.4565569131,25982720061197.695,58077.008247643345,0.5099589097847274,-1.6849221770298997,11001.150959436865,18492.878206584133,21517.710537970186,1242666.3329381559,159028.0052122001,11853103789974.352,63107.58454734019,1.4355074613657366,0.5141975376755061,12612.624665486199,18592.47355210349,22466.82829724967,1612851.623970807,751051.3148293765,12921814367695.324,56135.28124181891,1.1279438366156846,-0.3299537428313588,8421.270401564823,15853.236978446192,17951.12581068512,1056041.9028562026,625990.763619592,8249418697498.764,62168.51789830743,1.9053662218665712,2.3740331305001856,62,267,329,280,0.4798113545552731,5,46,46,Jumping Jack,darren,original,True
697.0941263933707,1871.0273496229065,1996.668115658948,105410.20292621116,89358.52996788175,102059099240.67978,10156.446065088854,3.160578248885349,9.49559934497733,1377.3161582247344,3065.415068082551,3360.620380128421,198980.88118849267,142895.43133966535,289120495086.963,19208.165356663212,2.4596947334881287,6.27311848321261,3675.601183505905,11521.915531825454,12093.989481668594,470314.8881414868,183977.4008944298,3744373288517.3916,61618.20731677208,3.343671646816568,10.214392947922907,5690.9132879128865,15171.80371283483,16204.01561191954,860059.8110783958,743161.4430593387,6721795121954.104,58008.7119395114,2.7079311968177247,5.6423009429806665,6998.945730127603,15371.559739958559,16889.940502334113,951576.4010595307,514684.9006503708,7302914308413.09,57425.55017149653,2.199457936180204,3.5210320404588957,7449.165886513047,16644.45268083797,18235.34692429634,1026520.6191776401,589827.3292735949,8512713662705.764,60337.20287188563,2.0807229306477875,2.7458137532229747,11486.207543476943,20103.667311112124,23153.626132588925,1647424.8345618679,1143842.5742264923,13723914319045.242,59739.22143781168,1.228224078360204,-0.3723334044527129,1119.4926902437724,2733.453709055468,2953.816694220942,163365.87912757488,124157.6669433177,223360846414.29327,15280.750182797283,3.3142943926873776,11.57493905629088,13497.612624708792,23387.55383331476,27003.02243958802,1942996.526335598,1369956.206043867,18666578454346.094,56950.8189520208,1.1573964225682436,-0.6561933735828918,8258.348119835073,17494.576317225747,19345.813867284556,1247452.8791852652,1044055.2017255168,9581069163203.059,59184.090878164236,1.8826650941101368,1.845558138536516,6880.580815578302,15269.362261634205,16748.00932160963,996442.2170765355,740149.7603711223,7180692895660.111,57486.19322222626,2.2623200817732787,3.884427996566872,6294.273130772328,15088.2231991941,16348.466397600161,948961.5284400344,794732.3602709022,6842172250968.615,57140.14194901814,2.283076317428883,3.617312625172035,40,49,89,76,0.6711232488028692,1,47,47,Jumping Jack,darren,original,True
4469.362032824194,10191.44848562109,11128.379002151158,669872.2650216811,544059.5399431444,3170324971917.2817,47234.97720847623,2.4817944345085317,5.490742421095209,3895.699444521895,8293.437263401898,9162.836667977414,581502.390141094,467986.90084311616,2149313940583.2043,35449.97962532864,2.0916108185665463,3.354742381989154,9586.841789983664,18730.336008558694,21041.22198209238,1413747.952590665,1086708.7616900268,11333965375992.0,59272.48234094108,1.5860739593094602,0.8341568185307171,7833.742783413385,17305.99866196401,18996.450081122563,1176286.4420661142,968754.3165624413,9238146961525.29,64248.14617911814,1.930236208351053,2.1383612389504076,7642.467640634192,15949.79155848736,17686.242178522134,1104487.7612750598,784481.7556223336,8007760957371.787,59876.40983705175,1.9140524822731106,2.2493633038042526,6113.401066780292,14545.22476076576,15777.744957518602,908757.4776595061,715281.8650526269,6372793240179.295,57075.671612545026,2.3663366762816493,4.232099715381261,7157.540237415381,13721.404436780429,15476.02410077982,1052823.3080856327,801598.3878696102,6131387442378.696,41659.30134681752,1.4568209725311971,0.25767567323976603,3593.119865207923,7552.449969927947,8363.612312512845,536932.2211066582,432982.3798222805,1790720279398.8213,33154.97355354369,2.0996665112372597,3.6101265508756057,11385.337532764202,21566.586778782264,24387.365089769643,1683173.106784001,1305640.266599795,15225435546155.906,58057.854344189014,1.377650141686535,-0.0745536180130193,4113.568543358374,10476.621108116797,11255.267033880002,624877.1692286882,532516.2451195116,3243034521701.0146,52342.27954572613,3.0319430582723688,8.930314039939427,6906.204077850746,14986.761663193123,16501.475082982048,1036311.4087552726,847786.8064396009,6970846205805.502,52625.54783385555,2.067152557934319,2.805650678138253,5308.999010473179,13456.596790570797,14466.010772746075,771603.2220480262,563685.547168114,5357195972536.459,55465.13883051567,2.415519711016282,4.3527235863050695,35,89,124,102,0.4584146995841732,2,47,47,Jumping Jack,darren,original,True
5700.414768344087,12646.685503115179,13872.035998578544,841746.6668006878,652698.1933863254,4926294598293.99,54142.1748141403,2.315403661652044,4.342317546056287,4771.0011463325745,9192.275174589235,10356.658477698116,694382.234065325,512141.3471553903,2745865595486.113,34409.37442583508,1.6884826861373066,1.3966195167212545,11944.521811472252,20807.324371136157,23992.005935111243,1717070.1726968933,1204837.235124287,14735778529034.574,57263.68475546063,1.1955239309898544,-0.5042731923635837,5662.278950441633,11233.142603278777,12579.54274440097,811350.6040573764,562840.320217095,4051069328850.204,39760.633749757806,1.7198606095444569,1.3511026524721803,7333.213390667329,13865.403531874736,15685.197918253598,1055906.5595340817,748574.0776382624,6298251103610.546,54170.20450948306,1.7043566338700205,1.6797014224145999,7112.501523428206,15060.595284429752,16655.605910388134,1018310.9464764226,702837.8847536859,7101675730999.199,53345.031533875146,1.9847698497896473,2.4229399430634784,7324.389280807411,14197.65574444445,15975.60975282518,1041969.2638939031,703381.1476066641,6533634738548.8125,45092.307536699365,1.6229920266512898,0.9137178049649122,3865.8457857410285,7138.392897521893,8117.96876062742,558543.4848205989,400189.63040662254,1687076270042.1807,23581.77808410984,1.5195996914445982,0.7035508781948905,9672.54213491492,17861.0775253135,20311.970896911098,1377201.8849836253,931857.9058123695,10561949739954.264,55560.53117919435,1.5149383944858024,0.6451549494855708,7721.853886843285,15649.38528314088,17450.796176391013,1106829.5300878203,770607.1431676566,7795975352062.545,54648.02896080253,1.881606229347766,2.046708645741627,6925.825666860685,13933.903591451384,15560.22912632099,964487.6470383842,591496.80664217,6198290699868.365,53950.53453537622,1.999073999126464,2.870852438545061,5410.40352878632,12528.907150768935,13647.19680875499,782692.1271481204,562363.1866384344,4767897106864.446,48724.01755970823,2.2654578251186153,3.74040370883451,40,124,164,147,0.4219486357981996,3,47,47,Jumping Jack,darren,original,True
7500.046413973978,16344.748564818536,17983.36736706731,1039625.7552818935,627908.2379977364,8279078447587.877,62800.50495494697,2.026446513448918,2.627961672716987,4582.318091795966,9506.867749170835,10553.585812160016,674243.8132629371,518448.97578284424,2851281241462.4033,41523.03082366597,2.101611257610117,3.4943321995888565,12939.130505136192,22183.597212081888,25681.376199433573,1861949.8303052222,1312410.0497152277,16884046937518.926,58517.910575924914,1.1591081740958031,-0.5946663529639835,7453.6044691992165,13841.560805135947,15720.846831692692,1038311.4850624518,635632.8614744771,6326912642701.88,45047.07948486242,1.488282774834339,0.4915873604196488,7178.667437997096,13964.006566367121,15701.170197501327,1048514.9290370721,787308.0238259417,6311084686615.139,53697.704941906915,1.7891010945922954,1.9768352124607498,7023.553085769405,14438.225157553376,16055.922385488419,1004907.3066693399,697531.6952967828,6599491677410.0,51366.03974845918,1.9250163703048213,2.22225543557352,6818.62826403016,13883.412987554992,15467.477091822106,1002823.2680562983,764097.0705597675,6124616898202.665,47039.810605988314,1.9034328696460816,2.095851303226577,4481.493007801824,8626.186953214803,9720.84774753673,645218.1231296862,458207.9113659884,2419068951828.222,30831.671269077407,1.7600553538417303,1.7266909897942293,11121.440664202648,19506.55870163303,22454.226213068123,1587787.2013645393,1083692.4203963645,12907322235587.469,53864.33643259801,1.284535705896222,-0.17001750951572214,7923.697380382271,15935.914419288949,17797.14439326653,1140548.505709156,808717.6360390926,8108501723002.323,59469.82175961494,1.9603916654249125,2.544855169625732,6270.5289998365815,13184.251923500713,14599.453165106012,866002.5783205288,513751.32336660195,5456487237635.171,57478.19666739358,2.0640250348238522,3.1253607571814532,6222.554843655056,13475.106802299888,14842.4624680571,897048.679766241,632760.2869556122,5639646518161.5,51935.05912335951,2.1158140435787436,3.093228680780867,41,164,205,182,0.599359418955984,4,47,47,Jumping Jack,darren,original,True
7028.421409439766,15139.231991177727,16691.166909217893,1004314.81469382,691530.6405853634,7132033351459.08,65491.14173149561,2.245070376921932,3.8780414606900164,4754.84348591581,8435.085505151956,9682.933649198501,645283.0520396956,355912.83841408667,2400235623802.384,28935.899370723728,1.5264173156748921,0.7993139883890108,15637.69778183614,23366.253318285995,28116.176590182993,2124061.5124111897,1192730.1810789949,20237296282889.066,57665.074728372376,0.8552720922473083,-1.2062763518930368,7345.766862153279,13088.602261920878,15009.057264327746,1006944.5580954938,575024.2609034351,5766958079075.059,45191.043733979146,1.555907613916658,0.9859199478847813,7481.339313246615,12353.428439112966,14442.21700848642,1062814.70291711,725265.1263299197,5339587382277.487,41501.073535506046,1.332056741030342,0.22041078256675162,9691.902447162103,17329.94916307849,19855.984262689966,1322921.4641035292,749398.3467812301,10093058842628.906,57829.869094334055,1.5527597837824074,0.8526330697412834,9337.597608567567,16934.277694654258,19338.058075701174,1215955.6115406281,546759.4785124107,9573388547563.3,57761.42875491407,1.5306812254451165,0.729010476449893,3196.21585948363,6664.14936275552,7390.986574844354,424211.48218795256,212195.95937728806,1398443073267.955,28413.486676650722,2.029444636117764,2.895939448689237,14141.52478830464,21785.1772029394,25972.613828833346,1906302.077315726,1041439.6348319183,17269162729003.652,61182.56820483479,1.0176547481422435,-0.7475418231839903,11963.280186797174,19686.322239054654,23036.30517526002,1635187.9285296886,941763.787153095,13585186716869.41,60963.0977911786,1.3128605280497319,0.13160766860859718,8450.205295013187,15033.921653247651,17246.007358338262,1200760.138838455,812714.4444869012,7614074106978.752,59983.70903877244,1.758521423673899,2.1174164398193334,7467.72114881202,14370.319808768721,16194.843332453236,986310.746634203,489263.81674721243,6714187534405.248,51274.31393069572,1.7623554993028365,1.626453457477016,50,205,255,228,0.5440217415263014,5,47,47,Jumping Jack,darren,original,True
3859.714356364266,7343.989686226521,8296.479941766023,562189.0462812933,418658.43436220486,1762088433257.6245,27752.93423628888,1.7777795779983374,1.948933039826688,4306.983602003237,8310.875006907334,9360.595660980222,626282.9277974479,462195.10238837026,2243091228886.0605,35828.212058338206,1.9563090533457503,3.012423428168044,13282.520767784346,22648.64574587571,26256.170933112015,1886034.065691115,1266543.148833991,17648294708961.18,58966.09340667623,1.1804912947441755,-0.4934018039973722,6953.490446248616,13396.295480464223,15093.434399962684,1037315.7872929288,831508.6213887789,5831981106841.01,45702.426190755075,1.6484961899339683,1.1115834595515182,6751.619182022119,13492.119091990498,15087.13488941832,1004255.018652918,803789.3938905948,5827113962790.49,50557.61323498483,1.813439681973892,1.8826635486044445,8654.73816518,17061.167385385797,19130.8108887202,1202230.4886403843,733785.2585308811,9369290886655.367,56751.72606731704,1.7536228716851794,1.4582257820711462,9618.267272067176,17550.59916643236,20013.360447903164,1346039.2417958751,848759.5532206617,10253685668292.984,61255.64910417816,1.502515386147624,0.7118515621958448,4669.461765936527,8638.176159516324,9819.468445205132,676078.0130103035,487252.31469257025,2468402189987.3096,31925.86276189659,1.6472265815046467,1.3833947197160317,12536.94353963655,21612.183868022006,24985.22453093479,1799152.960812294,1255087.0777588137,15981092988447.371,58507.4014194944,1.2313743920079756,-0.34023603234993516,8638.927073867533,17393.45540268864,19420.693907090965,1201624.5654473398,736283.792587892,9655381806922.756,65190.27242098945,1.7657002976887886,1.5859404795228258,5895.369049876861,12601.528867851848,13912.365220966189,851788.3806599155,613656.6156149574,4954979994663.668,55820.6923061799,2.167335339087606,3.679092302115029,5044.160554316691,12582.463586001106,13555.882324318409,750543.319327764,595708.9309880064,4704305807123.668,56892.829130298465,2.482180727823647,4.946693194332887,42,74,116,100,0.48980515258050783,1,48,48,Jumping Jack,darren,original,True
3062.2210638209644,8755.14448968914,9275.222524502738,466094.2880486874,399039.3021263201,2202361673703.499,46999.874105195224,2.9725050390035035,8.150792180964356,3523.6514177924064,9378.102532338751,10018.229704951316,541750.1891367108,479429.12916735414,2569342116381.925,46355.42899495155,2.938514775771481,8.130591597151193,8866.97668993478,19389.759666172587,21321.023791829983,1351593.6145857885,1162199.6771220337,11637403021613.572,57820.26305134321,1.763668154018679,1.192934566401254,5256.466693287885,12599.40667718353,13651.940913829865,811316.1195093641,726960.8206603328,4771212562296.366,50632.88215121402,2.301872534938437,3.9420462176837185,5476.8144695021665,12133.057901880806,13311.896588530897,833162.1843735611,711419.7150211282,4536488724063.757,38334.536904108456,1.853772850425045,1.6405445910160052,5234.6901276387935,13757.92067512886,14720.134579396252,802058.3606709039,702443.4623545249,5547068468109.752,61802.84649225892,2.79630349647998,6.83162202621857,5311.964754424247,12823.1267139716,13879.825224937724,805044.758220639,678446.9676815779,4931828435835.328,47999.26399536134,2.2362519674449315,3.403894698312909,3466.6157633020107,8721.669339758382,9385.35779405641,531626.6962898056,466743.0010586659,2254974487614.8574,41589.167909373886,2.7649452400703587,7.125626583076903,7460.187409193587,17043.11769006766,18604.361230039256,1131301.8415435827,954755.4635204691,8860729773511.367,57285.24534315104,2.031364869468798,2.474962848151524,5550.1491187641495,13846.767146698963,14917.677957893453,848501.657799294,737035.3799610101,5696950160778.756,57921.20212855748,2.515925121503106,5.166945897168171,6212.832998744014,14717.632307900625,15975.230659394025,954540.613676066,842074.3173401415,6533324662293.576,56157.20322322342,2.235260126771856,3.5497387814838772,4712.331542142233,12518.693452466514,13376.23842191431,718120.9934560094,615808.2128843416,4580448110589.353,52689.4130811449,2.5930752505573524,5.312380304177797,28,116,144,133,0.6438956359424541,2,48,48,Jumping Jack,darren,original,True
3896.254438103293,11842.18401536067,12466.68042824967,595647.9148202599,515659.33943197364,3978703895042.6475,53774.11551405703,3.0457619594553935,7.899272727059172,2355.6696255690235,7515.854797143948,7876.373068651598,365847.97639877995,334216.29642187245,1588153669544.4531,43090.76432273018,3.582072773957436,12.781244544472251,6991.750404097457,17640.643594645928,18975.691822606084,1083826.4607609692,983001.8612991739,9217968131750.898,58686.34810844612,2.1673041143498755,2.8091040994130214,3194.41124662933,8563.87078975617,9140.24869006478,498133.1497159848,460707.8761654761,2138730140575.5117,36609.19404975386,2.6126348062396842,5.587194945398732,3882.6683547444954,9961.80427127335,10691.709774030265,599464.1149036044,536641.8024076265,2926404042037.6143,35256.94855567896,2.2937071675966565,3.5498119787531914,4717.004975243045,13498.872000814166,14299.289535876678,724194.5696906663,636140.7674072223,5234423839509.307,56376.14635214795,2.839213940060179,6.623983276743999,3257.8983779340656,9701.44563240348,10233.862867921669,513152.7593877949,489449.14406493446,2681137899505.3037,42146.20083672688,3.0398609620601276,7.976576031570506,2702.0995214452946,8421.024991684015,8843.924679369544,420869.0449855047,388191.8757427649,2002304095599.6592,45393.98720469877,3.515706651561825,12.298527363109914,6931.873985044827,17413.404771016387,18742.399597271356,1075756.598686339,979301.3922598889,8992705092193.215,56600.103881843985,2.1313698966109977,2.5929764343409882,5984.568764698533,15806.928525226265,16901.89494408888,922288.1729790115,820487.4621590805,7313255749146.042,61881.15378834762,2.473633293005973,4.571220829834872,3783.854906192206,11225.756130659953,11846.314137999396,591587.1052989167,552102.058945037,3592580061597.8076,52759.14112811176,3.0811285733543397,8.487645651024636,2578.025134786921,9087.498068015659,9446.101562643787,406706.55254131183,389924.7621931832,2284258169133.604,51150.99202229547,3.7315813738538117,13.21039593863625,22,144,166,156,0.7243666562976672,3,48,48,Jumping Jack,darren,original,True
2500.7911379476645,8768.719439268294,9118.354945944979,392578.3088488028,370836.9346009512,2128496561158.1248,49501.32558642176,3.783512846567523,13.66832261338881,3005.9627550591713,8090.803784425458,8631.159711352597,465785.3660242463,422361.0520912057,1907121099849.6318,34393.49986773813,2.6048064724424633,5.384722817989372,7681.885975360264,18784.08764738582,20294.169627829306,1189468.545708591,1075225.2344442788,10543445014607.598,57431.9497126226,2.0462946592152855,2.213790439934823,3585.812186195283,9537.445432696637,10189.254850887408,551091.4455926352,486164.39348289283,2657815409058.114,36909.16646414258,2.5496046527559213,4.980546616599128,4475.60590442978,11837.267956705049,12655.115996726496,695789.9046542647,637191.3172359361,4099890198799.4326,54359.64563869812,2.6812470231699184,6.356787989746531,3547.4387093040104,10558.04333879403,11138.069874988283,556649.114474127,525068.6644274674,3175848973827.1104,50819.28496533396,3.2564593837553417,9.764833131705128,3887.676071451008,10814.636322847811,11492.187956694408,597226.9148837106,525959.6630452392,3381001831218.995,45935.158954004655,2.7390190298615953,6.084357711024218,2526.836394192386,6698.294594252473,7159.053892408347,390111.7348362101,349593.7743850224,1312052547440.8215,28010.602637325133,2.5303439212147985,4.938517636874348,6419.87686210387,15802.32428870194,17056.619590348957,990329.5444500195,884214.6931864738,7447763759356.822,50789.758146642904,2.098815080304387,2.517054828161065,4222.310206047692,11678.163744676527,12418.027698615093,657152.0191238519,604314.1995324962,3947709745243.4355,56245.544518773546,2.95114561382917,8.014034386758347,2715.1141142893216,8519.077814884136,8941.282428693557,428165.0727089153,409970.3670121145,2046631205623.4028,42568.92309743541,3.18745798008705,9.138520583701437,3787.846548695864,11049.715166120688,11680.924052867767,577160.6475829324,494248.6813977751,3492966060258.9365,46356.643010109256,2.879410521751003,6.8127858767942495,23,166,189,177,0.4303085085461005,4,48,48,Jumping Jack,darren,original,True
6274.09228477009,14079.938662603454,15414.56800369336,935298.4324497553,744985.9928810525,6082788012556.469,55678.28725831095,2.196202946578596,3.4836315525086556,3866.7585975402108,7838.056728189789,8739.963119256989,563579.2885640141,417642.36773723766,1955506056344.8916,26425.905835824993,1.7776573743772472,1.5209540225476337,11887.501959048217,21509.106288666622,24575.482826661482,1736118.234045282,1292466.4062163096,15461231517786.453,57200.801058881014,1.29459494746335,-0.24952239624936912,5650.663159006642,11221.272926885322,12563.716020198977,837950.6714890606,659945.407769758,4040882182046.834,45692.85228687353,1.879143502553307,2.4617006401599344,3840.6550019414717,8519.887299706645,9345.539601523318,580597.9485087203,487549.21543695,2235881227357.2,39553.74058741417,2.390434930518434,5.054979837747483,6938.734588427903,14730.564055993746,16282.983605481542,1007828.4791206599,734956.4979849389,6787470210467.346,54494.451469759806,1.9678385251587927,2.3856653362518445,5794.686545872782,13165.622021712927,14384.435872968095,826936.6325744858,564630.4285783077,5296947081818.404,48252.93795846258,2.0975069411471536,2.804539628510854,3492.8861683959913,6726.636200354479,7579.438525200357,501995.60639208386,351173.67795357405,1470665941946.659,24899.167269486217,1.642826931635167,1.1900963533624846,10884.48388520444,19682.58404270469,22491.68966630583,1579168.1785550856,1145151.6362340024,12950428263562.46,55468.053368174296,1.2964284998742368,-0.22674846348691435,9286.386212301553,17544.96341496841,19851.012823445664,1343689.485421529,964610.2642445427,10088005378985.068,57478.44549214866,1.5395064023395861,0.7051653221205156,5552.092226272275,13137.220289522615,14262.267878022683,834684.3778238725,696845.6940252484,5207354496626.628,60222.13408372161,2.6560675725202993,6.507194284382983,5150.598227900807,12174.538727229043,13219.230511873777,752183.2115719893,558048.5124929317,4473550216346.999,55022.19591827667,2.462757293602759,5.052082797961498,38,189,227,201,0.4619061198337523,5,48,48,Jumping Jack,darren,original,True
5805.146882330875,12167.685574491208,13481.554159855506,802032.1809483608,481552.3273990697,4652858945667.004,52883.46642692494,2.133250491863261,3.467901055110554,4468.648855753275,9735.186455789692,10711.800872169726,658750.1489524553,517456.08949789143,2937412554880.413,49507.28760413877,2.518224140203272,6.220632484485867,16235.568144500372,24541.067231126635,29425.4592796339,2201325.107337525,1221644.9031395996,22165955937725.258,57780.651584961044,0.8671161349847554,-1.2139192945251653,7789.28797318425,14419.56662212138,16388.926404709666,1126281.5665177726,826588.0353139086,6876080862694.137,46891.82762998519,1.7258702232203145,1.549730977525238,10772.634408259366,17514.788364714725,20562.525709522164,1418792.4527760115,674507.5682612268,10824127067001.855,53806.76035028628,1.2549946575023094,-0.004277049576780989,9749.930844958159,17174.180527126904,19748.7627019976,1296581.6604897773,650984.1304482638,9984348883451.176,58124.8229162057,1.4838374753207535,0.6390916964748872,10851.615350630891,17988.918407551115,21008.53972058932,1501309.308270796,927838.0085749459,11298783774504.43,48968.422564727465,1.2225725684477113,-0.3210921555408266,4222.598909800664,8353.955249211085,9360.497308309596,615956.5619694724,467975.6132898639,2243044092387.102,38742.59068508114,2.2046392731934064,4.468416476526799,14718.568424624158,22406.481229774043,26808.33186847999,1987861.0921525517,1083838.5769691623,18398378433806.33,56456.157269650204,0.9105514447586331,-1.081253800240604,9380.023431105894,17421.654840061736,19786.331062992507,1276601.2828594858,708868.7866758496,10022371761519.158,59520.93807359016,1.6231967771339106,1.0654303116897168,6990.66997757142,14095.910669542034,15734.171866959745,1018252.3810273322,769100.8758362472,6337642607079.103,62357.264935429834,2.185071390624237,4.10537373762145,6090.568687207948,12601.592866780307,13996.255560459242,865925.5244841012,588068.4445715939,5014916344670.367,54170.79438952872,2.1215418224163933,3.3994937509210565,49,95,144,124,0.848170893217289,1,49,49,Jumping Jack,darren,original,True
5505.830644480229,13751.192691288825,14812.476886687544,823200.1476050781,664219.8261172925,5616882470877.51,57107.0897039779,2.5489382669662524,5.152381341698819,2650.393630946578,6144.075932108337,6691.356772619072,403782.1835276569,346881.1974891101,1146220939736.9631,26666.03658862465,1.9400832044149978,2.209510598746788,11258.898913643701,21733.42816727005,24476.615465573144,1666636.706624738,1297171.6266501679,15337080439028.082,56894.83039922147,1.4244951162298363,0.056515043052695724,5779.043179328038,12595.59778753087,13858.081530060015,851189.271125767,655357.2773810256,4916388446561.037,56912.867274839664,2.2671419451404202,4.528262882755734,5643.123462490114,11460.951227987582,12774.906867105392,835789.6969393877,653458.9137103416,4177875083858.3423,38879.14168456957,1.7444247171026206,1.4710516164483156,6309.559052888452,14447.25070455378,15764.94809259188,946676.3042950537,770654.3025547888,6362459862070.178,57317.80360066321,2.2839916520131633,3.8870075945442544,6191.981089437487,13616.007217948449,14957.816764861629,924586.4421426081,743472.1198138449,5727648828702.097,46601.52697999586,2.035860120426134,2.55600681575011,3199.336325728987,8097.781266112577,8706.883159830095,493942.4011391608,442975.94363798894,1940731247588.682,44098.91070489765,2.6555849519366723,6.774504234518643,8981.888432264028,17914.376868922223,20039.940579039005,1336633.593536345,1060737.4076667589,10280939991332.2,55482.82527958708,1.624159937083612,0.8885559801574359,6678.943183464033,15879.71743563651,17227.12128835224,999551.9727242532,806487.9434564598,7597406921820.133,61253.01567629483,2.388658385642404,4.3567766059202855,6217.610690646227,12585.095724766961,14037.211870666693,915192.5861161904,697891.3230202879,5044308917810.84,39629.67317940048,1.6762729825554714,1.0536789546965615,4907.880013890547,12206.791783945759,13156.48326443476,717875.2242502025,536725.2082827715,4431182128316.209,50140.77909351762,2.3976822834002562,4.274912469576068,34,144,178,165,0.5639777552912435,2,49,49,Jumping Jack,darren,original,True
4938.953756374021,12621.973936966833,13553.873626128847,745980.1425687402,623009.2398115039,4702911750990.621,55285.84468876207,2.6650548990231937,5.977308555940409,4651.843710170188,11016.992699338754,11958.8368180661,711931.0874627628,620994.4993325291,3661152717853.0137,52318.336403964684,2.596766326163845,6.410929977385274,9848.248582745784,20544.54889095424,22783.03073079531,1483970.6401480646,1227435.8701677094,13288102125577.305,57386.0272756252,1.617092523475209,0.6401176263509862,5893.042154786034,13225.604724430248,14479.107920205475,900450.3767393009,781400.8254112084,5366900893822.897,47402.95362778343,2.054032270230374,2.7080493577932447,5081.335550384238,12089.077768579516,13113.572063719412,775882.5203376308,669899.7935019555,4402323770121.2705,51074.10730884139,2.1560512134182375,3.2203017344635017,5213.976383313164,13197.595497650269,14190.210592001307,790529.2424700982,666275.7107611949,5154869162120.859,55688.26396411153,2.52783835016718,5.0625542342484735,4549.9158316959465,11313.537433024585,12194.173334997577,683276.4815909468,556950.4724965864,3806665301093.5273,43555.40204048048,2.3928043818011173,4.179804161561902,2881.93055637247,6951.363158290428,7525.089600143696,443816.3021103509,394304.976693977,1449650521348.8845,32842.64067921181,2.227620369673356,3.68938443166226,8939.713737109909,18864.60343444811,20875.625605965994,1342160.8701171416,1095506.2755349712,11156268657675.852,56384.81016434308,1.6961539039277171,1.0091626718453446,6351.005821926183,14803.122428891409,16108.00138424653,969304.6508178194,836244.6743388935,6642373340029.136,60202.9620473989,2.1515240022646633,3.2383557612803555,5585.059655459512,13603.663509925933,14705.527948575389,860242.535767238,765475.064957974,5536065337506.096,55624.074041977794,2.35805743034623,4.246813114104893,4308.678007499168,11609.970082503698,12383.703464187842,653539.9138589114,552491.6497228781,3925916454116.8105,51337.13132775471,2.774663306967455,6.4678540243558675,30,178,208,191,0.489044355034444,3,49,49,Jumping Jack,darren,original,True
4329.9454017478365,11842.733833783732,12609.471513111212,657687.3860739752,560044.2449940236,4070368559103.0557,53123.25902496661,2.8904256449699672,7.256741937977058,3797.998251715434,8816.201115772792,9599.489196503477,585195.7344181725,521446.62875016144,2359044936544.9463,35372.348513163866,2.1962777553698634,3.502341457040326,9726.408726219803,20294.071627537433,22504.49666029224,1464325.5978099813,1207461.7842734894,12965180670287.477,57140.870622164075,1.6183517711360056,0.6458979048214575,6072.125678402553,13080.09274149073,14420.80221001294,925180.9503395736,794454.3997300444,5323764131336.04,44405.840088018005,1.8094026171700928,1.5211443687620916,5299.659006182701,12012.788139956676,13129.86917213181,804635.5780231361,681899.567786171,4413272690618.809,47990.45638647067,2.0178182923301096,2.537117715783137,5092.996362770712,12847.56598276203,13820.222995039541,771419.0094748301,651368.2210923727,4889563228995.065,57572.392100216784,2.6641822709420078,6.103885202594533,5458.189653107028,12504.91716892731,13644.221769343154,821681.0666984161,676279.2266119121,4765818564890.052,47067.59271125493,2.1593500629053093,3.209702065254559,3254.476994687844,8239.951669227592,8859.369278913653,502861.8542273709,451796.5221178558,2009303654916.0708,43637.92346761505,2.673707193614232,6.673351433623369,8452.65730957435,17845.426653359667,19746.05449282313,1272735.2323065847,1049700.7400155258,9981610701658.635,54030.9606842162,1.6981240735625738,1.016415508301546,5516.308564277095,13851.44734106232,14909.468589407848,829794.8708841586,684249.0964884798,5690681692634.6045,55433.67907762636,2.515178472734342,4.958703356481684,5485.436118197289,13370.204179728047,14451.725475334797,839246.3648278089,730006.6608661106,5346620651889.684,52979.222839501905,2.352713212059164,4.123264425773166,4646.272657745865,11707.217527184559,12595.50681151553,701077.0719406843,581021.5026447829,4061357871076.714,46907.55365134412,2.4591157844742786,4.628784928146837,30,208,238,225,0.4447585627220201,4,49,49,Jumping Jack,darren,original,True
6555.90012336559,15950.408826336798,17245.154918261178,977165.9013899579,779979.929420636,7613321424763.59,61619.8218042003,2.468228318705171,4.660907935130357,2727.624356477235,5822.393321753186,6429.634408210466,398140.299152712,296213.82155050157,1058309084755.0452,24316.11016928679,2.1554613753201406,3.473673771445828,13897.42467950135,23363.17505822559,27184.11965695611,1979044.821553688,1341261.095750583,18917794855006.914,58230.54124365116,1.098754545405802,-0.7662083599218756,6085.94026656322,12559.730035816187,13956.557150700128,901854.2283765927,708570.869844056,4986508480019.427,49726.34230084953,2.171606047511311,3.617378223840495,7201.420451707461,14704.224805679247,16372.986400111111,1014970.0126043933,660450.326471667,6862711901650.518,55137.334996322104,1.986933353841928,2.6792673932452304,7637.360897692737,15190.18888424463,17002.09163075635,1080342.844786714,711475.9941695263,7400220667408.258,51050.09130591823,1.8452112366396423,1.8783634456084686,6999.749761117033,13543.280125991958,15245.22657389344,1018505.4476213364,747165.5128290873,5949873492207.274,51839.684149101966,1.7672945071139432,1.8125605955481916,1928.5859502538485,5069.998736408381,5424.419872640679,285017.9498819893,220416.81542691428,753262872440.2976,25314.3555539235,2.6159365507657824,5.869868354142394,12192.74543691831,20808.97643899274,24117.971343544777,1721758.9580396956,1125251.8047841333,14890919468238.008,56998.56027204526,1.1881415312808383,-0.45747922972205135,7779.683623780354,14230.382657523034,16218.115422750221,1112201.706023871,773213.9166599197,6733498057360.603,47499.209358866916,1.4788289811786652,0.5033488146553022,6748.652224375238,12323.908189683198,14050.730227048893,973490.2889237484,696945.8024554622,5054029309780.619,45184.16517500386,1.5779636105477544,1.113029990943729,8059.953965164075,16289.91631432363,18174.824110517035,1158254.4828729357,813455.6380464466,8456300325074.722,52394.64469303895,1.7566388359805472,1.3721391668751952,42,238,280,251,0.6771025965166887,5,49,49,Jumping Jack,darren,original,True
2673.5360007554204,6317.619664284658,6860.037388374168,395993.0227681185,314474.0975759015,1204738892029.2217,30717.666489581516,2.984753596870282,8.571021615794056,2983.8513025437014,6400.047722166947,7061.443155737082,444969.46931448346,361673.3610935684,1276517873707.6753,29272.781585074274,2.354926856967362,4.9496804843568984,11586.372014697345,21096.866687056285,24069.104687843854,1632514.9570655606,1054271.8466217674,14830638092144.307,62455.40286006929,1.4219906987388418,0.25059610769015706,7467.04814392416,16848.933935102395,18429.41623419272,1071837.478570625,786284.7324818124,8694870597968.028,57529.73162697475,2.02640101997927,2.3290318643193437,7017.667728917341,15183.4374348632,16726.757985093616,993387.6557147121,662886.5971680844,7162481476912.461,59184.18388063213,2.070969640171047,2.915180151541551,5569.264322350633,13367.986409263814,14481.704517440952,823915.855611279,657544.8708151877,5368826002700.023,55483.283011134714,2.571193170813467,5.387916606653299,10387.472251946625,18163.27977066695,20923.773842509396,1496185.0009636173,1060064.9604557538,11207790382399.5,51842.799353062655,1.2701938928250023,-0.20825611677689038,2427.3960403612264,5112.715627805535,5659.691919845841,360003.18336335843,287441.5554498065,820022083265.7485,19405.14749512603,2.1070672933717267,3.0802405320596797,12404.383455127681,21668.14634501461,24967.524805851608,1778786.7494531963,1236872.388695005,15958458750228.879,57585.455371866796,1.2532360701684766,-0.3032281700124613,7303.822138926841,16467.149546331246,18014.239701367227,1101830.9140012905,926996.2626595164,8307528499668.869,58490.370991042604,2.083970247850852,2.6603155070415916,6840.091940542993,15324.861983912577,16782.081294674095,950269.1917870617,603320.8360649826,7209939266074.884,52992.79944179849,2.067649054804374,2.560137359165183,5895.710500197613,14525.253123759108,15676.172383953113,887281.4638115059,732037.3730074611,6291004943652.204,58815.78633176609,2.341183378333433,4.018326779398855,41,57,98,83,0.6596568992868793,1,50,50,Jumping Jack,darren,original,True
8665.337656788804,17551.686781551976,19574.212259599833,1219011.1751499588,785005.218448153,9808634510947.031,61485.94251906455,1.8836303495532007,2.0519606484886195,4453.403099426849,9189.916308671887,10212.118336876938,643992.4741609243,468029.74006830854,2669756439715.2812,35662.117200638364,1.937362101069021,2.424345316505824,13146.919111148713,22547.559707403525,26100.458441836116,1869289.5970178454,1254485.7904000438,17439588630374.762,57742.22332870597,1.160777603039842,-0.5904918578288116,8479.365224259574,15363.35436132082,17547.999653461877,1182561.8022847467,728556.8719048792,7883066671050.189,56549.400029162774,1.4780594945051653,0.6380511399033404,6335.807856921846,11937.125856854975,13514.341823493598,903059.9091459187,611666.8348876131,4675518334009.042,40491.44972103208,1.58223530241099,0.8256517507366796,6903.516974020895,15171.184427834814,16668.03478380016,1025256.3371429096,813179.4569363929,7112278618981.686,59412.24559648423,2.1475538151831937,3.269855838265946,5892.056235012715,12233.888081879031,13578.819693791283,872856.1105527183,683037.1764226247,4720239213478.248,43121.00073961309,1.9493615004029319,2.2471828773067326,3824.829822202659,8564.466748362274,9379.734210126313,571994.624011871,465961.90321261185,2252272994626.9155,43739.854604032946,2.3980271362799113,5.396676554397715,11062.90117982933,19700.84026472738,22594.488036929994,1605198.9005448788,1165257.687884011,13069078775064.898,55752.300329577716,1.3374984342007579,-0.029831402799003648,6131.970837550265,13417.620462914962,14752.410150189062,888727.3705085099,645994.9828713943,5571420294128.672,56149.608274207676,2.142689451766858,3.368071512978008,7164.036770528108,14199.211580717238,15904.119980792817,1017238.8666677538,687532.6952344876,6475290428504.405,54113.74884376256,1.9090873826706534,2.4165620721256387,6350.390639952304,14136.670567120504,15497.513219974519,883899.0897376549,541853.4717786602,6148426649684.095,52772.26859271521,2.127979429950663,3.0502042869144717,41,98,139,113,0.5861132248360724,2,50,50,Jumping Jack,darren,original,True
7835.958798774984,15582.380698506662,17441.6982696437,1079901.9937128557,633756.5993714521,7787848666349.877,57202.54830681242,1.939881624065975,2.463283498945504,5436.2155434803135,10391.072964370172,11727.183668129435,759662.1890940944,476608.56468453555,3520687021722.667,38198.76461347421,1.7460635257410289,1.6285539224941594,14782.648329057509,24394.21486256757,28523.751688403463,2091712.4559802024,1383151.5182159739,20828272905771.504,57858.876636575435,1.0460348446853656,-0.9016654670897384,7103.879204233805,14177.754301270415,15857.92599224556,1023016.117462755,733863.4099607102,6437729709453.756,62192.49600037471,2.0934807392620205,3.774623987367633,8151.924360481082,14530.871704417836,16661.335578796068,1169208.585680051,813927.3875640889,7106562643692.945,50165.56005144957,1.4720223254731268,0.6316370594249134,8343.739847487364,17318.757981442286,19223.87506883873,1131703.290168835,614225.6163486536,9460668740155.373,61421.80400005153,1.850875137458609,1.8044421110385462,7000.671999315619,13968.7184610627,15624.804123138172,1029936.6908812933,788580.8602485267,6249843299492.75,50721.48763592108,1.7940161469849865,1.6729902715005265,4511.846564299284,9207.9745928507,10253.953165602194,660846.7118244476,494510.9705513037,2691675021372.4995,42934.21256846112,1.9884084489205578,3.071621272417226,10612.975071447674,18495.325510680592,21323.984280926543,1531975.1928747827,1096220.244278175,11640635023697.977,54707.85999220837,1.3265781523129312,0.01912593630068482,8401.020124958804,16933.839904012973,18903.229169501832,1181893.567181777,770079.3358445422,9147701069688.447,60293.52821596229,1.7896131790125922,1.6438169748961968,8546.435703201787,15859.80601326841,18015.965419801043,1221365.604885947,849033.219178515,8309120256191.156,56096.11373624458,1.6489146595812205,1.2866358835029486,5451.373053994032,13166.931578203286,14250.808937000702,812062.8715305813,647348.913284322,5198990217187.816,54554.4059780515,2.400624030956479,4.442248045671645,43,144,187,170,0.5006691447366103,3,50,50,Jumping Jack,darren,original,True
6431.956412940756,14146.411351063563,15539.98125518399,929744.8126033659,664570.2326285549,6182170045733.625,63153.18222998437,2.393899296799461,5.209042425110175,4021.0079828068674,9435.187585442489,10256.279538423503,613966.6272998066,531140.6550953961,2692896511239.285,45660.57121612186,2.314000090003122,4.383568776206979,10650.293602745009,20419.201500967236,23029.818578568393,1563874.6717316029,1182226.3350489635,13577537120301.414,56144.28611960235,1.4541159138165012,0.23401651752818875,6785.381933592976,13885.53485847152,15454.75610582573,1016203.7496092049,827271.0317561714,6114546849038.277,55764.32075956489,1.9132877857921515,2.5308260394073985,5311.656543634717,10555.437595646212,11816.55440782629,779215.4372714619,587758.280483878,3574552526671.8447,37012.14492965291,1.6882006728954821,1.2886789492996442,5920.1850761211035,14391.88217003289,15561.968504390365,866916.0876804118,647619.1430387624,6199676511529.924,56679.074845540104,2.4124222903351304,4.43555828042688,4738.602774724501,11243.513243110569,12201.2682252555,719130.5494332825,609014.4668044699,3811096225398.5146,46289.84476438796,2.283068141261445,3.7800917939813177,3583.6422394646506,9293.025717824485,9960.061179160624,556756.8660087646,508845.52796220285,2539592158531.136,48980.507265626904,2.9217461207648,8.385279111342,8692.083514397724,17371.95419450168,19425.16688106255,1290686.4652158031,1018961.5988286795,9659829973942.508,52472.89267113224,1.648398201058415,0.9567027887223194,6147.286953202476,14149.469383471378,15427.139097020136,919911.2778507409,742477.8142905652,6092713490401.465,53945.50877750803,2.3287677700550065,4.090015767328886,5802.490491513286,12630.683643107992,13899.750544393875,871807.3621850488,715084.2849354151,4945998469027.2705,53426.487761412696,2.2355631633680053,4.0240314626640625,5617.798210129939,13365.3349021228,14497.99412938359,843253.7555183105,690320.656807724,5380910944656.41,52286.81464252534,2.3299685419971543,4.031652824279834,35,187,222,204,0.637029524811895,4,50,50,Jumping Jack,darren,original,True
3597.0017910727374,8777.812474199382,9486.222310129084,524691.4452219385,401249.3124683822,2303703391160.0835,53443.471368632236,3.215043881354097,10.909123967846398,2884.062818549241,6277.646401134269,6908.448644884917,424820.3239784645,330155.1111465915,1221802564582.7134,29592.579471914913,2.2581440753265043,4.063145905804296,13310.039430689149,21982.979047938195,25698.414687847762,1857526.9957580573,1158543.4072411654,16906458047195.893,57604.821505179585,1.1029196432795931,-0.6852098066060925,6366.051917092005,12290.936187325127,13841.738668679202,890119.9773173931,567562.2499216426,4904799471923.432,43867.36624039817,1.8085590192697978,1.9276055721352456,6725.573625365035,12829.682093844673,14485.650942202234,939516.2298102556,594839.871064263,5371752530414.706,49476.509726395605,1.7608226299969822,1.8502226184698616,6833.764493615202,14770.322531957085,16274.604906179287,1018308.3710796299,817637.7858305691,6780486780217.215,57744.695341241786,2.2503044144324393,3.808339182993028,10009.008665097175,18047.731174652603,20637.36550557066,1416982.9101925106,950442.6933973732,10903061888269.252,55463.17212045125,1.4246860631379745,0.28323834424200367,2326.1015478664135,4979.114195380376,5495.664343973792,341021.10784111597,258670.5390803833,773179560489.5972,22497.78403837263,2.2691013007483942,4.18040361944819,10477.495668988513,19627.192442577845,22248.698808506935,1502112.3236442246,1035729.1103374425,12672117725994.441,59443.50623409406,1.524297400114332,0.5779262443733177,7347.372417022556,14379.925075324909,16148.254599379523,1074996.5063413917,805465.3426994609,6675612841123.377,53552.50872646101,1.8322198460504047,2.081059379471709,6314.039585053188,13705.975311303784,15090.422628796301,915357.811294529,671357.3392154127,5829653890961.599,58363.58679049416,2.4335625478015603,5.1826300636005165,9385.904910771525,17535.178871592918,19889.135452623465,1286792.4461692234,752466.5811787245,10126789351751.771,57675.03773504783,1.5102674680739596,0.5844594535515695,44,222,266,240,0.742816978662678,5,50,50,Jumping Jack,darren,original,True
1198.825653573106,2387.680414571293,2671.7411382453065,162952.72118413768,90095.05163591662,182737938170.68353,12960.953196994236,2.3876650816052805,6.151035937568457,2421.4978905874386,4650.1056981597185,5242.817471377093,357513.7821123471,280201.0190001143,703670656977.3284,18906.480606539368,2.065909681251266,3.4342386317323452,16019.668574520667,24491.4403220961,29265.345210475134,2192349.570366591,1266875.1124692836,21925387015379.96,58669.426320897495,0.8785935547743288,-1.2194140371347286,10126.871074662338,19024.747588079597,21552.135359471307,1379594.9153105721,756918.7776058455,11891060186956.12,62811.51012294437,1.6746161248487357,1.1926891148524277,9419.093168004963,17860.932489554925,20192.380382312444,1210316.7317109914,481080.94379966223,10437944972902.312,59428.87631700672,1.6739484851124324,1.15773462048187,6014.716155249863,14698.20832524148,15881.251159792846,896488.8643233078,752020.3905259764,6456681943050.793,56426.72666819068,2.59101962990578,5.119460601830982,15489.919310454017,23705.619410925745,28317.732817088934,2117066.660481385,1215568.1532641586,20528486192640.914,54309.13118353615,0.8847411330130704,-1.2010855013785544,2391.3416435953236,4355.865029426612,4969.112094828903,349079.0991301822,263580.5884197058,632117120280.957,17047.157982823603,1.9031798541137668,2.7603539136280046,16418.08337712268,25104.296202013353,29996.31893377209,2259900.645301326,1340432.6915232665,23034346229160.29,57654.02305011551,0.8789556061985645,-1.2198972504571848,8321.163549345718,16894.873736358986,18832.91059243028,1201915.69959894,889285.489334755,9079770147391.297,58237.528064745326,1.8644797383563403,1.8655917484051718,10908.30680361596,17692.622895207915,20785.09230756143,1477758.0066434457,816441.0897491043,11059713593186.547,55870.51408750459,1.242922511582257,0.01954021382934501,10496.875108160195,20097.08975238631,22673.27509540216,1551870.8014418718,1215871.7429865885,13160381530925.67,54731.91023878672,1.5205460208935955,0.39497309305004924,48,36,84,64,0.6374282535159953,1,51,51,Push Up,darren,original,True
891.6059335034166,2299.24585051281,2466.0682516424554,132978.6531605551,107689.02986540653,155686211117.02722,13104.244712735212,3.5675655130214965,13.30444079388414,2251.6055451441634,5091.395506403317,5567.049104646719,341484.96778447094,291124.51513890934,793396114778.8245,22934.901882735077,2.699586907446786,6.706393155993421,12355.240810272042,21640.524756439623,24919.1550260816,1790466.997380334,1294873.3512484806,15896685752675.531,58497.928209216094,1.224704551084,-0.411432437727866,5192.007498560595,12686.104846262033,13707.45045715878,756601.3779941343,560685.3253937868,4810091469707.84,65218.0532899272,2.7995039422715724,7.500831317691935,7766.254879864144,15389.293075691066,17237.895933916257,1141179.033944945,867983.5560043177,7606913439450.282,56648.595112335366,1.8424266758072902,1.9985033573101525,7041.870104777125,14978.595401530347,16551.3218437471,999774.8390807485,663869.0224653715,7013024122247.678,61085.265402317265,2.108053592732268,3.258676834424696,13139.493936731737,22775.65141369328,26294.041116410357,1888449.7541020007,1322882.7249796372,17699240914725.85,54224.56932145423,1.1598413410222193,-0.6472972705931617,2356.7990256475255,5179.473980934999,5690.470311536277,353868.4720559797,292555.05472568,828965180581.7798,22497.911912234085,2.478103968724219,5.381557453607822,12408.906707453763,22244.48923025221,25471.518737387796,1816149.5255698492,1361318.6233713431,16609235629800.896,60957.59581570047,1.3114665691915521,-0.18298654379618595,7543.391460341363,15935.65637695924,17630.87912976754,1063811.751882,694543.675608078,7957706211544.902,59952.72218570766,1.942552495259094,2.2278527891541655,7057.247816471357,14538.49228392697,16160.832423885031,1032994.8308096952,775656.5606294887,6686016118602.079,54809.950428208904,1.9725056598444792,2.5714293323325474,7145.976077141534,14904.874731923479,16529.375816086045,1054425.0877003232,816855.9657624408,6994438780656.898,54998.844499244406,1.8449991260645844,1.7911730308840363,40,84,124,105,0.7268349348665285,2,51,51,Push Up,darren,original,True
2480.8796886590835,6314.135949334075,6784.031015279493,377332.5496627755,323190.8811387273,1178190766496.6172,29593.355842862064,2.770618914835874,6.7081992606638465,2342.2132070054195,4943.640404599602,5470.424403742395,353744.33559449844,297021.89930410794,766093904820.7446,21054.55830808295,2.3307743536836987,4.725493266126382,12433.34471102386,21687.042383615793,24998.317304408563,1799310.1330745372,1293332.056453024,15997846222128.451,57041.56487168147,1.1983309417700123,-0.5093932083876829,6401.100868316836,13607.309121927068,15037.717708018268,944473.5937525737,731192.6979887859,5789003618970.782,57208.884944602425,2.236005233442851,3.9960712079291723,8586.928424007972,15739.431625783425,17929.446384697647,1234313.3777707454,862550.7749305551,8229505220140.734,54402.3991111167,1.516419426310346,0.7783235250861775,6707.9250365576645,14002.501561361112,15526.3101950205,934523.4362711887,568209.8549510437,6171297491763.139,55426.66490753234,2.1613933802423637,3.5851443748884533,13301.24315946248,23042.515657176587,26606.025584411804,1914314.7839237747,1348474.3608777176,18121743293398.41,53942.101300951734,1.1559096075770212,-0.6620714145623388,2552.514730347425,5196.907778180128,5789.920716516739,380561.3245973579,306641.31029897043,858193456730.8723,20727.143970432528,2.0900974602742504,3.359404456159977,12328.358900976218,21933.492645896928,25160.81343754399,1803724.2590147527,1350119.645486779,16206503240675.691,59937.86597562441,1.2871753989317913,-0.24341640333721815,6038.029834035214,13404.309258160447,14701.473088269255,890284.088342108,701377.6027469747,5533012760706.691,53080.71950139167,2.154111316753164,3.2871596286792517,8034.95973191695,15031.633647513907,17044.371153157837,1188986.476339057,928637.4596159349,7437071052968.9375,53061.46009362957,1.6044793062931688,1.1252708809310832,7394.558919803193,15284.764689887526,16979.50332735541,1100333.9208735665,878919.1486421038,7380570451038.041,55421.18333660557,1.88567106021665,1.990271968294138,40,124,164,144,0.603102418832126,3,51,51,Push Up,darren,original,True
4209.890448738038,10806.119882869769,11597.215377552024,648263.1258130774,578943.879251252,3443082355541.2246,53207.632684004726,2.671323917983963,6.213044462162921,2358.029336463774,5060.990242312358,5583.361405498008,354966.3278694831,295828.5051158325,798052469360.7598,21956.72831938791,2.4776520615470927,5.4764717086519195,13563.892297947785,22790.567844356352,26521.484817757413,1928708.4384830906,1296929.194774146,18006762417626.54,57145.86333006042,1.0961161168104399,-0.7734373820164948,7667.423290099448,15659.599693428492,17435.95258275226,1109631.4198760644,811067.2460098953,7782718527180.42,58323.69416771448,2.1278517327917306,3.484215420054734,8093.446906079707,15532.395244703584,17514.54209676124,1156437.6037411683,792683.7821467968,7853035132396.076,61409.71178297294,1.8400913659841451,2.2867534921873167,7562.164999319864,15486.328873546428,17234.057022552068,1034453.3981138528,581451.1660324092,7603525669288.352,55085.446445926566,1.9693196099770771,2.503942846961219,14063.753397214503,23576.779812571294,27452.754068547143,2003612.8594293236,1359557.3475420182,19293534872272.18,54669.84349034766,1.0806046642553593,-0.8307398491058846,2444.229534887276,5229.991059073507,5772.959769234849,368369.4880400732,308013.55086924124,853172851128.4246,22102.631214877514,2.4366119532386015,5.152249381681562,12733.555490231425,22256.340081187114,25641.530945562885,1852475.8412460815,1359196.8595845185,16831695596345.828,60856.93083069545,1.2754175039332654,-0.2453189138815839,7937.3252842885,16189.299584420352,18030.378634480156,1147478.4196342893,839884.7336444042,8322420574789.592,61663.54770253988,1.7864282877243554,1.6222414401883274,8145.086697868147,15123.054242983668,17176.996447342444,1187971.7232990484,884469.4559278438,7553259697971.582,55942.93493247678,1.730498227132388,1.8587222514675918,7517.331822076967,15429.287779915856,17163.134886106087,1095681.676795788,815218.8697654875,7541073897438.0,62374.41339592197,2.0027051394941244,2.859790717956951,42,164,206,185,0.6868118176040313,4,51,51,Push Up,darren,original,True
3925.458417244115,9929.558065801883,10677.328653162454,601797.6815266579,533405.165669701,2918536887491.6836,44088.054322795455,2.542369595908988,5.046661518027154,2515.6307142318205,5011.47672690817,5607.43228891163,366209.6410102575,276400.94608835405,804948399993.0552,22424.762813599373,2.4445455829785203,5.596826346815034,15781.551518638642,23824.572303691075,28577.396903658835,2149541.932394817,1216243.7647876155,20906690913004.79,56117.38033817145,0.8598353740159955,-1.2344266271562225,7442.138918079911,15203.852601529918,16927.568212978724,1075286.0799890202,807737.848199424,7335489679489.219,57706.453816716436,2.1035521979370477,3.336791887611084,7529.634241608156,12536.528067152489,14623.950485108327,1026967.1583229016,592545.9706618618,5474814151447.043,44563.1089140569,1.3833239323214528,0.5105150569473826,8201.623009154084,15381.985435195555,17431.927487023742,1072993.8394139514,493781.1965064527,7779125655369.06,58624.93735389259,1.8164754622553871,2.0529826508144264,16434.0253640379,24738.50954623021,29699.680877658673,2242614.279183795,1282933.084867249,22581018732409.96,54876.13871955198,0.8416667643843297,-1.290194040524531,2724.9369665422864,5319.857152124463,5977.136571188455,394266.4160071344,290899.6186761619,914589736720.3448,23058.777747669377,2.308190313448798,4.825291628600644,16272.237163176818,24678.034035027256,29559.957140169136,2227734.477952119,1292936.6765800512,22369051292893.086,60865.20119419111,0.8821506698234747,-1.1786489253808687,7300.386248179595,12917.430176348807,14837.642728326375,983794.5495924013,534975.466108871,5635984428376.486,54963.94522904638,1.5865486057355693,1.2650096226235785,8641.752634862354,15312.29534832139,17582.556055260433,1249227.8329566855,908922.8881667961,7914144702371.209,56260.24979605256,1.6814219914349504,1.714995413078344,9210.558671932371,16728.6614702174,19096.662159504333,1325995.1875414683,960497.2412093808,9335872144236.664,61479.778049579974,1.612588855614527,1.2242892445281282,49,206,255,227,0.7222428088807308,5,51,51,Push Up,darren,original,True
1933.1949399293953,4584.402106087162,4975.337711760381,277747.09354107664,194959.73066961885,633702024859.2646,22442.05961899285,2.7630460700852555,7.1744753462995785,3852.4372564593928,7965.433613468913,8848.130054736808,543873.6008164643,356153.82710172026,2004208779917.7412,33957.081744265444,1.9604876014859465,2.60583862665011,11448.056213716161,20888.964214359406,23820.302622368028,1618590.3059708849,1059628.6320831499,14525614515742.541,59680.04329627861,1.376793050560788,0.010432446002122564,5077.298859567212,10824.36532879336,11955.9963399353,712730.60446766,453869.99573657464,3659413721101.9844,45761.31595163296,1.9625110153650462,2.5491068562837285,7594.422617359592,15818.039660132523,17546.67015648805,1082706.241244756,731799.7860106081,7881872219663.062,64651.52866291758,1.923610764288286,2.385911185093815,5767.2736544655945,12469.987486149332,13739.069594052353,871965.6361508487,734057.7893500939,4832308052741.475,54122.72906595124,2.262739361075424,4.209777266034356,13015.074011578079,22235.794630178345,25764.75721528001,1874551.3390662232,1327081.7525744888,16993861487675.473,54487.34706592513,1.135367213111874,-0.6844506921958668,4053.0584060933093,8734.363658242399,9628.935089490902,576758.9818960795,390537.1335645504,2373539608515.306,40633.33195242168,2.2868375768005964,4.691967125455543,12652.257750435354,22438.00300002349,25759.34014707121,1793762.6016909094,1187601.4405934075,16986716283200.371,61809.157979950905,1.2989960860278993,-0.19739016654486763,6304.38561649095,14013.707850781173,15366.498811650748,893496.5698064006,598340.2987514328,6044909714648.675,59152.87853575965,2.120592921795972,3.241559128751849,6225.140768880381,13116.54735518413,14518.821994678645,889087.3509601314,607508.0721498491,5396382518097.007,51428.16569312113,1.8930419144389719,2.1449095635317876,7007.710842912862,15746.586230385876,17235.515343872274,982176.3428488165,653285.3246252891,7604812522722.73,53349.0037506042,2.041249245472775,2.4218813644486037,41,63,104,86,0.5903437638003989,1,52,52,Push Up,darren,original,True
420.57818457973553,1013.1613253096701,1096.9876391498826,65010.31562695746,58456.0837724629,30806576139.459404,4025.5449537855934,2.1743980327296693,3.2084629458522693,2639.7245681132167,8005.582890590692,8429.561270529975,405830.25848540914,358642.4993769814,1819072082268.6443,42509.68723672499,3.3795647313948765,11.130627572314614,7044.536438149298,17131.73067402474,18523.54419423382,1080465.6714280269,947785.4278149268,8783915251602.775,59386.29870036264,2.17186365122225,2.9880221962187035,4725.527707293346,12677.896939696902,13529.955023058028,736440.5171081972,680207.460459717,4686327882904.912,55520.21921471699,2.647234829329941,5.729606290909571,5165.904084898934,14250.963929884867,15158.38177198526,792356.1025161177,694400.8431394701,5882279371398.527,59531.09617721625,2.7909465402550624,6.458323076407945,4222.920931052415,12732.355801001037,13414.393218972129,665734.7646736841,636671.599757438,4606616203090.06,59016.85976487702,3.1446828353925733,8.730275381429063,8140.864381871102,18945.55491314821,20620.56555604457,1252283.8793853188,1108571.1461921649,10885317730588.973,54626.04062875855,1.9051129071906574,1.6490360275989602,2154.1182700800987,6427.624583685901,6778.980993504571,331429.9719671065,293354.5931192861,1176437332743.5835,32725.6717347258,3.1812790963332844,9.414042885262846,6629.744983201426,15850.901427990324,17181.51898471582,1015052.819231876,884902.7531637211,7557237622327.044,54789.57265332062,2.0926013718879544,2.6373560576427186,4695.919524080038,13492.137770367515,14285.987602935043,734408.1765357247,685350.123357475,5224689709855.072,63504.23137830476,3.0268517254759923,8.293069438303014,5098.594320749416,13375.591478431441,14314.40223849623,786802.6025994798,705136.6972316012,5245494053003.927,53455.70458808184,2.623428068882557,5.544285114223451,3388.3716749454993,10339.19568883371,10880.258733117082,513157.21991945175,432156.27141040645,3030528770549.005,49562.44804305071,3.3365501262166357,10.361093150867704,25,104,129,122,0.7684361384340469,2,52,52,Push Up,darren,original,True
422.26084852764143,1186.4720850813783,1259.3729522570495,66249.81949841467,62423.82327211486,40602117961.6419,5263.169521354214,2.765431245455946,6.497617413307726,1647.110183580705,5296.2485182886285,5546.460161610264,260567.3551518246,251807.8591247192,787538440302.8416,24542.014888293776,3.2684533269510436,9.41562814899838,6537.744349126815,17373.268827107622,18562.66605079909,1017596.569646024,934946.7737555957,8821057815385.322,61807.49330609579,2.309171815892341,3.422270401836503,3925.8662045301053,12195.211423898028,12811.541949720358,615398.4355174084,578753.2475532703,4201871542513.78,52999.63723883208,3.119582688802701,8.25132137388805,3607.1953377120612,10206.802423645482,10825.464143386505,560054.4972498587,510599.7942388959,3000081252345.5215,44858.310586759915,2.8008199049671183,6.690084512784672,2682.7772323361364,9443.89816168343,9817.561110916948,423488.3398686632,406778.6169578166,2467443357864.6733,53278.091040510706,3.9398207668498597,14.91474673790276,6221.0076965215785,16490.960475661774,17625.342951841234,968936.8839978634,892097.7489732013,7952709482752.496,53110.66833866867,2.2849397146853527,3.25425613271082,1645.6298468889095,5239.31391686969,5491.676238861504,260226.7210647591,251172.51181133656,772057802559.3865,23403.808949517013,3.2051537329796567,8.894170182277163,6706.863267824968,17789.577917277216,19011.86727726072,1046008.7390087327,967154.670928625,9253148092625.328,60983.79955127316,2.2910853840030163,3.297668917830195,3263.5294287527463,9208.213053932692,9769.432531060937,509974.3977975913,474429.68497984554,2443310386661.163,46086.87832735781,2.7699596657407555,6.554100858918021,4569.292842311191,12722.941127264472,13518.567527908937,715283.0921407087,669359.891687861,4678442700969.83,52009.78472181582,2.6776000260334265,5.7934916721450715,3298.1704685687882,11557.409634488886,12018.803846436458,522104.5362706423,505757.59064504696,3697962135017.3643,53588.28695882588,3.589486902641861,11.365797934245652,20,129,149,136,0.6457099171510016,3,52,52,Push Up,darren,original,True
338.01545235226797,882.900458338286,945.3928629743633,52100.930976030264,46385.21084445601,22880452233.289303,3279.1287511377714,2.4113844815662415,4.2185425618270065,1864.0034537951385,5551.872978968308,5856.432570290436,288093.3180314585,258630.21317896454,878023742729.1814,24348.953409932245,3.0405244833811134,7.931927728121114,5586.343334745373,15349.76669657133,16334.70445073386,864765.6054606286,781425.8797704504,6830657779016.309,60057.608938616555,2.611984611437782,5.199448729873831,2512.1774744972945,8227.172669960308,8602.17448118285,387908.4535647262,347720.51626804034,1894333588600.6638,52956.627715241586,4.166845937292977,18.651489712747203,4334.40697228864,11470.032304151104,12261.67708185525,676372.8967027122,626773.9904737426,3848927356408.174,46762.814985413475,2.5221640992014676,4.978111400384791,2522.54340887616,9046.398992942726,9391.515319115424,394362.1645934539,368335.8564262891,2257934335723.001,54573.39633873031,4.469295388856901,20.147228271289183,7194.267268916212,18039.254529641257,19420.921335554132,1116510.9583493676,1016562.4689883778,9655607949357.61,54262.857525794614,2.114938492734669,2.4900827024635532,2281.1637424368246,6839.723151192614,7210.0985294771535,352206.8190403182,315272.29634617566,1330829332602.0762,33855.85450596866,3.1281977547290474,8.846089189293723,6561.568566553868,16997.454313654474,18219.979012017517,1021363.2559395084,939097.9235985294,8498371461077.985,61240.5007536553,2.3386096876797664,3.743309124556599,4011.277960500134,11946.703204708423,12602.145386313578,618874.0868745007,553358.1253133347,4065640149447.285,58418.0570801243,3.2904208692856476,10.241195008904647,3024.101150945948,7908.987718895036,8467.424313732312,471552.69850416615,435956.83747068193,1835450227424.899,30963.657850043135,2.44466704451436,4.503066588145176,4756.329276917124,13527.681730411756,14339.485387899213,746136.2474483608,702569.417589549,5263893534458.24,53939.23549661444,2.628507334135132,5.185796607324294,22,149,171,155,0.5977450285912389,4,52,52,Push Up,darren,original,True
652.5774854679869,1235.7767525433956,1397.4983208098754,93146.00637572324,63291.40644491465,49996839850.6604,4154.456873747045,1.5674680604680569,0.7992210665731729,3295.8271170769904,7006.30630562023,7742.79048107553,468152.4673706523,313047.26690013224,1534740593506.1462,24079.50772784468,1.940176308089098,2.172083601584828,11803.174684788808,21121.236205838995,24195.486180328833,1701025.8777261244,1201611.148185718,14986791718463.578,57486.60376495025,1.285979441039264,-0.24610110957330678,7414.405074672398,13747.479885361608,15619.43039325538,1068120.5605098535,756883.7498392621,6245545108729.598,44100.78756336279,1.4988827194300174,0.5920364237535347,8592.772717501914,16156.328582198774,18299.25398016592,1260157.0028365743,951571.8082913897,8572485023503.828,59246.73938035077,1.6320593904012552,1.30646828862732,7113.131129483276,15735.447820207564,17268.49595557468,1079283.3589351478,923797.6386174222,7633944385733.094,56702.61227969844,2.086638046204902,2.835025376602535,12606.009480600364,22236.897737505256,25561.51591774738,1831954.1344943156,1338789.1915113633,16726812057939.27,54397.017032444535,1.2036911616878876,-0.5362809949797014,3586.5263033146575,7947.226731736268,8719.035706429435,515572.7376503035,362603.7504102019,1946152541439.7808,35200.12266432897,2.1164274258521028,3.2658396610473837,11915.378603855876,21864.36466020149,24900.335123598117,1710913.42009084,1190869.0097035524,15872683245247.848,61799.08676790065,1.384652311198024,0.04412808935092016,7157.405006883736,14308.890638041536,15999.149906291805,1027719.1848036412,716679.2954807859,6552903621734.324,55920.611505903165,1.895581525572915,2.397869353427571,6399.057166416398,12012.63144682585,13610.703394620512,914300.027311553,623757.0311039494,4742431920546.158,37437.82919121535,1.5475081895774694,0.7336496238967842,6089.607219229244,14044.75981120574,15308.12183904181,892722.115113758,695737.4708520746,5999068012517.089,55586.92410006802,2.3482566773687354,4.2186598494309555,39,171,210,187,0.5876003235217123,5,52,52,Push Up,darren,original,True
729.0077348245297,1447.6853747248706,1620.8779169407794,108358.26652561495,86523.17427339357,67257477673.63277,5452.905354593609,1.918852264960367,2.507925799149426,2293.7326669151325,5048.071925932621,5544.748841621475,346928.47178487136,292524.6943431475,787052536746.5645,22519.90495432386,2.540381917886882,5.932933600672017,12812.677915744538,22652.421339012773,26024.928585738115,1855167.5314149987,1335295.324326969,17338800842054.883,59852.10870670152,1.2171111005670816,-0.48821241177197905,5895.709363593609,12371.929892159444,13704.89103044872,836018.0992814297,550968.4755424885,4808295376805.728,50269.62434548016,1.8916491070630368,2.181135357125698,6636.51406193088,14484.606537705686,15932.581254974119,928230.6432862396,584399.2273849235,6498486923426.626,64308.533754216805,2.3239218124154495,4.540436465970289,5187.32616726774,13372.45620870376,14343.323806542203,742483.9978200829,538590.3061236588,5266712008174.6,54535.24028774063,2.71552605499164,6.068537295558144,12441.043632921223,21962.63318838001,25241.56934985582,1795394.9822370592,1276407.106215534,16310702675035.672,54599.18719558472,1.2086323339439977,-0.5178230052513411,2290.907266140072,4883.0605191211425,5393.749728663076,343159.8413932954,280738.70072774414,744768925067.5972,21544.893714481932,2.415955730705073,5.324399829385511,12920.526206801696,23050.787103528633,26424.96515707923,1883895.2754279703,1392379.9515443891,17875936858952.992,59809.31467063259,1.2612811667208075,-0.35153268766868795,8331.027298137782,16720.294093601336,18680.852507817643,1235668.942744248,975180.6437345353,8933740810722.223,59875.538754479676,1.8666748938849567,2.106419226401198,8854.228271929192,16779.034434699228,18971.909625871947,1264675.0475958514,858146.5872359914,9214293884217.664,57685.19947437732,1.658657374877483,1.3408664980873937,8974.172655200322,19075.587192378018,21081.124295904177,1361970.9535530654,1157714.2137618088,11376993320431.652,58631.83968926301,1.7735132625982128,1.275522833455394,39,44,83,66,0.6514367840421442,1,53,53,Push Up,darren,original,True
893.6600422905631,2518.8486171395416,2672.6815424312254,135710.16213741523,116074.66412284119,182866601657.6654,14809.296470696963,3.6644545551456926,13.839386175230992,2122.8710914119392,5218.489570854389,5633.756745890662,328143.16489742143,295850.3292625959,812523905839.8347,23686.00146231789,2.7844419165583822,7.041978248445963,10372.889070300229,20271.7808727913,22771.515703159093,1546671.449240499,1236199.0463623537,13274673341932.059,57938.02179531388,1.5320951749456428,0.47660440979179963,5104.465382248485,12213.25835131973,13237.040696267966,777865.1399988928,672121.2889969593,4485612707703.151,56923.765656372234,2.4606750012184286,5.287785561653591,7698.958895614686,16394.551103840506,18112.296209282867,1152090.3226078164,932390.1299776937,8398215013703.745,60104.948544816645,1.9558725166097184,2.369152245472918,5167.524125632008,12397.466020072743,13431.324182963019,743396.7745428534,518862.8684540676,4618252014280.889,56785.902264078744,2.685140280930736,6.479880532262927,11433.872423291708,21631.47370890706,24467.408800509464,1685105.1228103284,1291874.0351699227,15325544791327.945,54650.120126602305,1.3683043653646532,-0.1162187147336673,2519.8798177491226,5658.05050880395,6193.813837699353,378931.4775766298,313492.7263677606,982101244315.5452,23075.898128800236,2.304134703496124,4.235179349856315,10661.215764049402,20782.338203989188,23357.377909187584,1595766.5206206068,1291984.7621330784,13966517831490.664,62063.84099985884,1.52371856568512,0.461803641075583,5972.569312123933,12426.397446473838,13787.201952747919,885234.2998778714,695030.4624053405,4866225604757.915,45460.206300815895,1.8933773679916037,2.1163490770653812,6085.790364319696,13816.515165380928,15097.44798545925,919280.6847843485,767711.4978871945,5835083153245.378,56390.18406125861,2.255310900426473,3.8815637883710536,6515.588456665867,14724.54448675023,16101.71119101706,998522.8666822481,874609.2822683442,6637186643940.457,59201.241442489285,2.0405555440803447,2.674680549851155,35,83,118,101,0.735272195801901,2,53,53,Push Up,darren,original,True
1537.6765212372743,4475.707234273702,4732.483949354115,237830.52338080143,215463.99186744954,573347950870.8945,24185.620787297947,3.409902675140909,11.154488429125081,1995.8957876826128,5200.722807555504,5570.558115334333,309794.2912196197,282977.0054404093,794396613537.7202,24688.642242405047,3.0675304018490506,8.782891021291661,10745.423711991289,20787.03498509035,23400.105859196337,1599138.2757429937,1268640.3825233646,14017662828072.824,57713.95515204299,1.4393093948420264,0.1207731675142707,5325.961443578943,12557.39200070486,13640.159792240553,812381.3946926679,702390.9863114944,4762981354441.109,51699.07454128283,2.313696679630916,4.07050649717942,6479.376719727905,13238.685660245328,14739.237452695348,973108.8531491663,797304.1642178636,5561475089585.594,43693.9523855325,1.7496610300110833,1.418580647748188,5430.071031756314,13372.584054328263,14433.006467815136,803733.2516541071,633733.4657971081,5332778897919.834,59447.18614269972,2.726340328905384,6.578233997720957,11164.005539268279,21514.76593300972,24238.815417280777,1653176.2662294712,1288546.2981154055,15040516424525.014,54506.996686703314,1.4132962827402795,0.009128331451820237,2638.000996037904,6356.810616449187,6882.447999694445,396989.45356513717,328603.23046493775,1212623115993.5503,25413.311693177977,2.4685393528520705,4.798202461164557,9957.83099018066,20189.592419972607,22511.73116651889,1502034.8934476122,1247874.049164118,12973517826908.615,61988.85228725029,1.671146647698744,0.9905193191840413,5861.834362545758,13831.526879919631,15022.39121857308,869704.9427773241,690946.7975086503,5777209290850.855,51677.49095053812,2.1125708274407304,2.8284081303959026,6415.658109417944,13820.770183212811,15237.268699938468,980475.4356641937,851098.5225438289,5943663550313.588,46530.59615634996,1.8860746486803597,1.8464755539069975,6163.66368410268,14632.357414869195,15877.551244672575,946177.0920197924,836310.4594829836,6453673818296.414,57274.30463949379,2.2112824795903165,3.34215141612001,34,118,152,135,0.8095152386883706,3,53,53,Push Up,darren,original,True
1799.5367232237045,4510.448759165834,4856.179612338418,276609.3993425203,244697.55668554883,603711498938.6577,21431.827371090796,2.7485698227163864,6.910565749677582,2117.422188783864,5292.060621024832,5699.9458192298625,326103.7887387824,291059.1593213529,831728187959.1934,23728.298855053774,2.818576313332343,7.1184386471314625,10701.528355791286,20533.068768626123,23154.47304964927,1590424.9729048521,1255595.3468595298,13724918328497.52,59277.73209011137,1.4524448330333877,0.21641037151234732,5099.646037653149,12806.269881226382,13784.300416784214,779595.2830497101,681438.8176274303,4864177612292.029,63606.334170979215,2.974811634445816,8.632048096246976,5506.544198916883,12606.74516083111,13756.89109373058,833278.761595592,703830.739122888,4844852545657.953,57646.18735156357,2.4903834844641017,5.531587101792818,6251.07462136807,14016.612338631112,15347.356624949385,901783.5853141608,636583.1217731789,6029858697558.472,61262.267817724656,2.28157493097445,4.344167059513268,11542.38698409177,21826.466082844065,24690.510706667723,1702155.7305864845,1307992.2991647993,15606305765275.477,54385.49390722098,1.3650247107595184,-0.13002127517833184,2623.7215445884426,5870.26327912915,6429.922683036685,392670.5466456488,319718.7820995412,1058403986171.6399,23022.79669753644,2.230376644585534,3.7295883881086196,11241.07762956683,21553.261756189706,24308.535920634495,1674256.138239061,1332875.1182043655,15127165916282.31,60830.1428935579,1.449013602810545,0.20081155571485398,6423.620511968387,13907.695965312845,15319.494363240588,952691.9587908868,751597.568957767,6007984833161.221,59086.06725623607,2.2614288646280856,4.302097558708043,4743.8770011902525,10400.927512922899,11431.695505545023,723441.7620507906,622934.0088331599,3345501750566.3574,36874.59765783527,1.9126775180930506,1.940256378915084,7366.949003953373,17129.031480186397,18646.06277679195,1124436.84876484,974457.5961089652,8900496821147.295,64734.693316625766,2.2011626149439585,3.31839142227689,35,152,187,170,0.7649610753385003,4,53,53,Push Up,darren,original,True
2495.951142887226,6491.27584896996,6954.598065675737,382951.6621005823,339809.623798618,1238180716930.578,30091.738059743835,2.7703654938329345,6.740841407943773,2415.122821407753,5296.600096378812,5821.2361937516835,363981.41141524445,303346.2629583708,867501845080.1812,23370.935015229938,2.4390661459932867,5.308102204846373,11780.975218119242,21305.577020516885,24345.820776205448,1725228.0474265444,1294732.6791795709,15173606125238.191,57697.826542735485,1.3187023664340822,-0.17565266329663132,5884.595459660074,12996.394877707924,14266.560326202132,878866.7101819688,711038.5555516555,5210489434653.815,55603.41165266095,2.3512758393455293,4.625713587793095,8093.776248741306,16448.181782732277,18331.718357057933,1152843.458216245,773758.1944028802,8602928586815.866,60442.36903278256,1.9462641503951024,2.4271613419850864,7954.775343108615,16165.23252792601,18016.470060509797,1151340.2843354791,832038.5979912318,8309585752095.8955,58883.30660225032,1.83389207782161,1.8615530693645725,12991.469362271517,22895.490327283762,26324.546596619355,1878198.595955191,1344633.2600018221,17740332890050.14,54412.40545549001,1.1973096657391258,-0.5611034326485393,2678.617853188897,5883.913106154822,6464.9382861867125,398492.8024850593,318258.80838659394,1069962932331.5914,23058.21165037312,2.346117394314142,4.381463768659305,12300.390249081285,21889.72358619639,25108.95455728447,1787561.9729277634,1305580.2712256664,16139765733370.277,57485.381759701326,1.2600578929945445,-0.32479957895364464,6165.864100729647,13758.923299669348,15077.32902323388,912096.634046515,722823.5743504806,5819541772156.18,60342.16981950309,2.2485671902571944,4.019315945078505,6647.1710950435345,12680.475177719673,14317.09936752368,964346.5304639736,696819.9581885312,5247470958068.402,42967.904158668156,1.6394880205125195,1.171637665673873,6328.598741779237,14058.320929421729,15417.118712297275,932575.3513191851,724287.7895084369,6084801264360.109,64822.97643361616,2.3427197168828844,4.691976651514125,39,187,226,204,0.6450649607257024,5,53,53,Push Up,darren,original,True
908.5044897739724,2420.1987358994375,2585.100061736238,136814.85240536262,113906.26358635277,171078203627.23074,14480.977247375411,3.568021798523396,13.42420349926019,2283.184078065287,5337.6199993144755,5805.438552892683,346451.9819840041,295487.59345346614,862799789860.1648,24545.117658673676,2.7449319291702707,6.989291805375064,12209.398508197264,21959.136219180535,25125.148266716675,1780418.9810044824,1315430.8153217926,16160590730867.094,55052.0479363078,1.2574806916731434,-0.3886918535745503,8720.595606902796,17154.707333728,19244.032099458618,1291816.4507334337,1013726.6211806282,9480518948991.838,59855.74478187727,1.7497057980571633,1.5820158506887712,6215.129156188429,12860.602137441232,14283.659116825125,896757.0386490338,637091.5102041326,5222986694800.934,45635.4891003037,1.8078016456862027,1.6618670573543994,5572.01096549463,14835.132075827501,15847.032842360057,851773.5657321071,752719.7913862054,6428888317615.061,54746.22167697041,2.6888563089115203,5.555782280225294,12206.633705284854,21922.16647221203,25091.498346060835,1770701.2735221628,1282529.0201275425,16117332204809.562,54191.06530190702,1.2490895822524646,-0.41811288766290966,2468.574276375013,6076.623900659945,6558.903642229555,368950.78894658794,298943.9866322222,1101291954894.1343,33008.53366182813,2.7882330255546397,7.19795420641756,12110.184491487962,22293.48115623111,25370.37387349874,1781221.8391728909,1357522.9452339695,16477590284316.348,60000.49438542842,1.3543885708529446,-0.09858850841956102,7348.118659628596,15313.40057705249,16985.143068848534,1053238.185536041,733956.5830296922,7385474177772.888,62015.54509680182,2.063916797253737,3.190749207786088,9171.699170308535,17927.57173528117,20137.474866385077,1325277.6963905997,949534.9835705874,10381258086253.84,61689.29976046459,1.6985093752422924,1.343644652590311,7740.115332133532,17106.337862918066,18775.94685854838,1176852.0539437651,1009487.7363349709,9024926219136.84,59349.394864192865,1.9566732038135957,2.1224947214367047,38,34,72,54,0.731783496486962,1,54,54,Push Up,darren,original,True
719.253782835107,1494.814906081325,1658.8543057078675,106469.18359640597,83437.13182198087,70446018753.67758,6885.547658916029,1.980787238768668,2.8431213546634746,2594.2328988760946,5951.845805621012,6492.650678074365,387643.06616154686,314044.7585272158,1079155528383.9874,23128.311172360078,2.3204608431642595,4.135607586297108,10337.124505321863,20148.696427164992,22645.66428154796,1543848.7438976336,1239991.1637817936,13128348435265.975,60589.691406311256,1.516235287334511,0.43518732170725816,6113.809017819493,14035.464584544601,15309.243182155567,937122.8466345423,821235.8960221324,5999946926345.645,51741.54862361536,2.1081220533126204,2.856167232743746,7166.670323727214,15271.461015726061,16869.46013018298,1055931.2470125582,805256.9701603813,7285214338146.129,58343.656096109175,2.0503634372155926,2.952294199980236,6022.557334593963,14080.376615347126,15314.313646993314,862320.7950885721,588049.8001683814,6003921983449.233,55705.44190186554,2.272385691458646,3.7631727866696982,11223.389319876307,21245.52583460672,24027.834605191852,1652986.3999663088,1264124.009851563,14779822996850.05,54235.37552418039,1.3723881515261738,-0.09877299469391465,2998.6607180541278,7333.065525567507,7922.487999629128,437889.90470913064,326652.1753274358,1606804892269.249,35016.64151600784,2.4555627041588752,5.049729873854579,9846.9217646805,19180.078065003712,21560.084944623366,1472366.7817337639,1188647.3267162726,11899833928176.002,57133.39354921068,1.543610462777363,0.5922520529412734,6235.387801779677,12970.766890880022,14391.69395089168,916458.7757138853,699468.1754536784,5302293882268.984,48112.866525205645,1.9600908464558369,2.535874414838239,6928.307699572639,14345.28531446184,15930.745692944573,1037927.0097489009,845212.664103043,6496989653331.764,57079.223114355955,1.9706836990060055,2.743891156498666,5935.618111655956,14279.976210778526,15464.452235621502,915023.8301830456,818279.7489279846,6122221643464.161,54980.44653489543,2.454011557944724,4.657914244361688,35,72,107,91,0.6084153455462931,2,54,54,Push Up,darren,original,True
2262.4017856121573,6551.274734057159,6930.920752730965,350765.1399681452,320301.7027428671,1229764159504.3013,33850.39490237702,3.4606722418028615,11.519158087082786,2306.266652169753,5823.36270254588,6263.419117088743,350800.7698842639,300716.16517455195,1004298727329.606,24154.54815445616,2.630025696308989,5.709987261021604,9135.155930287321,19425.54618899256,21466.320565279628,1386339.4654496086,1174482.4247709534,11796554716450.484,57764.85886739637,1.7329643363553493,1.0926953685479264,5898.163040851139,14304.984182356478,15473.231715253649,904736.0135581527,794038.5122556053,6129175032676.643,65250.46478356175,2.5058164644965446,5.355510222839149,5717.924521563154,12488.002862230214,13734.805288804175,859548.2346532022,706777.9322557488,4829308833826.896,45800.24530160207,1.9512848590176781,2.2105792460149303,6133.335715500059,14961.323601670209,16169.694212103168,892212.908835649,646293.4598890078,6693350679370.818,53683.57755945797,2.125550702132181,2.735345057978969,10361.60978074477,20744.779629388097,23188.54974163544,1548146.3025970734,1244358.2181887035,13765346281479.703,54107.96995927676,1.5076131164463378,0.2849814448312453,2605.129129087022,6802.364965211915,7284.151762501945,391642.0154294458,322711.5022797831,1358306992618.501,34531.92968610181,2.6567666042349485,6.125660432177661,10007.23224289095,20199.572690479195,22542.569375319865,1506112.1181963084,1241530.4428738481,13009086311452.387,59047.4198286252,1.5615843609433897,0.521089783395118,5919.767268352507,15541.507237402684,16630.757400722847,909594.6600641191,810263.3696207677,7080501548075.461,57721.392648879584,2.5760811489976296,4.9987404387847105,5797.033056977235,12783.147690604183,14036.18385258208,883931.8237304471,761537.5237917701,5043570102873.239,47324.82450124385,2.0112754427403923,2.5706306025346235,4935.745957931123,13327.43086956167,14212.037213016954,771159.982616911,718106.0946456952,5170739244650.975,55062.382035274204,2.8263822924627617,6.674121419442491,32,107,139,123,0.6893056341347672,3,54,54,Push Up,darren,original,True
2255.490823095027,6020.648251015894,6429.264671447788,347286.84004456364,308883.27954563056,1058187371917.4816,28995.631495851612,2.7999022497674018,6.765405536601131,2233.4948395161455,5467.923707475007,5906.495481155681,339175.69862312154,289380.42485174566,893099235044.1594,24222.497925086154,2.6584359098461716,6.2162877197194994,10591.500341714347,20515.88762687776,23088.558305082868,1575054.1656387376,1246345.0095672912,13646887029944.607,57837.35693814498,1.4494142950040056,0.167631066500451,4945.228589758063,11227.691265630989,12268.50997315024,726003.5336772677,547667.8768773291,3853218226208.9443,46476.51922098223,2.302025426329718,4.161558919984022,4827.033734214114,10332.96814360582,11404.844818234647,706826.6478592553,526860.804056561,3329804424397.1504,43809.45417621263,2.118675541490728,3.474044519564557,6631.488758419715,15881.81131052607,17210.711015417142,944890.6456204597,628868.217470443,7582939485598.745,61217.72478848108,2.304642736602941,3.791535652404744,11145.253263528943,21475.933789101833,24195.710413668126,1651244.4729920034,1289492.2743965616,14987069502005.46,54789.99249140277,1.4124312693484355,0.0054484285850842085,2924.11695163823,7493.4067246005225,8043.730744321715,436503.02194334625,350948.46160899784,1656361069750.9473,35519.035765823624,2.5311029784268437,5.290934589718864,9641.838760143106,19472.535146140413,21728.89043863657,1455689.391665341,1213796.2952051181,12086903800173.352,58961.32708153616,1.661028035915265,0.9713925488703268,6191.219702955363,14646.212641263899,15901.02971959304,915890.6057572998,722247.0888863624,6472774301270.556,53249.74532468714,2.1156413929878872,2.761244044902188,5187.737361411096,10693.671841071427,11885.589441651791,764737.471004308,587340.5687071558,3616441251212.917,45081.76765324184,1.9481563282932886,2.816966922818888,4558.542464319221,12936.78226900396,13716.437032794514,714511.0999072968,672025.2258641118,4816400508790.189,57052.49352818508,2.831154830959049,6.602175076450271,34,139,173,156,0.697210550000174,4,54,54,Push Up,darren,original,True
2220.276826099202,5149.435821402786,5607.701709547266,340244.8556674136,298359.39920511295,805025752659.4387,20566.40551171437,2.2194803660328315,3.518225624430512,2331.6144487207507,5542.567626439826,6013.026012844296,353351.22811799817,299967.32348751626,925605934877.2397,25165.841561594247,2.71323801021377,6.689472901474716,11274.540231457282,20892.53300275698,23740.539014564067,1658900.647116476,1266545.0195123453,14428497733172.184,55515.84034890332,1.3695340034260393,-0.025359270731062367,6637.2248255849,14541.481337278523,15984.5998657389,1006967.9147740924,856199.9177427179,6540990281415.168,61267.04674926923,2.249147814928555,4.148722892011121,5595.764374008382,11738.462839536573,13004.002797777399,817468.8298635046,612398.4425739169,4329064672373.821,54052.03955761947,2.0138365128987163,2.9569312697671357,6247.384023535544,13544.438611586305,14915.817927306472,877340.024910194,554298.7332357124,5695529585678.262,51500.632907577055,2.0913737634451297,2.901876942448383,12166.711128490913,22210.466329198014,25324.566615138414,1775897.599841829,1315738.9508769128,16418142060661.328,54619.03439919082,1.2831802001769534,-0.34129684653610726,3098.346142805952,7443.6870735608445,8062.767891347074,461755.70468477975,369508.6251725526,1664210587385.2756,34311.708268917435,2.612135628580194,5.865190812699497,11097.984861792904,21219.569407664923,23946.511099517058,1652680.763457654,1315543.8826504897,14679946082285.916,58001.643081571754,1.4731563412493736,0.2647326436093933,6301.985739732133,13985.26355405608,15339.576947888636,931382.6617700596,733949.6277420259,6023747096069.027,56428.50465521096,2.0818372148436373,2.956854800159073,5294.345870388337,11932.7256371391,13054.502645697949,806780.2988690817,696256.5930885333,4362753006759.2876,42145.30285324448,2.0682528166043785,2.613547072861274,5456.375316682148,12992.664482786156,14091.889935659841,839315.7163062929,746567.3535173888,5083682866144.027,54097.97257264037,2.5642279385640694,5.447979127696994,37,173,210,190,0.7334802348717895,5,54,54,Push Up,darren,original,True
1589.144996245355,4048.1216902530905,4348.870087527241,228338.43406690293,166937.48865585224,484164378577.6432,21959.23495485325,3.5051439273962544,12.547087663598433,4369.442985851352,8372.856820031708,9444.40381047724,595785.094008039,335041.0376740052,2283437141385.14,32960.401150357524,1.6919764168928109,1.4072544098270106,13671.683796376281,21954.93576937688,25863.761181729973,1885469.8538008225,1119082.6248115208,17124714047118.395,56478.39666432125,1.0421389885352945,-0.8231571477075272,8969.213791254011,17023.022929739567,19241.36444485318,1258292.7713962512,799802.76490697,9477890705911.3,58265.99644576866,1.5903272386374523,0.8787250576531456,8061.556394814501,14162.275997317245,16295.973518969731,1149907.340876956,790797.3485144741,6798304075032.646,56784.24932266453,1.626599370255489,1.6246637728022222,7317.474946287284,14613.18558665144,16342.90771495267,1073045.025843463,822129.3112285644,6837520194034.161,59014.78025628132,1.6808470999623493,1.2836847264019395,14510.43188969827,22910.64376364787,27119.18566790584,2029566.0350685378,1288305.9509725727,18827525921032.945,55006.35263326057,0.957990377020943,-1.0560807468222713,4689.721860842081,9288.424980123851,10405.206857311818,648477.139258617,391558.49807849387,2771669241432.291,42218.94185054275,1.9632615380469984,3.070166509007861,13875.323324886029,22672.84592199896,26581.6203338478,1905523.981238703,1107538.1481940902,18088513013064.473,61291.35443924726,1.1053360649515735,-0.6737092158045792,7879.076484594715,14133.64268054147,16181.46166671345,1093771.2796546484,680050.8930492174,6703096362785.711,56002.866385802976,1.6291521489234277,1.4424975570660106,6299.110362087856,11247.958595117012,12891.67808748067,875301.183080529,538352.2186795564,4254601316127.4683,44242.633376789185,1.6259158687068558,1.447672930179019,7529.863355041978,15210.059736631316,16971.88143187128,997980.5317240639,497743.5577827635,7373945839039.926,55232.749720757354,1.90535630643733,2.223644636117193,46,52,98,75,0.5839437092481881,1,55,55,Push Up,darren,original,True
3303.86796730633,9025.285870153602,9611.000394516024,509229.5203789491,455998.8869171865,2364706011734.711,43781.35643899646,2.990758083443448,8.128857613565426,2307.2092615794872,5569.384891165018,6028.371475170997,350940.71712577087,300182.7014164505,930336323651.9766,24193.199278215536,2.5650131856473632,5.6707314478024635,10148.905039362358,20366.30669090846,22754.927416411098,1519403.8816368475,1230615.1406150546,13255340076189.117,57519.01424856102,1.5256762813103548,0.3718103632776164,5472.350106772824,12956.523582824604,14064.782936234267,820011.9272870844,664956.4199329431,5064143847510.699,58810.37297594823,2.4571179992715777,5.102494378041371,5892.203078071883,12864.861790324561,14150.007985771339,884960.8871548017,724184.9644294475,5125701785533.252,52547.90779055119,2.0536418163225663,2.9574710856093365,7530.309549451052,15653.9031943208,17370.95987928475,1130901.5020283507,926555.5652059407,7724806326469.645,55506.458976433,1.7812542436001952,1.6089437300956764,10647.2645198587,21300.970586702868,23813.768909843366,1593922.8383251233,1290300.7678361293,14517647096100.414,54594.81257339464,1.5022379154932324,0.26034871676822213,2915.0318569034007,7462.817305504912,8011.931905733179,442291.2775086088,373542.10835994885,1643290953269.895,36133.61827446521,2.512331806229029,5.181669984773562,8795.892367149112,19320.991231515858,21228.95251072894,1328031.0030549762,1110727.0738642667,11537111672391.287,62084.73417042586,1.8595351925727708,1.6031854701090111,6169.686386688671,15585.078611553703,16761.852685141945,890444.681376598,623933.0652537838,7192568459223.047,55308.98192347261,2.3874795956840615,4.009077958701422,5741.793427011455,12221.677145653859,13503.243462630371,858426.9181195024,692291.3134045479,4667842150683.388,45001.26385945559,1.9226137571295807,2.289904543132258,5107.015473736041,12313.941493143677,13330.970037680863,779168.7966304858,672430.719966092,4549497910925.949,45765.61849488423,2.276996704257581,3.630864278504694,32,102,134,125,0.6044732038481191,2,55,55,Push Up,darren,original,True
2459.7982939576186,9553.660090444604,9865.243472449667,384699.86370251357,359947.2211343308,2491469536530.1953,54293.998843128,4.284380994821124,17.731286496072677,1220.4337688923033,4269.919463243869,4440.908781639349,192618.72624173795,184901.70902861567,504874772655.1421,23993.461528495685,4.003996602735262,15.678745560749697,5842.804512937002,15952.721240386209,16989.045869320216,907326.0185497764,827286.9016681132,7388868596476.575,58790.3430068872,2.504753643623246,4.592408564397254,2389.3461664672614,6787.2107025873765,7195.4988864239585,370867.34647231636,337764.4878925868,1325445228147.928,33862.62055029416,2.8822868546988056,7.449994895764455,4725.837587115998,12932.443090470784,13768.864339082722,739060.9603512853,689325.7445208799,4853289604814.436,54642.66842560225,2.5693899898081223,5.2019371751591486,4856.137345551251,13846.800603671194,14673.648383298765,762608.8216374785,720574.2730901527,5512088496043.174,53848.09175484276,2.67296561148394,5.4408208334035315,6761.502506738196,17911.038240124584,19144.79581995671,1054787.4412112893,976050.3389099382,9382994098888.5,58033.245799771335,2.278431366794027,3.211293927991612,1590.3372382354146,5920.2739735393325,6130.156315550645,251597.5299877183,243262.15287677498,962017701198.9875,35069.619422867276,4.180660686215102,17.0851465880016,4872.748608952953,14027.552689752734,14849.778229651853,753817.9638528408,678866.5135482934,5645207384827.958,56737.267711044566,2.8260601764371485,6.542025424523315,3457.2448563430967,11677.75962635945,12178.777109699546,546993.0517941457,528969.9576697572,3797058864326.1855,53170.692144391855,3.338430958983389,9.601755380615636,4132.861800355523,11860.776990650373,12560.198146636827,643284.1525177507,591216.6365058607,4038619583559.147,54714.01852864055,2.9153917146240556,7.511888560673768,1704.7067457220553,7646.320348606656,7834.043653339347,265648.86589452514,245965.99144135002,1571129343038.1187,55392.84551986776,5.443596327403234,30.315826737113262,20,134,154,143,0.8093849475388797,3,55,55,Push Up,darren,original,True
2960.318859926215,9073.652353626467,9544.351983602972,466106.5750094234,444025.0954960409,2332023162544.793,43785.6424589892,3.039064212493261,7.791929200346193,1555.3101779171761,5104.534911824822,5336.222110779424,244708.64146360825,232752.27766276916,728966820238.6232,26054.442221405217,3.656206214334008,12.545026126288501,6066.683750508737,16219.731452203401,17317.168940397944,947671.6037048292,880685.3422867097,7677039106823.25,59726.63927215239,2.35794676364075,3.729013604774434,3280.024711903671,10469.817755061264,10971.583565506615,517592.85000889533,496536.26680676884,3081616535933.308,54144.55103449052,3.582385058960869,12.252533759795954,2917.9536411489767,7947.977204168405,8466.687374048672,453762.87862543995,415681.947644236,1835130754300.8047,33368.45528819084,2.534576613861493,4.975397606747597,2529.669811669673,9439.004908806819,9772.105352714538,399433.39881878096,384160.0491653026,2444647501428.534,50248.20876011547,4.2048950151264775,16.740890029010366,6437.915777628779,17116.26999835543,18286.975097496135,1005179.1832519468,932757.3906731949,8560984530340.963,55986.30055704213,2.3085390582782903,3.3986863870790236,1841.3475289633911,5887.922574301769,6169.132269889499,285997.4862875581,261292.6236093701,974289739862.834,27211.00777319434,3.2115053640876,8.972613077141052,6075.184521369006,16634.40271711288,17709.071707002993,951393.065819012,891153.9623424453,8028447250528.613,61384.075755168575,2.4792262729493757,4.339973007157762,5458.918886636549,15081.103076470792,16038.686523964923,853373.5189040989,794885.238699133,6585330314598.76,60495.62533668047,2.581960647341293,5.103799587369799,3907.2957496472504,10458.34920051045,11164.408989061134,608956.9126283803,561867.7619520332,3190887118720.743,37039.687238670784,2.3650518666060933,3.7606866414545417,3748.21595248044,11883.690308509382,12460.787221319071,591029.6594815977,565561.7569222784,3974943185279.71,56362.62092873974,3.1755580700535533,8.735845971619122,20,154,174,157,0.6866179026011647,4,55,55,Push Up,darren,original,True
6170.642685999535,14604.069981127403,15854.201057509837,927158.0578654523,768225.5008903977,6434705694001.82,67466.833851607,2.2731988386278648,4.079152690634312,2084.7519762170355,5132.678585170647,5539.907965030664,316891.40756604186,272343.5259762071,785678854681.8608,25006.297533384568,3.080371218488808,9.095493238816502,11864.273843302735,21336.525657613467,24413.28165091443,1727841.850318764,1270406.1450989034,15257813016752.002,59368.455827415935,1.3084114156761106,-0.17526959780772078,7295.296289849194,15014.27171543735,16692.803931684735,1079746.604026505,847025.36865692,7133432399402.736,62757.13602331685,2.14648322895085,3.848545763842435,7790.192950550356,14880.798435933673,16796.58501891651,1121756.9881875513,788961.9377430193,7222406868420.879,52184.43145161642,1.6949554168126568,1.4978766953434564,7878.767778594552,16503.606419352695,18287.810326934145,1116878.9785433626,733530.2735243737,8561766567780.327,58976.57776745728,1.9326275127500678,2.2511162162504004,11871.068817819674,21197.302793177325,24295.018431420332,1710807.468447716,1207875.2296501303,15110346766926.176,58594.877653176605,1.2832191446315333,-0.23147365655691354,3034.4837155152586,7278.002880383386,7885.265838676344,448648.19033258356,352258.93381792353,1591741884072.8613,34166.795879098834,2.711121430095844,6.515787236935784,11509.231050063016,21105.690621351136,24039.812311412166,1693391.3860363103,1293035.8307555716,14794561944778.852,62293.40517670379,1.411605075284817,0.1997732245486108,7024.188937651005,14183.571562513418,15827.600339304696,1030288.0389669978,782445.2012853924,6413131072019.408,53975.26939869061,1.8668255849842312,2.0993187158596847,5337.318280239392,10725.762497668647,11980.356738468718,757274.9931600769,508077.7429245664,3674341058072.9033,43925.69759565118,1.8298865437312557,2.1078640285957047,6894.664417325252,15927.682923080563,17355.90622023878,1032145.703436353,842514.9268123774,7711423506578.512,58545.60105512823,2.125877960709858,2.903199121547603,39,174,213,190,0.8492573461290912,5,55,55,Push Up,darren,original,True
2211.4723561566852,3163.796103166523,3860.0797614112685,291401.64689914015,150857.75941559338,381445523570.09595,11244.351979754894,1.193361204097766,0.3046955291902069,2559.005287693491,3844.8139871866706,4618.560669571149,337092.7317693307,178513.42072621934,546076228057.8434,14928.891885022847,1.5070946553504345,1.5411890817833003,8222.935362789092,17291.388340857553,19147.03049391607,754220.228597941,463312.824634983,9385184684414.768,59981.75556198937,1.8846260775185162,1.8886534396886692,7455.466112325463,14760.76726816722,16536.753771433803,942746.2915901697,403123.93440795346,7000684167603.971,64529.86694227426,2.0947208585786696,3.4508913572103834,11777.676529879445,18878.370883639134,22250.98990298425,1487490.2683685753,849684.2629923176,12674727722565.297,59554.66622387408,1.225897400059986,-0.20493138951206724,8931.246037025034,17340.71290676385,19505.575610288503,1247361.8871126529,927824.4100425043,9739967485150.25,64273.72079855633,1.7846597302533316,1.6203000365763893,17266.562837184058,21748.47674381639,27769.23536734038,2052281.7276582576,518627.1625758363,19740939081900.75,52664.769815554864,0.5201316914778805,-1.6301377863803201,1650.5102333767597,2367.174995584767,2885.7757172384604,207274.56734836442,83242.6882062002,213189158149.2006,8115.316872108533,1.0847921189700351,-0.27270845807228117,21215.528193138478,26372.408834638223,33846.751457934006,2593576.5868443097,853727.1537368718,29327426156932.04,58200.29696201347,0.4453415424486187,-1.7890230036208057,15584.226776097426,22925.469552246537,27720.845557086006,1943452.4877379125,664794.5147172613,19672199127035.266,64477.020850410925,1.0200972998371116,-0.7016134867447557,10316.214022968848,17842.802748783906,20610.431380728292,1266139.5713789612,612665.6030633122,10874620971512.566,64106.1802966351,1.6919757429121953,1.6139869606382051,12904.876310131982,21126.96186006626,24756.50116669357,1809971.3697866688,1198349.2044994126,15689839360422.404,63760.7362534282,1.2059645580262346,-0.3398932642394663,63,50,113,84,0.5316021056254612,1,56,56,Squat ,darren,original,True
1974.6381784886094,2982.8895754144314,3577.26517818583,266252.18263479765,150389.89944772917,327598749569.5591,11151.131963373251,1.3533124966182495,0.9289359825264092,2705.8284707778084,4372.424498914141,5141.945518184371,377536.18031004246,246281.3138468379,676853855026.5945,16569.48673071992,1.6504020643810198,1.8554282845606185,9534.730168957154,15646.500358597868,18322.77415858267,1248001.616275887,605219.0463234443,8594535753380.477,59685.68017516233,1.3981690168412158,0.5965346098811541,10328.305366757402,17896.15361599413,20662.67664162244,1362723.4633918118,642885.0583243895,10929822873503.986,60346.68027421013,1.4446968344501425,0.4818120443434881,11517.941541391778,18996.443912984163,22215.48691093831,1481334.2469195554,663331.4225541257,12634313182465.828,68668.76046553363,1.4257197512280493,0.6678566732272109,8909.599411302162,17019.508952679225,19210.534783295443,1020521.3247062913,234619.65703362494,9447542954501.223,58967.39761213272,1.8387973045315644,1.9192186754601854,15688.46827196829,21442.80425478978,26569.190635579893,1971108.5721515508,730029.6853053275,18071600410362.527,53207.86902333423,0.6970402802094859,-1.3987461693278953,1840.6593539741202,2753.8874728325313,3312.3893295318367,241280.80003278182,119911.48559154934,280881230602.14703,9689.597211789498,1.2305920437267555,0.3035494182600065,19189.239344962232,25853.269646612345,32196.559723962648,2460543.451860678,1056329.4317489322,26537432526302.566,58552.67708187631,0.6137764355096452,-1.6062345914106717,8184.388894936705,15215.15981184223,17276.727400855238,1048042.5589465183,444619.77653510723,7641223927896.629,60027.97748878407,1.8191000534389417,2.076609560592768,10416.67144514171,15909.476384713089,19016.268898808044,1352062.222484138,630183.9687037277,9257433160493.418,58492.69215101082,1.259779230562955,0.33940946037673836,10545.38497332093,18628.785386042877,21406.4660603937,1467388.2102415848,987473.9832810836,11730861803386.559,67324.26360815401,1.4551435520453107,0.5910293521790111,57,113,170,142,0.5352555631558654,2,56,56,Squat ,darren,original,True
1866.3473935480329,2863.4586207694724,3417.988862805516,253517.3126668087,147069.89071466218,299075785376.32117,10783.44994180296,1.3323700066932036,0.7838842061654243,2577.2097275605406,4429.453752156224,5124.653209957092,366093.9209457413,254238.9486085301,672309005371.4824,17555.152460828755,1.880267954646918,2.782765995109621,5871.350201781666,13522.324862878273,14741.981647294828,748470.3599246113,403606.14865471434,5563546185962.944,61166.748154378605,2.5347069610787663,5.452899860051273,10583.062908391901,19230.938830487474,21950.63162701546,1508331.761507725,1040543.0749571446,12334853857918.242,62000.54798706869,1.6122854128311936,0.9587024006741545,9256.1892058575,16494.27933605391,18913.97074731818,1247311.221696299,688147.6892658835,9158100209418.441,64625.368235503396,1.6758106298265167,1.6115868479650661,6907.267073129985,13951.686528915272,15567.91236552485,825659.2391782568,198723.22409342322,6204413322768.936,66508.16293809516,2.382045550497531,5.2699282851787075,15118.946742615637,21257.822981128313,26085.965355014847,1931982.2917514234,791247.057138844,17420226265677.695,53515.85441116688,0.7609120569963139,-1.2955837169429547,1738.7291216904298,2702.706822108901,3213.689954692015,234790.1165667393,131960.44093535517,264391759997.1422,9885.119626359088,1.3533934387108189,0.7262061985398329,17682.18665568293,24634.877998744665,30323.86747991498,2319006.4271805924,1118051.1173188305,23540145636849.797,58266.33730509473,0.7047804902180868,-1.4505033492061608,11391.806418678889,20497.055339953284,23450.000662894683,1480134.100945467,831414.5662688495,14077504795897.879,60982.566493311,1.4639934364230704,0.3394825451133108,12384.818766423317,19332.449570713172,22959.253957420286,1643679.6799830091,846075.3847007226,13494459962401.766,58917.92771645354,1.2279843313308587,-0.06227914438500015,11661.324456546354,20303.533681004403,23414.097634043606,1645602.9882110362,1102107.9986731468,14034431181223.074,67083.45380961665,1.3671972398220034,0.13472797905055112,55,170,225,198,0.5993036681489259,3,56,56,Squat ,darren,original,True
1569.518813334272,2545.9175054125303,2990.8335376239484,215292.62865283462,131181.93581518592,228994182394.27026,10041.33651124399,1.675531763665002,2.161174212258297,2645.154927763596,4720.372185806144,5410.984953259833,380094.2647552018,275856.5039102275,749536209008.7505,18468.404697582162,1.9914572917928746,3.071034791654294,14548.980062497849,23074.712866619568,27278.47493420222,2009736.7600377863,1245528.0931655604,19049348985239.008,63344.78494672803,1.1143030637897269,-0.5963257685358965,8688.251756656016,17261.22521053331,19324.48225323998,1244940.0860575303,910675.045473363,9559951727508.146,58751.80097195315,1.8954590931727786,2.1211520218473536,10526.363031054332,18091.41352726319,20930.923583922162,1406638.0176471926,760455.3066380629,11215451189145.316,64249.13754347598,1.6312064404423365,1.4530088919792874,11869.173446641184,19344.82834965259,22695.807149867454,1436041.247132266,383582.0725950934,13186551351909.752,59335.39750604773,1.3627816612394372,0.32048529794189573,15310.891746606057,21512.54828986446,26404.793882930422,1958924.409896047,806508.4025454586,17848656384001.016,54543.50828947981,0.757691680055862,-1.3017829465802957,1878.031836991613,3052.154151623103,3583.6641229367797,259599.80385761944,163173.3042664298,328771802778.2205,11946.08987486756,1.6648506607917797,2.0620756951800967,18546.367484136852,25690.371015866294,31685.373751772466,2421679.874082931,1137420.247450903,25701450490611.496,59519.13009751009,0.6733330716366137,-1.5265330695055268,11036.444853307315,19186.47883638543,22134.228812840072,1345107.1066690572,351639.8969346243,12542056579562.482,62002.96071581142,1.4821935939366278,0.6409068208111157,9122.947740154748,17092.746142347296,19374.987642739878,1269927.7782832216,862419.2315154878,9609987741601.867,62033.62780503524,1.888366369004756,2.2521388445707426,6999.037187916171,13443.341602139204,15156.185370654455,1020780.6010729438,766985.9681484405,5880574847734.787,54123.301347535504,1.8413356693289513,2.1890270656094817,55,225,280,253,0.6621514714396678,4,56,56,Squat ,darren,original,True
1973.2005328237822,2987.061675048048,3579.9522054458926,246256.89039526996,92599.7196258841,328091079507.8888,12648.93989538983,1.5270275051243543,1.7858265462793668,2949.2753360651805,4623.745002090224,5484.272317479932,407389.37726007844,258993.69911543615,769977417018.2836,16684.283362808113,1.546495192656458,1.3015865112140501,18269.05122459227,25150.444739401417,31085.416246794266,2407954.8317428166,1203158.86119745,24737359442853.39,61205.12558649559,0.7337383802548283,-1.3682301968148658,6667.134316202309,12461.129804491668,14132.601883399708,749896.965420355,105076.87586961557,5113099161463.628,49818.85458218745,2.0080634404138618,3.0294625921911953,14749.139425754536,21006.210908626486,25667.060808320948,1903848.0692547632,888975.0385596984,16865229069773.957,58585.04169624821,0.9262185778114675,-0.8869654861860998,15350.466003637377,21541.353391764475,26451.213818607826,1959243.8038135585,805085.5842173762,17911467839429.367,62899.697950390575,0.8191764550913971,-1.1166065349679815,17611.714683150505,22755.888210165434,28775.040266075135,2139515.1656097043,636907.0913495944,21196875323244.68,55045.14927345166,0.5709936512929621,-1.57506713950912,2212.3615384408804,3103.9874352157835,3811.729472923014,289412.2420131699,146178.4733297749,371949608313.5989,10988.634714990416,1.1008393379072432,0.08087715455467803,20491.487571045982,26172.576288334545,33240.10849024148,2538242.366631791,900839.3312872056,28285563198541.406,60144.777916056635,0.5043445421256003,-1.7259461632134447,8718.536260359848,16297.905530314769,18483.36006245277,1128304.7674951702,558570.5813961457,8745845739475.82,66148.39838221877,1.8592655447180173,2.4207901414047033,11913.511952042963,19044.9996832021,22464.277864303553,1518663.1080974033,775395.3861802157,12918880767094.75,60207.46530397488,1.3339913011736935,0.27059512411133024,7390.376825805308,16116.69708389857,17730.357991917277,884681.4011608197,324984.26568598114,8047759219751.549,63251.85550928262,2.24846153502892,3.657452427877743,61,280,341,307,0.5641888516515423,5,56,56,Squat ,darren,original,True
2271.4331276082194,3506.449667288482,4177.869998267486,310937.10174551303,186126.19829805568,446837701694.0432,12538.589393141714,1.3305752365899945,0.7125414558010332,2270.010981500297,3592.2919155784944,4249.413025685142,312245.74718176347,190267.63707010983,462272283209.28125,12973.609786980147,1.4148051453380197,0.9043175469810532,4678.716736728917,12944.851379595839,13764.43124659975,549716.6443457077,329843.1673378526,4850164929084.712,62337.02350062383,3.049162878206096,8.37545451187541,11605.94567952293,19601.19870461463,22779.485634531415,1587166.647738779,1004797.393967484,13283967123809.875,54794.47029436444,1.4153373792688388,0.2993359579108512,8333.886197342907,14713.862110798638,16910.097497231007,1111342.651534841,620525.2067787456,7320355772565.975,56807.771694787785,1.739924247212967,1.9197836426777792,8424.997114706788,17427.744925667517,19357.34665642344,1196677.8564046696,866327.554118281,9592495861169.86,61167.9905847918,2.079262832422611,2.8139820057178637,14609.274087077947,20870.64551873991,25475.767578627845,1872503.5499188292,775205.6750122677,16614777183238.793,52926.06415371071,0.801845785178342,-1.2190720019480497,1359.7468303101173,2155.2262689395657,2548.315465727422,174981.3987110089,74645.17512260591,166244139849.35858,6981.606626961382,1.2738561944961542,0.0854974077501538,17436.52896185508,24866.684155721658,30370.784038908667,2325152.3746386804,1208690.121164749,23613043792333.547,60279.631870008205,0.7713657835323788,-1.3414218453555926,8624.577132831753,17590.025661821615,19590.618507431238,1243922.4240331433,950255.9443740181,9825083737694.908,60735.051200981434,2.015465070991036,2.519148361073044,11263.905986644673,18033.127449324995,21261.920507789702,1486223.91320878,739578.7066878454,11572973150196.947,61316.339637742276,1.328457722411383,0.33876465811999434,11367.67441222085,19468.017199299942,22543.90638763608,1595399.43157083,1092386.2510051818,13010629509491.176,54396.284930040834,1.3622464897758284,0.09209884500350585,54,54,108,83,0.42743788041754616,1,57,57,Squat ,darren,original,True
2027.65956861546,3628.8675054539654,4156.931885217452,293057.18778750504,214618.1346153755,442370117077.4404,14074.730171673762,1.8801156617068366,2.699557438131068,2026.0531636616045,3467.4089741871835,4015.9452705754115,288134.8321340862,198369.7633982341,412872100256.17944,13439.732189518707,1.678714984967942,1.9761515270338599,2355.979731734672,6409.344703057024,6828.641154647805,285383.87511830806,74500.06207681216,1193736704485.1128,36499.14801422285,3.1352005088310637,9.226889431002443,9483.638527275125,18674.997146701593,20945.045193203325,1342921.80675145,964505.7163231703,11230589904520.441,61244.948266723004,1.87697812988911,1.9240055467430341,11655.076403766447,18783.29473703601,22105.496311008217,1609882.5155298063,987437.4869628838,12509515959193.547,58562.83342929803,1.211495687877076,-0.12627347303812275,9539.358940071183,17226.109323023873,19691.06933095016,1277782.1708094415,717972.911402154,9926098211744.92,55269.780337713986,1.452285050739174,0.427934711560904,13030.445096319692,20101.879419981946,23955.752036279213,1733651.8700738677,868522.521044142,14691278223966.61,53359.62197305901,0.9897098577344748,-0.8362119651130784,1097.4254090809682,1848.9382425658582,2150.096545115836,148429.0473520302,80715.26225926912,118346627924.96777,6809.397827334439,1.4289502521847164,0.6869882074882265,16279.365622057598,24585.346494164518,29486.556382439074,2223838.7490395904,1278615.3122798777,22258099386745.816,59791.97167479123,0.8618486915771335,-1.2290498178093523,7711.7079510926105,15742.989521567137,17530.32112082142,1094822.7256057782,778525.0868942995,7867191260137.409,67117.57899888672,2.1692752978990693,3.6911749134254297,8970.109323691851,14979.080873704801,17459.54538640604,1237188.1636150437,753711.3147335642,7803794562559.295,54687.37866684391,1.4213024878748588,0.7053512719138926,7605.488025356501,16605.608701790396,18264.437808506944,1141424.7265121804,953300.7212181552,8539896024596.938,60396.281206055966,2.0185969068326797,2.4444515796380797,49,108,157,134,0.4508145076755198,2,57,57,Squat ,darren,original,True
1402.524715225209,2474.968128407929,2844.739498346483,189359.08233837134,103647.91886980964,207169096024.38654,13196.107855557408,1.9680407513937725,4.356399566455912,2792.4258632581573,5130.9826163818025,5841.628609506541,408654.63162347773,311240.4576727556,873590395171.9758,19332.74122276587,1.8605262422446571,2.4016055989512735,14306.714497477567,23491.180579859665,27504.86583766426,2029761.0515865653,1360471.0055571226,19366851705546.508,60297.675260532305,1.1085640857351218,-0.7072957014573853,4820.143745364379,10883.42489169501,11903.055200205614,730089.6641234534,624628.67309612,3627077711338.033,46313.48436857755,2.2290068057965144,3.655854659755007,12515.021212517411,20603.529716912275,24106.662828882974,1732795.103034216,1053275.0443150417,14876958534283.47,58319.020730696364,1.2011243477216687,-0.29937188874657217,11650.019302433866,20030.032720745443,23171.64561573508,1557312.310590889,786887.1787084917,13745284109855.096,59732.014291266714,1.3201726655060881,-0.0015145698698071364,13691.461342865772,21484.76969786746,25476.488036493407,1863310.1002299278,1042470.4172807516,16615716932443.943,54995.53400398994,0.9811781323559308,-0.936113552585192,2154.2592598157744,3874.2591327222403,4432.9129007892425,313720.31761999056,234760.81721627974,503058349721.1826,14736.22781968248,1.7959889448089843,2.2515893981812,15544.895978533552,24152.998717234488,28723.007120045066,2151845.031185529,1306389.494628351,21120285133264.883,56498.05867640601,0.9188263395155076,-1.1374622276924327,10134.92850327155,17807.46058632989,20489.568768037032,1377618.0777724972,769719.7500301678,10747454164483.035,53678.027200083285,1.4390017245323936,0.3987452407459289,6845.215643955914,14748.70952939204,16259.809654317552,1031162.9743333914,863933.6900703997,6768164095862.742,59860.37622958846,2.0696775468634603,2.927729087449559,5097.787230213725,12260.305137677353,13277.89579389324,773125.8606523623,661994.6297009821,4513344427865.287,55150.53766429235,2.582809097590286,5.456627607335397,47,157,204,180,0.5343507395022506,3,57,57,Squat ,darren,original,True
1222.8310039706284,2474.067709078625,2759.769318870215,167699.4208448581,99333.12451476438,194977963350.46066,13737.06129499485,2.25696213724302,4.952802255963373,3032.506191878022,5508.414443546302,6287.982465437389,440065.8723832068,325986.9070559367,1012191321232.5906,21549.076761998196,1.9269434825900411,2.9085595958038226,16205.72194493772,24770.36864648726,29600.618011107726,2217917.824719932,1281631.798691053,22430632617971.586,56091.83313750247,0.8769881640090791,-1.2250169924402023,7364.531748593066,14826.274797824679,16554.59912702952,1065533.7634279064,782182.412864323,7015801657770.15,66967.73612739248,2.2116046125587996,4.361669480450164,9989.749360221836,18822.711428731465,21309.377227158726,1280528.0330171736,499552.1236260322,11624692679919.383,67237.98489254908,1.623248824824063,1.121520760349357,8621.290474975096,18053.12927234972,20006.052233713344,1070558.1181607023,321727.6214116373,10246198425038.504,60170.55658896276,1.8356509834075652,1.5947708800798344,14760.023964729724,22692.125297080063,27070.110046650658,2007543.616968859,1126417.297944721,18759445963207.09,55714.05454017443,0.9140379606693443,-1.1077309819797896,2601.296624396825,4763.9043143298495,5427.847496401208,375551.5108476304,273467.08125262114,754215128171.235,18845.036100923124,1.9616513656850403,3.0782624686730706,16388.456133576245,25051.317982984616,29935.76501656107,2242805.343974385,1295654.2187910152,22941440694445.094,56560.844664946955,0.8773650901524465,-1.2239521262331974,8018.3050108485895,17580.626078342197,19322.826619143623,1159642.4964317174,885671.2245014153,9558313690969.225,64005.41697775612,2.103777786527841,2.8611109916612616,9520.287569541775,18404.67497323202,20721.195339002155,1326250.4339644613,887328.8724587595,10991819168693.367,66357.83036436688,1.7018328530523104,1.3487913475877207,8195.83076370192,17661.435102207754,19470.437380211544,1241681.3832274156,1054256.5222149037,9704907053484.518,60778.82059837792,2.0386540038295142,2.480137361771879,48,204,252,229,0.5383807715312596,4,57,57,Squat ,darren,original,True
1071.4814921520788,1806.71187458306,2100.542878825348,144561.72975454948,79656.00236245545,112954377876.06732,6680.359755870506,1.636782531893787,1.5448381246859633,3091.338409359877,5557.75257512006,6359.637320432456,442181.9782331066,314710.73578250734,1035391663294.395,23188.395779558246,2.066712759444365,3.6756133216997497,17859.35292291741,25398.560468182033,31049.0476614214,2356642.612594434,1157578.5978643019,24679510033439.168,56149.61797745282,0.7226908250973721,-1.4700360020588716,8846.800132251094,15732.333693735372,18049.160535355633,1134036.0091505423,475659.1536988415,8339768218394.603,56997.71585226023,1.6107285764788013,1.2392775576259947,8863.376032142867,15998.384231523749,18289.552556217233,1177390.9858682887,589766.6213651522,8563397957289.787,64941.657843895686,1.6591464947602153,1.5906363417892422,7392.055787284388,15700.22858371621,17353.376223181014,1028970.6968584056,681314.6135215365,7709175458387.5625,68025.90343683462,2.213758432834343,3.8720287987577438,16229.521451959019,23244.768958281045,28349.89683373582,2120067.6233584415,980409.6497234493,20575146252376.68,55250.98496312903,0.7657017954991218,-1.3510298737586888,2631.58173543375,4789.551754785792,5464.89052425025,374410.69612773537,262395.1518766807,764544728116.2283,20625.564781942565,2.143453628820982,4.158189148052961,17958.36260975261,25588.769243673898,31261.604229939192,2372583.907776152,1176407.8803180475,25018570215151.414,58709.60148594879,0.7341580303963398,-1.4392533752371113,9914.587201925451,18121.049420585157,20656.027485648676,1421500.8521994844,1020692.9723982733,10922789670089.564,63969.32332314783,1.7275729405524154,1.5859132444284176,9960.970290864067,16774.12146077917,19508.769308094474,1337607.4282470625,726211.4781526143,9743157245861.096,63411.14258352271,1.6036147401042382,1.4854914529384118,10964.06513646405,19052.34279971998,21981.86731091488,1426201.0710869317,659068.0973198871,12369983756151.504,69431.03910391538,1.3580550102066216,0.1991411413965758,53,252,305,276,0.6339824384198117,5,57,57,Squat ,darren,original,True
2286.626574833089,3714.2601413060474,4361.695712681907,311968.220259931,184857.86496628347,487024370944.7098,14797.125266719791,1.6753745776073403,2.169574534605916,2221.2003542644525,3828.110674272613,4425.851595824745,310050.18741789693,201230.16573851745,501456956115.5698,15583.798620750074,1.8646708024156005,2.779093579535476,10816.687976276926,20572.45922923031,23242.77990074503,1244005.13593819,207565.6093601016,13829806528370.613,59984.593674932265,1.538167744428818,0.5261364090694016,10317.757249765473,18999.58548047808,21620.36917110995,1460548.8370662523,1064451.7074604374,11966473295234.082,57111.198048842874,1.588850020658299,0.7462341851321104,9243.8868280915,16743.308649946768,19125.58046800007,1093137.8667800922,227332.28788644721,9364168402891.41,61783.514984686364,1.6037363709783992,1.1437898354266904,8406.180185132318,16496.10583778833,18514.463889522303,1190314.8161561901,879690.7342856008,8775305551780.491,61032.5288582823,1.8982307454533476,2.0921707785023127,15100.365143431898,21321.490913704627,26127.13153501857,1922886.4698803609,771593.2972625353,17475251257552.943,52988.03181062009,0.778866118275683,-1.2622924369083395,1531.0079939838636,2388.17297078027,2836.786142099533,201895.43131757603,99981.63691552126,206012303769.80365,7206.94213830146,1.2036666797062257,-0.16379421277034645,18931.590282732697,26172.354595755853,32301.660262581576,2464548.495996803,1136749.466564933,26710969746412.586,56805.629235343076,0.6614153986159653,-1.557837858537875,12517.478752245046,20843.172609065008,24313.064774400285,1754944.7715966883,1125408.2830008643,15132803039339.11,64592.67639001146,1.2734029258164181,-0.10750501035746574,11634.564126873182,19465.88765736515,22677.82760123829,1494357.4028577618,732662.813773595,13165666936614.018,69838.19325986928,1.2618788467051933,0.013096043444445815,10070.696084564497,19165.752253449326,21650.51914084881,1479660.6342470308,1148599.0098578455,11999871464147.475,59043.92669570073,1.6025362825656915,0.7344886542130942,55,69,124,100,0.6039657335138362,1,58,58,Squat ,darren,original,True
1375.7293827657081,2403.1248195656253,2769.050420815272,195646.3683820899,134738.99402826763,196291589965.24118,9208.650659785731,1.7251379254920758,2.1118102029393446,2739.7198620712343,5066.572725877061,5759.880563798953,397866.89020005596,295809.7129296291,849311337196.2609,20707.35794726477,2.0434954809116945,3.518611931016519,15797.936320956002,24283.353316049244,28969.916124715666,2171702.7276332877,1283150.2623769627,21484954630990.355,60827.57619090017,0.9127086004429572,-1.1123405492735856,7261.2544213407145,12691.268917561893,14621.70039733111,1017581.2432363578,654252.2995042788,5473129536238.406,49865.05227495721,1.631718557496407,1.6158815483600488,12375.912823255809,19792.98225456497,23343.63649345044,1712331.575646187,1047643.5096002212,13950089337301.79,65144.1928141058,1.1662459466205644,-0.21861371348663727,9236.375743345017,17854.37076773072,20101.969863270846,1207170.199713815,581776.6331716594,10344683325026.541,66281.9620096898,1.7437590543784376,1.5502441106764504,13592.165431660638,21142.988658662416,25135.09360519586,1830106.6635669777,973398.8475382116,16173387021874.113,54710.77693863454,0.9838857625285224,-0.8927106304357975,2001.6053073582693,3505.7485258557763,4036.9167111775714,287217.0774798825,203679.63199283837,417195431244.4093,14555.763023824335,1.838908168976489,2.8764427244875606,16064.476134276701,24604.264945765397,29384.302731052943,2202271.703473989,1284591.6087289294,22103993522948.234,58206.83165117339,0.8893447065740131,-1.1876045604219654,8582.981084692172,15792.689515815973,17974.331877517656,1194496.0309778464,745660.0093163928,8270761124944.573,58460.171293453306,1.8835188913166143,2.605714870297728,10146.266135681017,18675.124450851516,21253.39948692584,1399197.6078473956,875138.6789970787,11563698937622.004,70465.56188698696,1.516392633443963,0.8373432183816303,7887.815790076218,16104.48061122609,17932.426876904665,1186435.9139959437,985014.039430146,8232241502605.637,59426.28438994789,1.8870028323555224,2.136333113877652,48,124,172,148,0.5709436967118093,2,58,58,Squat ,darren,original,True
1294.6270891756544,2213.9417804953355,2564.6827303684727,178871.10893660865,110001.8141288079,168386496190.72723,8832.203369460512,1.6446171940626115,1.7993703221385902,2867.6531249805694,5479.597219597554,6184.611558879997,417137.8060228438,312950.2160310542,979185155436.3411,23703.16031906835,2.2611301406353315,4.625093221792684,16136.872293379367,24283.446750440093,29156.20746075,2206012.4542430015,1273210.3388893122,21762161497453.93,62627.7514277892,0.8799862705470104,-1.1609204227073964,7548.501811364176,15360.666001637852,17115.19616043127,1006692.2651019943,518512.6926436715,7499006454017.057,71329.3118247121,2.0173928396710914,3.1924611686510387,6374.476495608274,13206.087169846967,14664.061133623896,903152.7031492313,617318.7244343207,5504888036624.87,60740.28617895175,2.0881574318920593,3.3474871549052567,8958.215564534035,17171.35212956694,19367.626598482402,1183155.5116181043,594871.7550564444,9602686977491.02,72527.97320514849,1.7757689309835867,1.9257564442787567,14466.75055400582,21827.829321044188,26186.656992836335,1922391.606634748,962137.8655359818,17554969714187.879,55447.881938710394,0.9106049477988409,-1.048660563717352,2189.0297788134467,4025.282271425359,4582.0026993863,316851.7743815421,232801.6054617418,537465567671.8937,17914.5229231095,2.187318947238885,4.5730321589518805,15496.481180645065,23195.05485050352,27895.366971953492,2122296.868378675,1239281.2912265628,19920678361598.812,57028.72876338179,0.862018687782082,-1.1949909764023297,7342.371561549835,14528.011804983184,16278.00808310361,978349.4876738226,501719.0349775206,6783322807131.813,59009.446682082846,2.022673193207825,3.0366281615802766,9196.244597117338,18301.829581312486,20482.37976196649,1317788.0259838053,981868.7346478692,10739913746263.414,63192.67655620485,1.8971164052288205,2.050950566355234,9056.567316131117,16711.90012317427,19008.130294128525,1288936.6908772462,887080.0917971318,9249510842331.3,65075.47023121753,1.6811322679763594,1.535591181952503,50,172,222,197,0.6734405026385434,3,58,58,Squat ,darren,original,True
1303.9298339878283,2185.0118389207723,2544.505796453893,181750.77495529756,115253.04575772984,165747449553.599,8388.866302677014,1.5025558491159168,1.178489161278656,2699.844755912505,5154.509933296016,5818.774300355321,395833.05653218855,304652.20836803893,866768239576.9744,21209.976844271834,2.134065186097396,3.784217634118436,15473.524637277165,24513.28793426818,28988.467535362426,2174002.844307682,1400940.386922188,21512480001248.29,62652.187649498774,1.0273698194282077,-0.8687609270804426,7252.708677026693,15459.755219044033,17076.469617183102,1076133.684678639,856537.9065601561,7465108853416.382,64991.1833599492,2.13118145484986,3.325765769854259,10348.347105393423,17209.002618572013,20080.788304738504,1449879.1802914324,924607.8434969811,10322894308856.9,63469.82535464805,1.4066133250072617,0.6888255790239373,10080.383694846296,18810.89466698236,21341.600071401124,1334947.8328342997,690691.6086173821,11659875676355.29,70095.9582384149,1.5134002937755122,0.7234857266704178,14060.816345679588,21496.2385252075,25686.47167361733,1881646.5908106628,973017.3280978793,16890747572212.36,54741.674085701125,0.9360730792163999,-1.0032213475420964,1944.180233202104,3562.559588495394,4058.5302266650992,283114.6307715061,212011.95093341803,421674690579.3091,14963.724694720586,2.055565499551787,3.7084799655407092,16461.510650190678,24816.631671467727,29779.96877774784,2238434.5416897703,1257266.408867698,22703271434333.08,57021.63554639504,0.8511470789729675,-1.2608921927536365,8981.362611455348,18752.37756566225,20792.22303467334,1310585.8250790457,1033470.0974407521,11067303391324.18,61663.45395461344,1.9023420044557062,1.8966933417586391,7581.2207038359,16462.475398071838,18124.23801411774,1071905.2750801477,743747.1674423916,8409292891965.199,63589.63527539704,2.1369679307038756,3.2186791077153254,8545.083138694226,16658.801475930813,18722.55624805734,1252053.6002947537,961358.4453120544,8973673279018.777,62872.04197194551,1.87357433689113,2.2425818747880895,49,222,271,247,0.6500233345172335,4,58,58,Squat ,darren,original,True
1604.6906728813885,2466.3384609537397,2942.423755955655,212576.48176370756,110094.94683825278,221641153526.07196,8369.147355376723,1.2080461579104138,0.030368146229103665,2910.2548984753967,5083.849230075017,5857.909743947441,414333.75926806044,289806.6441190652,878466728146.8002,20821.170814121368,1.9536680330234433,3.203103417673728,18163.32191122296,25672.957111686716,31448.481516747637,2417689.780785273,1244456.4422121623,25318578936555.977,60606.5055619601,0.7475513860170415,-1.3995904757512414,8155.528694571622,15650.732467725582,17648.174836631148,1132610.287773591,794947.2808767409,7973326721646.1,55595.2124898686,1.8448080850289652,2.0479482957950372,6993.766260892927,13147.820150573725,14892.210756762635,972408.5365895921,612146.6690602005,5677515295330.221,49059.6354223083,1.871421110349793,2.1962215189010177,9012.167806642403,16865.74685005843,19122.567437071248,1207316.1625353391,712918.5101518012,9361218185864.64,58537.15313030441,1.7573659698541042,1.6926134937366433,16068.294107142236,22502.122354658488,27650.236635111156,2057297.6548896946,850836.0571820729,19572111001027.664,55315.84993972482,0.7366155828524865,-1.3632595271225025,2224.970266052223,3721.075136358972,4335.5383581794595,309026.5799856745,196311.32748016348,481200457094.2833,15273.992947445862,1.7940216829933662,2.6440439881019655,18783.034480150687,25977.31195864329,32056.561276581142,2439807.420822715,1110111.318861824,26307151894507.562,56734.5146698408,0.6638910517949679,-1.5511863933796624,12657.45905870795,21382.87423368949,24848.31141781368,1685005.5371444917,972989.9759106966,15806427656106.234,62102.3522037209,1.271012448507331,-0.20856162629095998,5726.026764043271,10251.017109826269,11741.836921388867,810488.3342450513,545348.8362239891,3529490797785.3633,43338.393269561144,1.5768929909192184,1.1796723475752042,10454.798188162706,18395.087614096283,21158.498375014442,1358222.1202927695,737456.279230344,11460660569228.51,59419.45119553416,1.462349372832384,0.5058726191441498,55,271,326,295,0.6266793588818184,5,58,58,Squat ,darren,original,True
2149.5734072251626,3741.4205796325355,4314.961620541653,304509.9658762174,208933.71830768997,476643680940.7348,15518.69130112145,1.898700268935597,3.044484390488618,2162.547566129684,3832.074333270209,4400.15973249628,306892.61643709836,210837.45647673708,495651985189.9324,17069.688516766393,2.1298563367342793,4.45780680911805,5615.562907304072,13929.01879595447,15018.392436740432,762112.3311155313,574848.0220485952,5774134051428.921,61296.09347719263,2.6459133836659094,5.990867760644951,8209.676054834883,16263.331317389342,18217.97811131922,1164538.9118726407,776031.8249461098,8496504997491.357,56737.66079805002,1.8221341643824778,1.7390137972865451,9118.717831755235,17182.409648480607,19452.1519689563,1275919.9451704083,844346.4670290683,9686687135318.28,60494.21373187968,1.6704707440305457,1.2725525892328609,4865.457592523493,12252.056188889224,13182.775065984524,713303.6295662106,552387.4115429836,4448910296072.787,64706.127881789645,2.963701665095618,8.117259157651397,14095.04582773327,20832.742119156363,25153.001035446494,1834488.011313425,824537.7034849476,16196440603882.816,53283.62111778255,0.8920727923479314,-1.0400651738468256,1356.8948259709337,2277.8879754412783,2651.402873462775,184005.6945209226,102055.55501886834,179966392253.61044,8078.184954910756,1.4693993510484729,0.7765365641616317,17372.463209317713,25201.349674258825,30608.993831280422,2334646.424281094,1249728.6923737621,23984908886102.086,58945.18678094536,0.782147953124151,-1.3544804267404613,8341.50678207767,17151.36115954592,19072.229157091944,1205439.1151856089,890501.3657998382,9311998080528.078,63432.288958770194,1.942662963658107,2.225520434835529,12499.433573131924,20304.249845790684,23843.204513014363,1636404.4404817852,755213.9952457405,14553559077105.371,63663.66630748293,1.3111814751328728,0.13232830877574875,12514.928796460064,20810.94380008841,24284.12700985777,1687145.3918456929,984872.3461210981,15096801910551.135,65059.1181831216,1.1584961903973705,-0.44045623954389335,52,53,105,80,0.5878062002542572,1,59,59,Squat ,darren,original,True
2160.139452393574,4418.107885079118,4917.9141653739225,322030.7151840495,260864.47684914427,619158521292.4285,18566.3682561704,2.3762781343778676,4.916219387229467,1897.6480710986034,3499.4370106703886,3980.845085329741,274640.79909932375,201153.83492297548,405686466390.8852,14874.809140465473,2.0575637994362297,3.8054254748401615,2527.3999261933104,6589.074866401003,7057.170678250551,324564.3089419413,126638.64416167255,1274973644338.1592,34930.21652333889,3.0029210715928856,8.37409493153977,5499.653003378441,13655.745618452407,14721.602207417904,769716.5773946422,551853.2232873106,5548174631768.363,60875.93864425621,2.8835080019017933,7.391614978585039,10375.997115876726,18244.45012383807,20988.598725734333,1449178.2243549542,916448.318641907,11277344677629.36,58660.6511237817,1.474073079900284,0.6067359969832555,8354.224888785639,17669.221333171994,19544.678457652502,1238044.9052473623,1003016.5218582227,9779058073933.457,59658.052969361415,1.8630408530002085,1.692491972812208,12497.690757716686,20048.85849263178,23625.177271992914,1685299.7317653538,898629.7991363637,14288614429007.113,54647.562910871864,1.1007476609205762,-0.5743709080398869,923.7369357801457,1603.7508376708743,1850.7584055879697,130785.33461742803,87087.02885079707,87687850901.87584,5604.414837734944,1.530828650332374,1.0153327184063468,15308.28928168412,23948.871213048737,28423.44372363981,2140447.095186917,1353280.6445178525,20682039119639.53,57423.7244333486,0.9562447553431035,-1.0311769292227035,9715.912306718044,17952.75512948152,20413.240034128834,1343796.5567755557,829422.0899841876,10667529438488.576,69900.02926685443,1.6152013872290867,1.266012427012412,5817.070028767085,12433.824413181424,13727.282806783238,829525.9587595662,589078.1674405193,4824020307389.611,56148.879653006035,2.4628863274159305,5.332606952526016,8293.470388297643,17772.376848583008,19612.216344146807,1235628.7081978475,1014342.7517967795,9846759166198.25,57981.508432330505,2.017996600719757,2.341142857333539,47,105,152,130,0.5410157288621825,2,59,59,Squat ,darren,original,True
1720.8714541208617,3373.226010435012,3786.8261485158464,250674.29189453748,185401.22307775577,367105338344.53406,13095.075928664557,1.9393504569456301,2.5694751758160317,2407.5085822359224,5001.17442463908,5550.481348424085,360294.6081511988,294795.81008878147,788680785899.6134,21564.08499674341,2.440024183920226,5.338958575551404,13684.889801162388,22999.6214094573,26763.01167373218,1965080.0403462418,1378273.7599599082,18336225122517.117,61518.84225657665,1.1690297873952022,-0.5239235353631999,6747.78683732946,14066.64767391309,15601.384681624937,1005006.5508909787,803336.7967895032,6231122021991.455,55619.99284525308,2.0196888308043164,2.8513838987014335,9421.029363104328,17219.915034822792,19628.582935784998,1306881.5049064534,806505.4276545198,9863200462514.941,56174.92612841879,1.5106106134554034,0.6498944326593228,8645.133231107535,16764.195887906433,18862.04104416324,1175657.6814113255,673610.3304378656,9107880764203.488,52570.686331708814,1.6198593000469923,0.8567457152099731,12526.624608612616,20845.00708845903,24319.347125344593,1728678.9474337967,1022755.2093690217,15140624501836.965,56475.483657544646,1.1568598446257554,-0.48253581790620137,1679.821511538196,3337.415651514873,3736.327547419111,248484.62477076132,195434.55526373605,357379674665.0345,14665.134931971665,2.3209531443549998,5.037678458455886,14005.52183249393,22998.811172683596,26927.680129510227,1989616.7065899405,1337971.8255491073,18562558903224.83,58028.31148955343,1.0728913915937546,-0.7783193940960449,7175.366348184318,15589.662338601169,17161.685641633678,1069480.9639264403,859706.7149362633,7539800423993.742,64971.91703176634,2.1500998819798434,3.383740988731331,6816.54564750779,14305.687164621344,15846.702490315429,952682.1836395366,600284.4998185977,6428620283304.173,62858.760869044025,1.8870512761877511,2.240938714828773,6095.542721904349,14150.88999253944,15407.898255619224,926814.8359419897,799670.8922014466,6077525213581.156,55343.63175411035,2.484429090046251,4.902105706695304,44,152,196,174,0.6794852332309499,3,59,59,Squat ,darren,original,True
1521.9906878162888,2915.444965266914,3288.810575162349,204961.60438986152,107949.99220921093,276896639982.07227,12013.183532598096,1.9736837405736047,2.9827615398054563,2880.376396601344,5845.2076062193255,6516.365562635541,428891.7576324008,346020.79730575747,1087053315735.1019,24332.666666011522,2.321696344113944,4.595787513826369,15489.450149465914,24445.65006966194,28939.814672197757,2148624.8355222424,1311291.0363889122,21440329555485.508,59484.79782593848,0.955059551112052,-1.0658274060251378,5950.7109007879935,12826.803651778777,14139.938194562323,842895.7133325195,569933.4151810973,5118409014938.685,62721.2565147194,2.6154486754938584,6.753172186868584,7587.057246023777,13555.798677453413,15534.578057935452,1021299.3777159483,555527.0071469897,6177871755215.095,53052.082390234056,1.7565271811538627,2.1910524326601832,10875.009224269883,20099.101022581264,22852.564134991113,1457703.2553501185,759789.7057465095,13369336001123.387,62541.903891945745,1.4296945826045866,0.26051932229896924,13861.187934045487,21972.862234254037,25979.592100501417,1909144.0671655384,1128724.0436571746,17278443666135.953,55943.872803993756,0.9842069185896201,-0.9670173410976104,2509.8528575439677,5090.4656813051,5675.579461082949,373341.5297153821,300116.6419625689,824632376808.1052,21665.315871825376,2.3604543950399495,4.903036384148294,15312.09883099492,24160.307015345108,28603.85997878416,2129185.7754499526,1313632.3806656017,20945428625558.79,58082.083041730744,0.953660698859388,-1.0704325146989626,9250.035800423924,17727.384203952653,19995.582337698354,1260566.9251522168,721877.556909905,10235476813406.064,64839.52230992508,1.8286829802547517,1.9798532977188117,6608.633776480306,13118.73456126211,14689.289869850389,942078.6608578983,663452.4516791273,5523846064140.525,54245.90838400036,1.9821918913241516,2.8614237110051848,6279.375535679287,14621.885990298051,15913.205429182455,943257.1239410995,791507.9906117739,6482690740002.865,58388.297736924986,2.482430976508329,4.979033521379456,46,196,242,219,0.6866338433185545,4,59,59,Squat ,darren,original,True
1619.9090089562524,2838.171352465868,3267.9231666695537,221441.30050319314,130710.51617268918,273390638675.34238,10685.81896648681,1.7352849954528797,2.0550558117872715,3100.595218167018,5854.625827478577,6624.978059337208,451998.7068539586,341477.36538543046,1123592557739.5044,24463.11219514462,2.187148830517097,4.1603499446214425,16376.796812068298,24489.523152780723,29460.757255616387,2231660.663137588,1268850.5829729622,22219167182703.45,59169.928524689996,0.853262825729118,-1.2275917403552459,9289.380400718179,16437.474450510173,18880.76149259933,1290328.0209154594,784859.2982502835,9125968756234.793,64563.08210618953,1.4360034919979823,0.5952030928758338,7004.852042532837,13267.794998422054,15003.410820807707,998631.4037606142,690494.0454578104,5762619808203.002,55871.18379023541,1.9101929213823903,2.725989973310088,5333.86753652678,12256.147837146882,13366.499268814345,775527.6802820523,587031.2087721111,4573780549202.289,63528.90553671814,2.6643425769076687,6.65487545429408,15524.043920281609,23183.155401239652,27900.799880950715,2077944.7526189808,1081536.6804038596,19928438630319.605,55491.040077276375,0.8508524097644597,-1.2220554281602056,2678.112692456997,5011.091893947175,5681.842092410027,388255.2187651687,287889.09217426693,826453236814.9082,21099.459077824464,2.1744279800642197,4.180734782170266,16572.728250913013,24648.682597287796,29702.06853841073,2237976.6639643437,1223220.4260150183,22584649611787.477,58300.73421505499,0.8261983406372074,-1.2942090071101062,9568.090639055885,19064.912116836615,21331.179819688652,1367657.5571348707,1015208.7331219267,11648492351997.242,64328.69222847493,1.7285612763220317,1.2466652232842579,8248.8654870102,13993.75961981928,16244.04783667152,1160277.8326700153,750582.3900775447,6755048707073.86,52267.387176271244,1.439692494745201,0.7990453918051199,12222.193304336848,20043.007866018317,23475.60805359147,1611230.366850464,788205.5621033061,14108266841237.725,56822.539037400275,1.1705071620214595,-0.4338917068090469,50,242,292,265,0.6532129811126088,5,59,59,Squat ,darren,original,True
2108.71479566624,3614.261047280636,4184.44273558043,290319.60638070013,178281.36369432724,448244761788.2069,14496.69918093441,1.7945124875519103,2.481989909859342,2365.665954220068,4396.590828428412,4992.633204990807,339216.9044284916,242830.99566958653,638115489781.1654,19289.231858638945,2.297500668589752,4.9595761150805275,9958.401097340487,18172.78852276732,20722.45147439694,1301206.2693651293,717727.972555199,10993151874783.64,59245.10374931256,1.7904273249323766,1.7818785216008974,10846.506344834967,18378.12436739623,21340.153587826593,1374722.165853984,589923.928052653,11658295171891.922,57481.49163182236,1.430128130465593,0.49657534346685184,7297.545710816247,15178.373088308459,16841.531492395192,918614.847749855,356605.6997326552,7261111885039.079,62594.207280585586,2.184821072556386,3.6976949380917885,7719.932479613684,16362.28463694177,18092.034601727217,1127701.1248979077,905984.1322233232,8379435930370.428,57921.042218248665,2.0412717622632113,2.612429791051662,14662.006133327075,21358.16296408626,25906.47697110101,1903545.878401784,851891.4485802423,17181326055787.184,54311.894605863316,0.855522904493193,-1.1204251860162198,1577.1512406325846,2728.8199726562398,3151.803369342146,221973.11663376554,146112.37179364692,254306930662.31046,11766.138961427647,1.8377282930290182,2.8522043025512582,17254.21906402451,24648.42460986255,30087.421146675642,2306058.7473639804,1211853.6796857785,23174474528190.074,56328.88639865033,0.7486994825847931,-1.401583689531711,11429.342874923754,18955.45970620254,22134.57321084006,1566976.0753913273,907379.4361355526,12542446879386.582,62783.62172919966,1.3810858056631234,0.45170587631270465,11096.56006581522,19091.883358417563,22082.42865867943,1380002.0053333112,467285.8122155376,12483421579921.062,59843.30392237939,1.410303317211019,0.31550094003410534,9158.36134427512,17979.76188755273,20177.894341219217,1346327.267568706,1059320.0981480544,10422973953162.406,62592.619557075865,1.7982332947121082,1.5375932833724306,53,66,119,96,0.6894890933081979,1,60,60,Squat ,darren,original,True
1858.628509882173,3487.538659973498,3951.88889552282,271187.42522100307,204551.50435957965,399806101569.44824,14883.777455827943,2.1427058171736624,4.157364507552762,2209.8876898907606,4237.472600889879,4779.097994938286,323641.70324967377,247473.7180581964,584698307717.7128,18153.247439678045,2.230147266109924,4.505221173111311,8244.590411099536,16495.945863078112,18441.515690539054,1092116.7791851705,532362.4010086644,8706291224688.593,68286.48110399899,1.784500574624221,1.7870957944871622,7983.690116414914,15437.72005270768,17379.945578186194,1145901.5961025562,812734.9504626108,7732800212498.277,53212.14593067716,1.751206619242882,1.5442068116556475,11357.160847951072,19943.2327039239,22950.329697176305,1554306.6362471876,898382.9311663269,13483971410152.77,60632.773616265586,1.4195939490028284,0.3561739854331245,8718.273929055169,16753.35854464712,18886.06160181481,1191634.6069979758,714554.2742389666,9131093064385.12,63576.8413172539,1.7386762325089504,1.6504427759320555,12870.931591510904,20496.786320564246,24202.874405826737,1738033.538241293,934069.435346158,14995945715308.105,54509.19155862613,1.0643996097253798,-0.6796521838470828,1366.0743645629198,2469.513843440825,2822.1725305979894,195394.59115025448,136592.1823779345,203895239487.02362,10483.545341038991,1.9258224462527804,3.2373196610844204,15390.45748284789,23929.18763187814,28451.22496928697,2139151.0417751865,1320850.4270184604,20722488377676.246,56841.33179613592,0.9229435964312778,-1.1247205422771618,9916.212403375843,18508.191575023127,20997.248005551155,1377691.8834709655,872343.2248422357,11286641249449.523,60469.367462920505,1.5525075457215511,0.7748505584735823,10020.40927768342,17577.30261278989,20232.89819165495,1395697.3710781785,885747.4286768938,10479876332387.176,56548.087326062836,1.4152981181994724,0.3811252845950288,8316.486188367799,15964.130895382443,18000.483820337067,1235736.9208947374,984885.2068243755,8294845894815.145,54383.94398480155,1.7197454396915288,1.4506369247141535,47,119,166,142,0.6114069350008343,2,60,60,Squat ,darren,original,True
1693.239534791759,3210.559901125851,3629.7045335535304,246951.4020656889,185661.34752352902,337273728023.0156,14081.444549581689,2.18091069432653,4.452642987943918,2396.600173454613,4780.829331388117,5347.8987917932445,353023.60146268527,274859.51183395024,732160550073.949,21247.83734630341,2.4062246207890627,5.437043290895332,11205.064579731337,18962.655561774936,22025.798014838503,1579174.4917876043,1042699.5520412734,12419475921675.871,60627.13665987091,1.3530822056906542,0.29541345521960016,8450.102852524054,15704.153518278454,17833.24636581609,1166942.1005277245,702652.0408260156,8141431704163.656,55173.844393842955,1.6231096492535602,1.1382336333753384,6797.836173120586,14955.400559080608,16427.85994946193,975836.0426162654,702553.1836990011,6908789312489.863,60480.44146684216,2.2445706128759277,3.792934561812025,8766.666790710316,17143.770224373922,19255.214985179293,1165068.3750638755,612660.2386281438,9491540585612.111,57902.50812889936,1.7648184707843457,1.5920921010270188,12741.256118226298,20557.00172474,24185.324628402293,1736160.2595936018,973536.9097474476,14974206140958.783,54404.76003806289,1.0852408683853656,-0.6507159998727778,1635.5630029494437,3078.269913663304,3485.8014857392113,237563.26910988864,175557.0121806708,311060787148.3313,14021.051282935241,2.208561222892839,4.827867127470512,15201.272344402392,24020.670418142316,28426.594734960963,2125062.941655738,1340973.0837907998,20686624978578.188,58121.25140824944,0.962335795559511,-1.0437827687433736,8283.969757434586,15999.815565104502,18017.165511240968,1148243.3576657108,694700.3742277637,8310227278321.945,56525.246497309825,1.6474301814728385,1.1312263484983154,7534.478794779521,14432.810012926524,16281.104863559302,1094847.6319047909,826922.552270941,6785904014802.286,53812.3259753577,1.69755526055882,1.4033946641697108,7909.608335007263,16023.638293225691,17869.49602438035,1188002.229978456,978503.7759772085,8174563537032.836,60503.49729023797,1.8580665589605911,2.05870290079017,46,166,212,190,0.6569409965595937,3,60,60,Squat ,darren,original,True
1545.189860034326,2938.9508899865273,3320.3981745124333,224993.8775814629,168630.7181887265,282241127355.02075,12786.070339334356,2.229065905220488,4.62358414246209,2398.1040629754725,4778.047291616036,5346.086327191023,353250.74869834725,275358.21644306154,731664358855.1376,21531.53364672156,2.45716389316549,5.758231419493786,12175.582940832483,19877.34175582703,23309.944985499984,1702871.2525423681,1077962.747921262,13909850501812.113,54794.29662420978,1.163809791254778,-0.43695378795016104,7673.419666911866,16227.410806188453,17950.215342924206,1137402.650977963,913687.9025902266,8248581909948.199,65985.74153495232,2.11842615842249,3.190427947013805,10261.23640349103,18721.24718524406,21348.959428959017,1420088.7967171797,869801.6802139293,11667918558703.059,62911.23427975371,1.5678977115639696,0.914625205082011,7665.83327049064,16032.274576639897,17770.729524466216,996774.3428189486,483628.99247518287,8084449992492.42,57365.493957388775,2.0233358602802745,2.6599452325734347,13042.492916746462,20700.2870424687,24466.477170283,1764530.8317095665,958312.1354666039,15324377731173.863,54160.39006964217,1.0443804928445934,-0.7446362690544315,1556.7477640780673,3047.6816420632413,3422.254665031718,226644.6242559764,169259.3842054712,299822771003.6827,14079.250068079218,2.412651801072749,5.75124607264644,15094.32446005303,23823.616849085836,28202.896139889635,2111395.7703325786,1335114.4133468973,20362325777341.484,60112.40234145461,0.9898395635469939,-0.9559389076636036,8271.40514832245,17011.710902172592,18915.984006833824,1203966.9598305111,930659.6640982348,9160049944237.902,58664.15972985725,1.9019992136124704,2.0370060797758898,10786.546293355192,18825.98551116885,21697.172889697722,1472857.1844674577,848001.4635355825,12051643171979.105,59633.51694231261,1.4001385322235567,0.29982340679928354,8163.283765404891,16786.004628191717,18665.721341866127,1233218.228009003,1034961.8701835773,8919274322232.234,56398.728817190815,1.822457382226234,1.6414534749954894,47,212,259,235,0.6781361038328275,4,60,60,Squat ,darren,original,True
1835.9723675568603,3052.31279487494,3561.9387883833174,254469.7005706157,160035.61711281718,324797643064.0541,12929.219388011188,1.8417510278859095,3.083920685810143,2529.7938876515173,4713.073840053015,5349.104797607826,360765.8865639526,254683.23726575804,732490806676.2512,20559.293778884003,2.29065705341551,4.84512754752237,15634.227892808363,22644.675056624677,27517.4561001628,2050016.8448058139,984647.9544500827,19384585989744.305,59627.148636052865,0.8801118974140257,-1.0022395198416147,7966.68991302663,15727.919015443164,17630.52990487407,1137037.03058591,811392.4642370171,7957390969002.469,58326.975357898824,2.052129608015183,2.955281746578623,9976.294302060898,15944.400843008822,18808.252610061183,1358056.2206930504,779961.7495530003,9056009375843.15,58386.169461859216,1.2932111545256413,0.286858657879296,9547.6630336245,17394.800489509456,19842.806088693156,1286727.7022290584,777608.8685537454,10079666008921.043,59752.80634658237,1.6199646439830668,1.0172285142048372,15190.437864981266,21742.87334487765,26523.611062999084,1949808.2956905973,811855.3529437025,18009649761823.934,54170.13964093962,0.8071087720970461,-1.2181310144446604,1836.8454626653336,3049.9716926133747,3560.3832068271972,254833.94550702086,160244.00692192433,324514011634.1022,12887.36299115433,1.7886726995654758,2.793093994075277,16161.129891723383,23586.627990739657,28592.151709003967,2187920.265559055,1229782.532908988,20928285167377.875,56867.10368841147,0.8789644041384719,-1.0926659976421806,9515.089564652812,18035.679770283492,20391.730534694154,1280056.5569903597,786980.2513439166,10645060459509.2,64613.875669697976,1.7867399033314386,1.7472214527824406,9162.435305731356,16902.904488439435,19226.50256487171,1200863.6125868482,575385.0123979141,9463255062451.672,64583.6711104397,1.65576158870793,1.3840820249095431,10356.529795977132,18976.131407580862,21618.308736178667,1372757.3012504524,803755.543110724,11964192578886.117,61561.75379283103,1.5662465151609397,0.8254745817387024,54,259,313,283,0.7133850668703995,5,60,60,Squat ,darren,original,True
3559.0927204625286,6918.571280070462,7780.345079125039,474640.6063487525,328106.84014578885,1549664500486.789,28566.693932260547,2.3481167506147793,4.424205830836813,3809.2847384990077,5756.4012219482465,6902.666531638967,424174.2561897948,201358.22219154294,1219758214323.4233,25030.50855088625,1.738432222791463,2.338954508003382,9806.515828366313,16715.14325795581,19379.467661057784,1305227.2012299886,672846.1663050754,9614432430745.203,64342.104676950396,1.6100868203476757,1.5131153665304273,16809.472495592327,22580.429010663043,28150.206746765965,2140515.631619401,990673.552253965,20286313981073.1,63739.91747064156,0.799317988426737,-1.0862082745808037,17448.55683516206,22751.82773589636,28672.24792292686,2144935.3363065375,788086.1403302999,21045703704416.86,66589.13662487362,0.7110279452317734,-1.2338541950123514,15492.65730629414,22280.70179362985,27137.651018961267,1621206.409972453,95532.49727637313,18853173832369.4,63800.266602095864,1.021034079736627,-0.6554264934710825,21631.84333202444,23287.792254758297,31784.55464596021,2367153.3494571666,398630.3171822016,25862602599475.992,53856.22661102574,0.21711201448943404,-1.8491880373962628,4442.477478884185,6361.738869605912,7759.338090033705,487459.9617500525,203139.41861349688,1541307586443.4666,24855.92909945287,1.5099394338291154,1.3301083561094353,22064.62161115111,24726.29681106342,33139.66325767481,2325413.9931611395,209840.8699049338,28114874389301.285,59978.18846678725,0.34479896919688496,-1.7448386345872557,11702.625454648576,18580.299041121347,21958.573610079588,958612.0705322252,798336.1341821128,12343781247725.66,64719.05657934534,1.363946424888118,0.4511092738166811,17029.795813227192,22403.75971723317,28141.471086418533,2102343.28850823,834536.0791678936,20273725309637.89,61958.09379769615,0.7140239511032404,-1.283117747541967,10455.436002719125,17708.62182199605,20564.810449927078,1228614.4990953424,289622.5269079822,10826532578340.604,61176.55894882973,1.475430454963117,0.7479904179714167,76,331,407,387,0.7468184504095894,1,61,61,Jumping Jack,caden,original,True
4151.7311074904455,8728.122922122398,9665.24707043655,610093.9702119278,461883.19461282034,2391475223874.107,35552.75877325942,2.016262274778896,2.997608110444639,3026.4607406168057,7121.539684824763,7737.944953088566,456739.16239576455,381599.13452502864,1532820277683.937,36334.52053076354,2.4974745608437354,5.897702409153588,6192.013498708811,13129.38033955507,14516.2550015108,911537.5050208966,695287.525194096,5394474477283.518,54172.87386648821,2.0406772578019927,3.0901432800651643,6331.75483518166,13769.123730587076,15155.193420113861,947234.6224510825,767788.1611825471,5879805122587.198,49558.10450999738,2.0049460496565956,2.4922795504295037,6884.9401216616725,14618.307698398881,16158.506132806173,1025567.9210746409,814849.7605826891,6684091403364.7295,51866.98035606974,1.9058826019448316,2.0465216758601006,6733.091303566094,14204.15517112384,15719.177542973472,993216.4035986267,763543.2436580645,6325569091264.551,48717.43160079806,1.902632841866624,2.0855776367505934,6339.997244449643,13026.631377730075,14487.535681091207,946548.9928976098,760753.8806834769,5373150466838.807,43099.47455116601,1.7876028824267396,1.581139801072629,3776.4051145005383,7592.112032523447,8479.469364483435,560233.200680555,439809.47653440846,1840675858002.2559,27063.01219321895,1.7086170745359963,1.3797782235705034,8380.49444781726,16497.162778175432,18503.758183664013,1247489.995043829,991638.6535722963,8765160113139.531,49828.96605448323,1.5580870870118548,0.6414726411158895,4700.786583145765,10150.011747744073,11185.711107463214,686431.6682519253,506932.88878438965,3203075404278.4233,39379.93363458737,1.9123882269512966,2.14218626464283,7644.066962190127,15566.331240267898,17341.92688267907,1144765.6232392911,930207.823326209,7699006156907.186,54692.58412671622,1.765988245795979,1.5685555866414713,5266.097180881236,12523.42429062072,13585.578216675007,782274.7176450164,614984.5954112888,4724939148323.699,48550.93672512758,2.3289877175441664,3.9916375626294434,34,407,441,428,0.611045302450181,2,61,61,Jumping Jack,caden,original,True
4854.46870327521,10423.406519852955,11498.402926893437,718897.3656312511,559587.3682860393,3384659708651.3047,42943.297462113886,2.1052815984083506,3.406932415499747,3361.604986231603,7670.872054202146,8375.121859137133,505300.796829213,416291.47319961,1795652253578.1533,33854.313313626306,2.0881382551543526,3.0290090484068948,7010.224768036751,13861.294738014869,15533.149812981092,1046298.434097495,838734.7441463844,6176735823680.372,43022.090449569114,1.5118725052104076,0.39025667422973065,6818.211617629876,13734.610455564427,15333.86885390907,1012248.3788738282,795797.3887159382,6019264871139.396,49253.210547307826,1.6656398036043507,1.1856896064211169,4400.017269516107,10827.282656023903,11687.18108379758,680526.4086902427,613799.2523740839,3496709163148.1865,47851.694239605895,2.5835274986573395,5.76506740183879,7268.273084662277,15028.374402332081,16693.706323339236,1083358.3923185808,863490.2403246071,7134203668733.347,53234.322215400425,1.802817707578092,1.714500210868569,6555.409491951238,13545.01340522578,15047.949420266885,974333.7677681469,768627.5569794603,5796884012925.707,49434.57319539869,1.7676741475173017,1.527354525713271,3661.6698676763963,8735.40423960027,9471.806240051346,540978.2473151247,416733.59851732,2296706904296.3354,42831.11767566599,2.4288080926476177,5.203262097282723,6248.075052904876,12709.385702012292,14162.165328411005,934325.2248498622,754470.5316091308,5134513325804.719,42861.29178150839,1.6913683576959564,1.1859046208500121,4755.0982139207845,11393.789636415911,12346.230246635256,701268.0758966719,535216.7216237544,3902192673355.041,43679.38036813492,2.409659135686554,4.432042655514161,5637.139824295386,12061.611605934653,13313.89574583918,852732.1718193946,715064.4414297416,4537851390235.509,41302.37971714368,1.8240887686360585,1.6236568672100393,3834.793456595068,10277.070597746888,10969.221527793936,587857.2078381658,516646.4771279912,3080289815700.9385,53151.48936713243,3.2363700416226897,10.316063694743269,33,441,474,454,0.5203697468661301,3,61,61,Jumping Jack,caden,original,True
6427.536223964932,10437.246226052263,12257.623370524305,885040.8804142061,532828.2829430501,3846382865756.7627,38875.20513425841,1.3992141008580496,0.7366803032431628,4905.79208331689,8527.63102224932,9838.052999265843,679622.9154350521,411081.93895528436,2477754542498.909,33919.14053677382,1.5723426392452113,1.2694939647948784,8736.98373005975,13251.992502092886,15872.938920529332,1128805.2165958877,491911.74695954565,6449924863356.284,41077.67693468781,1.0617945639365771,-0.4566631407223758,8431.591165951724,13752.676712909662,16131.57916508991,1147758.8266049507,651784.126011795,6661832866804.81,44123.56261610696,1.374511126278817,0.44885707573999056,7193.0487798307495,12083.772052870072,14062.627698077926,950781.9173917007,470151.35839169094,5062591943033.561,43208.67191068725,1.5037133173046946,0.9460514639141433,9941.859530677815,16098.763155163702,18921.171899588717,1344722.8247993262,745513.6134466198,9165075098976.912,56888.448236235155,1.3999775877682281,0.6789869787992595,11770.223366955834,17702.366466879143,21258.220448469347,1547010.0251386897,735858.685815814,11568945577874.438,58317.139419987834,1.0194038142087836,-0.5624387128376505,5983.81094606731,10343.23016811219,11949.41018413968,834318.0634086822,517741.07910346624,3655383135969.8203,40044.22887188097,1.5814885405355004,1.3861698208429685,11901.836195123009,17880.898660785075,21479.763539964904,1608548.6886961565,882385.3701030839,11811334188359.824,52495.631515636254,1.0001391877930845,-0.6750415110223615,10222.152788363053,15731.707163663366,18761.10385643382,1399621.5749185611,809461.3583648098,9010662858544.531,49384.204202746754,1.0536251119689208,-0.5889690025367327,6208.156986316933,10109.096000792573,11863.179806442966,845087.7123061735,482428.933720572,3602816899071.9014,32044.901522031683,1.1807861836366143,-0.3430827936046903,8700.865574059857,15082.237209563926,17412.034372336126,1152372.6467941531,587488.3650030564,7761380889175.414,49400.70532809318,1.4044064400567573,0.2992008359349261,52,474,526,495,0.5482197681180186,4,61,61,Jumping Jack,caden,original,True
8922.62414937764,11665.998272219445,14687.026159113495,997207.8228849627,214915.067766535,5522143677401.192,49112.14675814006,1.4080664957736613,1.5022913454912104,8462.338890209445,12049.739746563042,14724.381394566373,988318.2448252519,277067.81040583894,5550269630787.899,43030.54734636224,1.4729453349004749,1.0247746793432997,17945.58319103292,18772.37056924119,25970.095357067832,1728889.744155323,140976.9293766864,17265813833093.021,58622.63379024276,0.47967759683859335,-1.2040328488527026,18109.906796582196,20149.5013013201,27091.901499761778,1538766.338753593,358362.05534601805,18789660847943.54,63783.83851416585,0.5436503193933118,-1.223720951800177,13682.5532957939,15664.422462026487,20798.711396648603,1163502.7082875785,350889.45306145935,11074211731483.656,57837.5171965666,0.8984082102910018,0.01375956662509159,20167.532492778122,21809.01905642338,29704.590201696094,1721467.7981402446,726110.826650513,22588484583697.9,56151.8934648256,0.4192282599834868,-1.518984031713155,19315.771292380545,19808.35265906953,27667.12590215361,1737359.566670571,439707.58598670404,19596028305551.848,55781.675934190054,0.28409235043144804,-1.616148952332241,8674.042926757966,11224.335898629814,14185.370529545919,982041.5868359652,245682.47707241104,5151353268749.052,40738.49327493796,1.2459969327090517,0.5499404483467649,23037.533100060977,21918.77630737941,31798.75290242279,1972524.5581054108,654395.6074332554,25885713565423.156,57092.92249815245,0.08682298748590715,-1.6523164964975494,16260.490212054627,17524.742010998427,23906.4870796271,1657338.9628579682,60957.01678026988,14630915186902.465,58445.54598595809,0.44554375254991746,-1.2341509682606642,18346.082801885164,19424.734191770756,26718.88943415453,1574070.3135231494,352747.9352548389,18275815746421.105,55951.467582366975,0.4213547929105017,-1.369701478914679,10623.006383979651,14436.89206657218,17924.06530829229,1171597.3657115186,194640.78362053126,8224566199703.735,50970.344560128164,1.2199641603480573,0.2778570839592067,88,526,614,558,0.8155734388718341,5,61,61,Jumping Jack,caden,original,True
5581.8753746613675,12004.388916628792,13238.681428296823,812054.802538656,605007.5219687875,4486724760574.237,56328.80347825476,2.3829394137434163,5.24651751378309,4546.0151755417055,8510.883903612024,9648.906611477683,652320.9975329144,453939.14465744613,2383395809203.6543,33278.945915465774,1.7419858372287989,1.8886942387188768,7299.9421476376065,13870.401476924064,15674.093035640477,1057256.0019409608,760243.5789508024,6289336127741.779,52028.24046390767,1.6058859346334184,1.1320926829013267,8491.270648901824,14894.855133458097,17145.21468747489,1197223.2685549934,776014.4375535368,7525334698997.879,49011.90709451964,1.3468270544963923,0.14033482302581923,8917.726056555486,16592.971102408923,18837.529775030118,1281991.902870059,903872.0161997179,9084224717443.742,56114.73193322889,1.6498469087291592,1.2663130161219431,6831.941941673181,14300.650319568575,15848.78639697595,959121.0528043037,606420.6438085579,6430311174578.428,60755.38725276178,2.197984191188912,3.9031567924601527,9690.312682530443,17317.609611197295,19844.439083306017,1379592.8663781018,940229.6848684666,10081325120794.71,60066.47967341589,1.447625431743578,0.5492623708995019,3937.4644441439013,7557.867295847459,8522.029354005888,557646.748189241,368400.5039726941,1859199598349.7727,27569.25807252114,1.5739510956860914,0.8796194572625864,11494.816364336082,19667.01181824284,22779.862973879193,1624720.2861900807,1069509.8932402397,13284407221983.03,57142.32215118252,1.2173580074020436,-0.3176579931415082,7220.131645466315,13591.271769645837,15390.028242151993,1052112.2488048966,776026.9077288706,6063436013932.439,48895.70023555618,1.6683617154313497,1.3908937522057423,9049.67225943557,16817.39144017069,19097.675849566724,1298133.395472954,900377.8565495433,9336863305091.176,58654.567026932156,1.5821390018117238,0.9591224805720882,6977.885670813029,14941.518857512947,16490.599570796472,1008620.6811404347,725722.8702475929,6961660779631.432,59430.81625582331,1.9153583334917765,2.1259816109183767,42,99,141,131,0.4272722114646292,1,62,62,Jumping Jack,caden,original,True
6469.499766975819,12254.063891846336,13857.002168591602,917492.2102617116,608215.7794579437,4915622632969.02,46416.91146903312,1.7792584123441213,1.9849360788737798,4954.0187627656,9212.443587635942,10459.991336383036,716191.510454534,515225.5287271683,2800932320184.5312,31598.971158333883,1.6797831992071859,1.4867230939781635,8776.45838468211,15057.08793177693,17428.19895351552,1241810.363629797,819159.2718719206,7775798240340.975,45909.28591270979,1.2247078860086662,-0.3149984732674125,8623.8440531167,15351.105243363345,17607.58695691417,1237570.644223922,862366.5913652438,7936694232199.523,46557.13946700058,1.4061914079892124,0.28727182440923515,7271.063348698561,12985.978345095948,14883.01030706115,1042481.539345818,725174.5738206713,5670502292482.264,41113.178255954066,1.4290032385094906,0.38930139690544374,7804.253018136353,14128.111086455698,16140.318709440739,1108485.5149239248,740637.8109872036,6669053133883.462,45597.35022066212,1.5542175451448215,0.9674088843991462,8374.592522272194,14536.034887787258,16775.878819694237,1199300.5879746934,833794.2569169995,7204610820430.481,46435.54585117679,1.298980750695832,-0.02312785135423656,4881.506959622111,8773.69350003914,10040.25935070744,697468.9397571724,478547.632026696,2580654280434.3853,30574.165592678113,1.5008342300599067,0.7860467034845855,10920.859964918262,18640.045768484008,21603.622118166506,1568707.5403734755,1103177.6480331859,11947942108788.047,53128.19296132623,1.1982280174444027,-0.3978985341081591,7785.245270354954,13760.259285067363,15809.95823877681,1111416.3405204501,765331.5500633827,6398842355503.788,43938.12212988012,1.3748436495101193,0.19432990192935007,8959.781280706235,15768.117695751116,18135.909579206476,1297987.6779848712,943835.6248038408,8420127136387.922,54053.86982734932,1.395445864534541,0.38976464282208534,5536.068213313343,12286.297771728066,13475.947617812577,800389.6680227504,570843.7302633874,4648989803469.527,48175.04104597282,2.0662656356725693,2.8126404718906945,42,141,183,151,0.4126071338501935,2,62,62,Jumping Jack,caden,original,True
5961.405728807657,11325.263557577056,12798.435565022926,859989.8431623115,612972.6078013263,4193278794548.3184,47748.16339414944,1.89455808258279,2.72689087343542,4339.923714859117,7736.620928921324,8870.752011448634,614950.2358160545,406129.97483537765,2014470175964.6719,28074.07702026106,1.524602721900405,0.9508881677050574,9082.72438899097,15418.285830385776,17894.67575212935,1283827.314830948,844590.1152465211,8197617159010.461,51294.48782742267,1.244415949852496,-0.11875384775534359,7029.469361831349,12558.071662376982,14391.615732304745,988021.8753551139,635643.1104966891,5302236246689.829,44674.26239649039,1.5514514404636626,1.0741781987135717,7059.798017666622,13227.423261503041,14993.514404208287,986169.0314264157,621776.4492650781,5755020139243.554,52908.013423864395,1.9211180716423844,2.95526605532256,7868.461826007157,15009.18081204274,16946.627987771604,1125696.2369588872,774386.4971800795,7352017923991.65,53778.973301332415,1.7052359366215777,1.4113988787186154,8965.00798024744,15794.479295930018,18161.41361005421,1264407.0628831333,826306.7241069293,8443825774475.833,49248.41015890227,1.3794724106726832,0.19615981700798146,4877.106642221615,8585.771572204885,9874.292009540924,691057.570489192,460300.625676958,2496042052855.904,31111.793545920853,1.4859446828356944,0.8871692904340622,11994.219868054512,20148.314802213314,23448.1534371541,1694564.3223199523,1114007.4628879607,14075287030075.434,58216.65512491194,1.1590651680184454,-0.5005236696150073,9145.360657708794,15712.708234923324,18180.396630310217,1301614.764810722,877990.9831733097,8461486633866.113,46034.895600965625,1.2808801299787154,-0.09165661137221282,7422.781217888504,14364.407436336433,16168.91715625124,1064435.2701702304,747141.07941111,6692707379346.32,53658.08537598022,1.8347729733491593,2.088890602713459,6229.632674310106,12993.421347940854,14409.626004236097,880993.5400660386,583599.5942519333,5315515432498.1045,50359.3193920909,2.0274955828658285,2.801203676135449,43,205,248,237,0.35043846909042387,3,62,62,Jumping Jack,caden,original,True
4849.662871861431,10697.295039175035,11745.26930835858,729449.4610746072,601935.8725797747,3531554588822.2734,44189.31621653932,2.1843386605104618,3.766343576156694,3750.439286308904,9161.38511286196,9899.331897984732,567296.7435871252,477536.6061094896,2508717363877.324,44825.03290643817,2.850746728728876,7.930684576079809,5509.041576793192,11613.619795354543,12854.01508657458,813627.2595312294,627123.9205329998,4229778018454.704,45233.24418564623,1.8846649729684335,2.1610040848984573,6337.493836094506,13104.699764551371,14556.681766170774,942522.9256431886,745189.7363288405,5424562791464.157,45977.31608832373,1.7354490546501442,1.3749128282649385,4749.8671627613685,10977.690777618134,11961.226227811303,716090.3575992734,594488.8727014419,3662615881545.754,48696.060121522365,2.3857548036078864,4.834129646055633,6912.713685255697,15116.320737895341,16621.93620326002,1018852.7474054683,777662.8937178992,7072992336518.299,58437.58215631014,1.9676119103432537,2.310883907714703,5887.058077282473,12428.206020978565,13752.009224298268,880183.5974506026,708082.618706964,4841414597252.727,42496.59346177054,1.8295322070520619,1.717867209500839,4472.23206085587,10282.081905789704,11212.585247101368,674136.185934086,561051.4219446229,3218484938841.9893,43560.6615327831,2.3584042549346296,4.619643550337593,7848.336328245542,15972.377708275913,17796.43876670521,1171407.3043292845,937684.4852350033,8107858759093.455,51656.96832414133,1.6290858004675914,0.8640788425293451,5948.260528729371,12214.906757255278,13586.233856594714,891134.854100716,722667.413459511,4725395210395.66,39908.99096209027,1.6804651909504509,1.0810724887159697,6416.868553536059,13540.53965692696,14984.07208452267,954128.2041321066,754131.3220281326,5747773855594.791,47184.763774762345,1.8523025070482848,1.8841985381893265,3524.4313143885383,9860.291256507882,10471.244422369688,542937.0065297633,485135.4812038934,2806962169677.012,50539.958935539216,3.015614896680945,8.473572877251465,32,248,280,259,0.6272203713511009,4,62,62,Jumping Jack,caden,original,True
5051.726314477864,9776.541059294123,11004.576040922791,713525.4025766293,484060.5641671549,3100177762315.5693,45739.2906046825,2.31352974264369,4.949624440043608,4711.538749288552,8722.19275329121,9913.38710086584,675095.5737100783,483381.5321574544,2515846241577.299,31184.00780662659,1.833830790149604,2.0412917121583805,9626.28757590873,15267.39269953835,18048.78645050718,1258260.3689945359,619389.0978106416,8339422523801.896,49496.30476947675,1.2353414647617176,-0.020713767387916082,7264.70551559014,12273.439207957143,14262.301925694375,998068.9362454176,607016.9651077384,5207379359223.436,42653.98702771836,1.331103319316553,0.23303409975305733,7961.898154359747,13395.576341911048,15583.109052829097,1051464.8599593975,531196.5921931561,6216532166460.521,49426.76959445279,1.590495828274965,1.343328358185234,12031.883080113426,18714.472635839953,22248.543693714473,1551441.5588711544,700943.7814915964,12671941030172.727,59211.318998296534,1.161753285265778,-0.3117628227045124,12230.299770754855,18644.41286909022,22297.855585585432,1588909.8608641047,712198.3708389616,12728175711119.96,49740.435683187825,1.0460880648377353,-0.6745143268709417,5136.131640527574,9886.511830232921,11141.048622017766,746249.5533973565,564153.3134839984,3177547888592.9976,41652.71502543573,2.212462934566196,4.206072322019888,13520.236500875599,20001.415501128504,24142.35732252326,1773065.7609393068,852573.9660564039,14921047477462.848,56994.07637538625,1.0036698932962524,-0.6261956677600069,8797.924768006817,14165.090399824536,16674.929272974714,1184635.533855863,664235.1004098959,7118163616222.951,43487.6457198566,1.2039201539055897,-0.26293144341709684,6671.157278182995,11107.58244083064,12956.956707116957,868400.5631246022,410937.6609399368,4297797814018.639,42964.207202062025,1.4082729951545965,0.6953196311831342,8198.446819310451,14573.140468030664,16720.973457009455,1170341.9340123856,805900.4041579094,7157528405760.373,51367.226855801586,1.6327204395866874,1.284140990081032,54,280,334,302,0.702953565920983,5,62,62,Jumping Jack,caden,original,True
5414.059474148746,9974.467434690792,11349.0986688515,731885.0530417426,456120.6367048132,3297332239240.3687,46445.00741226216,2.2953507413131984,4.981427837396297,5850.702240034583,9303.351376354667,10990.134827811075,770242.2309400894,411885.27943428967,3092046426456.7285,32789.78950991292,1.487115799718857,0.9498304612744328,14150.969365489796,19648.961900146005,24214.285819251825,1674690.661316259,450887.72640224267,15010089926052.354,59726.42816838262,0.907270551215912,-0.803900418646311,12178.881914115094,17008.90011479874,20919.556586915514,1489060.6608207787,462330.7571641638,11203272903504.904,53853.18244210576,0.9860739703687169,-0.5492831549922701,10822.027603779396,18139.54158813379,21122.482109936762,1477749.6867550393,895029.6333149814,11421676812405.723,63205.71932868467,1.3870024971892323,0.3612373547895822,10451.790556387059,17913.05449604285,20739.27306374991,1218383.5860432028,272809.57334475685,11011006648647.236,62548.45363358781,1.62301572879684,1.220642675296479,16145.746463457192,21234.446089427416,26675.584896812285,1936043.4950500422,543785.8928760719,18216622837428.215,59277.578242196636,0.7145971419644457,-1.2022224632830147,5740.670008405747,9179.55306066317,10826.794841454224,748759.4483762521,387552.15374891885,3000818855396.858,35751.44436304009,1.546689936441738,1.3716009746497262,19540.417682841584,24801.330429340538,31574.26031255904,2393103.6047259336,790953.3726466633,25521508205702.164,56847.19864034858,0.5137099059004451,-1.6807286959550876,9416.606345252312,15976.99365234764,18545.533188037567,1250811.0441787,720745.9697108599,8804782111452.234,67360.35787543755,1.5001002297230368,1.1485885886796847,11330.11938986206,17745.559909080537,21054.132655497702,1549418.4787799816,921203.398918206,11347878448007.545,55346.05937292503,1.1219398195119565,-0.46327011303384014,10649.640887808526,17634.915289709134,20601.094347497663,1330288.3848288807,518568.40152562683,10864770260851.207,58147.43831917255,1.2942120825743004,0.00736549091990879,62,51,113,82,0.6060474565640572,1,63,63,Jumping Jack,caden,original,True
6706.325812853231,12861.468351421936,14504.901725374411,969702.3674868289,700086.7488204967,5386039656006.9,54488.58562277408,1.9856067928137573,3.1913972745786623,3758.9336859738105,7263.997767786976,8178.951401369422,543347.9962221229,391771.9237174857,1712518298264.6482,25324.265736341,1.6724486855067946,1.1748350579895384,10211.310771664492,17836.68206385863,20552.812331228233,1452428.5396637234,981538.2472247027,10813903224900.797,63198.598104861354,1.459929548716564,0.7177474634503689,9035.097811777512,15468.71205181093,17914.073936718793,1285548.86327258,864696.6533954627,8215399552261.825,46346.15587391603,1.2945388986556505,-0.030403344765020268,8156.011414886964,13963.286351173712,16170.7726446401,1139775.542474616,714635.0331692212,6694243530870.799,44501.16841679312,1.3239775856682856,0.13920121894631565,7594.016850286918,14044.334257573788,15965.976846435122,1110863.4922477375,830788.3228572016,6525757866519.102,50774.97760422788,1.5645352664840058,0.9399165978348556,7849.416712893033,13957.342853836792,16013.143422582383,1088557.6905033113,667367.5519029006,6564371514168.152,45261.56847786793,1.4358359941966197,0.4128925804233874,4214.543395570387,7789.979014580665,8856.983068785506,603419.2595305704,420987.9303320895,2008221416467.2803,26647.014474418054,1.5480103436154118,0.8122696098162603,10634.195097153806,17748.633401169118,20690.57981240318,1507004.6320499708,1005356.8219510791,10959362380119.707,53167.61110876656,1.1808132263661821,-0.3775845601083856,8056.965107374241,14197.729263105186,16324.527649211763,1169104.0676670386,851813.9387007966,6822149196028.91,48015.56685036791,1.4372728431016477,0.5125121934490049,7317.864653392496,13175.378469331175,15071.222276095816,1046632.9235386091,720243.636316336,5814828566924.458,47243.00066615232,1.5992365304346947,1.20810863449017,6576.302538664281,13804.947215086284,15291.31527015779,904027.6269614106,535230.6725640165,5985902660898.836,51902.53783199168,2.1187659203688534,3.217074499845065,44,129,173,160,0.5447202560843143,2,63,63,Jumping Jack,caden,original,True
4947.3965313541075,10910.105659975428,11979.446479294547,738880.7820483801,593557.958734417,3673782731527.2314,49142.38055846645,2.284993489183173,4.543272251773119,3431.076166884252,7346.8229407885665,8108.519654428809,514941.365820368,422088.23492669966,1683151129248.2124,29199.526181608304,2.0173358644141217,2.8078520551431474,5773.766248319483,12505.439049796974,13773.974826404334,861803.9422025922,691904.222986204,4856892992471.56,46955.44890711794,2.076007352226338,3.073535310733571,7012.11109598907,14288.902849003533,15916.734798656236,1037393.8255074626,804233.8886353401,6485566634259.311,50331.12232858019,1.7082743757940477,1.2878356422777015,4920.86987786339,11837.250418066034,12819.339211319271,739039.3574987119,608077.4427399085,4206987720060.615,51106.16837149536,2.417018223906337,4.711690299390942,7547.559144598219,15469.238281628377,17212.291598012307,1130442.5793400675,915850.4432684208,7584332340608.13,51654.89337997239,1.7309924557754515,1.350677119475037,6069.920275924259,12699.1168523523,14075.208736845596,911977.2777902024,749377.7200556257,5071654425235.83,48266.35498706898,1.8665341619076858,2.0490233809152425,4323.114899414194,9280.867169990677,10238.350348593653,646570.5741104118,522703.4582382766,2683489737230.0225,37332.73351026759,2.0077338825193736,2.794704407478175,7496.371994245409,15267.719036308275,17008.78707162145,1105439.5461932311,847598.4203171686,7406050243782.577,50195.48124811846,1.7051889915653653,1.2509547891023853,6015.85967880218,12450.896217957525,13828.065096223221,891243.7436503288,694035.3541450801,4895113838217.904,44355.4355687871,1.8192623875147567,1.8334442320445312,7377.161984596352,15288.40200817049,16975.21001078941,1097055.5403384597,868892.3416245547,7376838525706.366,51833.236107670666,1.7825807823105226,1.5531943301211948,4205.02246967236,10748.521692781733,11541.790699481988,634096.2589338723,529524.5907811469,3410251073296.6123,49938.42524336188,2.832981559762494,7.27483794031124,33,173,206,186,0.38974897751130744,3,63,63,Jumping Jack,caden,original,True
6146.343395240094,12704.466242335544,14113.149883525468,912811.7512392843,723615.2321897417,5099033590652.287,55622.58568144721,2.186614479248295,4.1436582133490925,5170.1961730945895,9936.377187846248,11201.005315927374,757091.0003345844,573280.445386765,3211840514238.2915,37169.88317479262,1.7678136196998917,1.8461480214875285,8175.981992173433,15400.853134639125,17436.540907274815,1187557.0819726223,868435.7948940644,7783243745563.342,52232.44514237327,1.626070488245529,1.1539110086093807,7753.8876862548395,13884.797484251394,15903.156146807096,1124964.9325461981,818605.2333335233,6474505611001.045,45179.545973766835,1.3728704709229083,0.18684077117220932,7543.525435613931,15875.786711094479,17576.842142259753,1108678.4827848314,843743.5626696914,7909001720164.3125,58842.57744691309,2.0957138511605558,3.153076710168463,8035.165008878667,15578.721841907147,17528.846252603817,1166060.234605367,848366.9652152498,7865867544254.027,52460.64063105366,1.737944366829684,1.5415817471381636,7407.801093215237,14120.576836872815,15945.726927383084,1058601.2112264452,721227.0408977029,6509214905412.35,49960.3107987852,1.633149719139378,1.1059063348014204,5640.903105649294,10336.075285953544,11775.15350915747,824720.4655521915,619497.5883520958,3549548548204.12,36410.34443460151,1.5285685007374388,0.8763144375872951,10160.48548165445,18123.16893857319,20777.02379069185,1454489.8309086133,999505.4794279808,11051128770533.758,54990.706134343505,1.348047102851839,0.08739514780029767,8111.0551319091555,15145.972613729547,17181.08558178776,1150954.4730988739,763346.7197682543,7556856365279.107,52192.21605752195,1.6159820863658878,1.1751887936467371,7297.631839027761,14139.855422103225,15911.974793091324,1072502.1959335566,822015.3823607025,6481688110488.926,49531.8459584591,1.812265188731873,1.9761242229596405,6237.608329765875,14034.621453393745,15358.331843518183,912096.8430067684,677782.0486874377,6038485939599.988,52873.5933751909,2.2904024893346775,3.8610745468823335,40,206,246,227,0.41639342654971867,4,63,63,Jumping Jack,caden,original,True
5172.533002193331,10453.955118590025,11663.630450261779,754535.0095001725,570888.339169279,3482631047175.009,47443.75427030636,2.3198390254041086,4.823347610091298,4797.21374421425,8606.969000015613,9853.586914160136,694058.8835642238,507100.53514249023,2485585281917.6416,31242.792165577343,1.6063325266309472,1.2256162258996124,10346.1614551446,17021.899949821956,19919.541529806065,1393120.3193682292,765679.7124056057,10157776249796.314,57941.77198282408,1.371374961240613,0.49356377778433647,8351.437431830253,13616.386758424482,15973.493529368368,1135506.0395558125,636472.6728712015,6531903885638.991,48697.257961759475,1.372833783812261,0.5659446705035727,11772.35676371976,18600.92436726548,22013.240812952303,1568518.6842921136,802133.010286041,12405318939879.143,55410.54624199991,1.1570902720898322,-0.29375019624325027,11093.219053907698,18408.62551680404,21492.71975334694,1503038.9495998349,847732.1667837383,11825587261335.29,55844.54944997057,1.2772619293262402,-0.03188470166331436,11761.909312155238,18592.75315350242,22000.749543923233,1564448.5536240884,792002.3332104024,12391244300657.621,51788.88442593278,1.103393193571804,-0.5487701000501342,4153.331105230114,7240.457374585294,8347.118201083447,589681.0689373045,408081.0971696037,1783664185929.1792,22279.15729572544,1.524015869479991,0.756526605315861,14715.637286183372,22364.769394534105,26771.867525617257,1964447.8154193072,1012127.8167185913,18348362004715.516,58459.197412672445,0.9522523015627132,-0.9261043427711115,6286.993864150625,10494.1576489803,12233.300315512544,837369.9853539056,431287.76738264115,3831133097203.695,37191.3334225134,1.3789462851339616,0.38990167849824564,11218.24042608428,17434.563283430423,20731.929846045972,1528150.1395647814,870056.2814498468,11003210627619.117,55152.94548306841,1.0859265048860212,-0.475305995928212,6638.980710821796,12872.870456013878,14484.02080418206,945093.2189808112,639213.4400564701,5370543581593.057,48340.13671527326,1.9671708271021704,2.7059531900873655,50,246,296,265,0.5643054627737003,5,63,63,Jumping Jack,caden,original,True
2534.85336255357,5787.908332289849,6318.6521056819865,377045.35000400123,304451.2238763401,1022089329475.5684,28564.142193131807,2.67747670400501,6.768555609313106,2677.4518427465932,5395.366162349139,6023.182248284475,394535.92920449085,309943.15047140524,928735344538.8599,20952.612605025835,2.064371069776202,3.012598629140289,11113.485453296924,18815.422736324388,21852.452760897006,1579697.9443514962,1075987.475118387,12224760106681.219,60145.01448912141,1.33380483270782,0.2423727692101978,10259.670407957168,17460.579646604663,20251.732727728187,1456380.3094852467,978540.1141714681,10499396568968.625,55602.900427321125,1.3346223843208966,0.18365969010520233,11462.819374658715,19199.746032840336,22361.271782741234,1600766.6667731914,1001414.7775602876,12800677778985.453,55050.19991527743,1.1911553261609933,-0.4121845561085711,6025.002797426957,14041.243362095243,15279.30541165358,851319.1097806063,563589.034417902,5976503650882.211,57051.19298014122,2.2745363051968726,3.7758774924819,12201.925567672428,20164.304678552762,23568.754119140936,1736214.0078987584,1182184.5352692308,14220445970650.186,56374.25538954155,1.1604817540642784,-0.45557955308670683,2280.98335060981,4886.356375280792,5392.528504514965,333391.1785226218,253689.90324176752,744431710003.364,21083.534192079023,2.420730960344604,5.047787723560997,13492.60509673035,22315.28752640198,26077.24007026636,1892076.5258512606,1218138.136040978,17408574711867.018,57033.23420968911,1.136707132300563,-0.5864411092108006,7171.806119913451,15237.57894661141,16840.980232036476,1033164.8469317575,755523.1935528754,7260636548501.59,54931.74046585066,1.971089339791931,2.3450242746919097,10830.647810400045,19035.015416064365,21900.564921543264,1532648.3011681938,1009827.7533680341,12278649443397.918,56420.98767897153,1.367980800722359,0.10818096396679833,8476.640274822576,16393.814495094728,18455.638272580065,1251526.168567116,970435.6224617271,8719630951637.044,50509.83618820306,1.6328348444771297,0.9170806394205666,45,90,135,122,0.6506270658276015,1,64,64,Jumping Jack,caden,original,True
6073.4545775407805,12732.597700658458,14106.94491065532,900394.2441326488,705388.822450816,5094550904633.96,50727.78866333138,2.015883070349217,2.8899942911853866,4714.437168249703,9723.039663939626,10805.712291187356,698067.5359019806,545732.1186348392,2989143503869.8877,36764.00306876173,1.8795893357337954,2.161661044025987,7739.003299106456,15291.65434581067,17138.461561509277,1136898.68062799,860531.5342554069,7519407736200.473,51435.23093586533,1.6470394643219284,1.0810722917663211,5635.325195117158,11379.662714613129,12698.56738191669,823446.0247059423,611006.1602784252,4128092506958.808,41421.92181296009,1.7881689669627836,1.7560514041063326,5128.806394485864,11382.726934750515,12484.835902133995,755185.6987794882,578943.2267638762,3990300864082.277,47736.82305666476,2.1114666879973916,3.1511249363254485,6682.575638931606,14046.605263889249,15555.190021647544,983212.13371377,749429.2329212255,6194276777204.821,56605.212705394806,2.087108319154797,3.376267952087063,6040.536721708314,12319.860684843488,13721.044099493993,902127.6273079916,724645.2836989909,4819636510214.627,41826.8417430593,1.7402886537048714,1.3425238881577526,5252.221341663773,10449.608755690822,11695.30470611342,775504.1415761802,598549.3666838644,3501571895522.2705,35884.063600920716,1.675210024627672,1.1795255127381772,8934.472236834315,17419.382438885055,19577.019147533672,1317295.8568153444,1009902.4104127234,9811447774794.24,55105.55940151199,1.5533861477430682,0.6428183230153768,5994.924427528137,11920.402347578427,13342.979840347763,881560.3228141491,669259.7752378018,4557698842110.126,40845.05058679809,1.6661799708365779,1.1341338276542414,7044.094789556255,14319.015747245578,15957.865877808363,1046849.9342181694,826502.7443674573,6519129174377.484,49337.84082929283,1.7434751538462057,1.4046596799323972,5305.065919128458,12499.091825868372,13578.329090053308,805727.2709457002,686864.9292130498,4719898134471.37,55000.95698312274,2.4219976553220164,4.960864782364459,35,135,170,148,0.38626258362098365,2,64,64,Jumping Jack,caden,original,True
6585.609212592526,12283.22605070826,13937.284201514352,937012.1035027949,637910.3734968442,4972746007392.809,53303.6888531783,1.877684246837523,2.595717475522208,5956.897573363467,10233.569277542574,11841.054381169222,828276.7074783812,519470.41534755414,3589390562759.8545,36972.7786158181,1.5331255470217358,0.9707697535840762,10633.542185573595,16160.907921634114,19345.46883029485,1426807.2935177728,760930.8493246473,9580727405156.086,48760.52635811148,1.0071275539169262,-0.7036540262899607,8540.032254145211,14040.822432327164,16434.014892228322,1185821.3293246678,731120.0862299544,6913967244236.346,44615.241210212276,1.3163393845489022,0.13257508708613974,9395.608707297666,14999.879865245353,17699.544032331472,1255358.546147894,659199.1286807903,8019810789182.48,50073.334455834556,1.2202828045603118,-0.07358356392544696,9498.798545289252,16510.6815213352,19048.091193160242,1320568.6425533714,819855.796779901,9288442319435.492,51524.80659828369,1.460302800580124,0.532414549105285,9964.44023829058,16216.161365190475,19032.970306401483,1294502.847646278,572996.675276413,9273701342319.629,54599.26430013439,1.2356761153239493,-0.03381928547266311,6287.437501318932,10410.862151072666,12162.151169165307,879239.1405145753,558493.1224054649,3786698779177.703,38951.3202960882,1.4534605842170716,0.8535107314533601,14159.528550708696,21604.659512189544,25831.251642457763,1934514.2123030985,1113906.295373772,17081691172249.004,60243.27850166623,0.9955938926907711,-0.8137438681860667,8466.256709282472,13866.406021557372,16246.683311437846,1150706.4003894357,652247.5083849693,6757240796727.117,51807.66262478308,1.4179645989986263,0.7665631407208355,11545.117453451923,18372.554425557348,21698.85925881974,1547460.3402324603,818925.8716707104,12053516624232.12,55536.06159233539,1.2149590194682307,-0.12915493210527718,9093.80937976552,16577.374944198462,18907.848346018916,1212853.1262444244,662546.7623679717,9152172264346.887,56332.428697712465,1.5567710087272806,0.7846781646420538,51,170,221,193,0.5093900976539781,3,64,64,Jumping Jack,caden,original,True
7447.987692082743,13834.6679483317,15712.115004098348,1039947.2789629998,651764.6074865481,6319886282291.52,53177.942596706074,1.8993222471167672,2.6057241719267425,5528.092605301448,10089.528093611698,11504.711426392592,762459.1039017782,465786.7356869556,3388374656116.9478,38779.77768902147,1.5068374136890594,0.7488192608259681,11458.70378441775,18094.567625406064,21417.639224933806,1560295.162187429,881360.3950578583,11743110911217.23,51797.99756132217,1.0649312709990377,-0.6463388578891371,8241.13741015695,13158.585034255073,15526.258593647406,1135762.5931623876,680540.0431607396,6171256471470.336,39577.34532688542,1.1235248306111414,-0.45804039842428157,9652.548425525243,16455.756612725792,19077.83050570422,1325493.889871895,766764.8212860358,9317468590192.09,56647.44597898665,1.477846933147285,0.7932886964325192,9070.25782594032,16069.183036660737,18452.322902408163,1239666.6685781232,716557.1753969152,8716498444665.26,52610.0830112866,1.4918155749600301,0.6746149704664282,9151.293553410196,15318.760429129483,17844.0632924721,1241666.7907762856,690719.7058524587,8151311226515.205,46535.53340279571,1.2925423061668202,0.006849281719386369,6663.823068545971,11447.410991900888,13245.744837734821,914250.2787219434,534881.336987111,4491513761443.295,40669.02463908023,1.5601278226945148,1.2291474063679386,12290.357203811174,19842.299086788484,23340.30233837686,1643899.702856346,846527.4595028784,13946104659119.113,57509.20210702359,1.1737815056670682,-0.3250751830895826,8608.520932652076,15428.51701013666,17667.647545159634,1148028.301047259,593561.8728977059,7990931706367.621,54863.34614790447,1.5267237566006524,0.8163878388410701,9241.633329081767,15959.43667684991,18442.109576498486,1296744.365047899,839849.134703893,8706851984168.373,52132.94376760251,1.3448844680573409,0.14201289293361619,6489.115467292763,13300.7207488212,14799.24971023805,894766.0093548342,536740.1190309847,5606855474841.113,52476.363197580955,2.101063184160696,3.1911025795575654,48,221,269,249,0.536824565214342,4,64,64,Jumping Jack,caden,original,True
9432.248493746414,15778.39010763895,18382.733910836552,1230538.5846192536,561569.7596767073,8650877594537.477,54427.390050842485,1.513520087449175,0.9672060084872922,5556.991159758977,9447.943074430088,10961.011772975653,733882.3395937328,356975.72484573163,3075680744635.1587,35974.41776806984,1.445153057369141,0.6992024472047018,11217.608285490473,16501.096548081354,19952.9677726349,1494242.5656646437,764624.498648393,10191895627156.658,52095.57594122515,0.9396339792042291,-0.7938205875004236,9358.491718977666,15100.993922195741,17765.736255285516,1299359.3847787015,812236.2786050979,8079907448124.574,52563.64303874588,1.362137061740261,0.4835149362999469,9108.62910045547,15256.932935641786,17769.10596209993,1227169.3047514162,679260.4131250451,8082972843323.779,52416.561272828716,1.4857034299759049,0.8220045012438617,10729.560616652818,17349.48279776703,20399.21626868153,1433732.6614138903,750213.4951927512,10652877424036.896,53006.89913531993,1.2609989806129238,-0.06627790675210266,9085.039048343,15087.748253158397,17611.873320592596,1236852.8364162825,712317.615690213,7940558895631.394,49632.22857796935,1.3570222942136625,0.2935428474535535,5895.4542076097405,9989.415925949392,11599.34527702468,766495.2318538378,351617.2834916023,3444347157904.25,39055.97909878323,1.5332432633949584,1.2216792051164367,15596.334419787692,22496.981856548933,27374.43771089639,2061984.5563075356,1029271.0733381859,19183611903686.305,60578.9720143916,0.8059490327220294,-1.2403787786279667,8442.49423322098,14023.564094883171,16368.752512065968,1132335.0645700388,625544.4914925881,6859163105312.408,49144.56549640476,1.484356400394458,0.8963586716246592,12398.991458366678,19130.919302247057,22797.52316664551,1659060.5179587838,885706.3689038266,13305012800863.71,54595.80317265001,1.0698324862173332,-0.5944804572818105,7152.013185856571,13411.2303289329,15199.091800050286,938343.0001356576,446154.8125476324,5913917223586.711,49416.00369882278,1.88939880298679,2.274074617103653,53,269,322,290,0.5320102054704474,5,64,64,Jumping Jack,caden,original,True
4958.612682072058,10793.70318625911,11878.209806358276,707561.1012556067,479028.00845737365,3611951826018.9673,51042.3847168832,2.4365273441674096,5.623196196633325,4896.122696813809,9243.968003767544,10460.543098564885,722644.7699643956,558372.5124657167,2801227825073.496,32644.083966466435,1.5952821337134246,1.0871929025250884,8190.460660060377,15183.466352205392,17251.704156185555,1201498.6065591285,907056.4544643085,7619105185089.279,46121.806158988984,1.432897218956784,0.28264197109559275,6940.287113885849,13654.385252176806,15316.978221504183,1007212.1290017338,728067.6127395309,6006011439053.654,46734.68870742879,1.7661629500805325,1.6548733367426243,5977.074413440872,12239.880293706132,13621.310074587733,853592.4601962985,584068.0736698093,4749826256590.471,47820.85193220375,1.9395369724623799,2.472185004014026,6443.642627246138,14080.360933117863,15484.737463532769,933414.9289892584,667224.1461371768,6138293614452.102,59971.989681982086,2.0812659658528836,3.1437875372751156,8102.841615642869,15315.081094478477,17326.504297712396,1195158.8274179255,923862.2759318559,7685318430173.338,51367.68259648728,1.5440046849508553,0.7507660511122594,4413.984821625233,8147.361305030384,9266.215961234895,642850.4474915141,472357.71777648904,2198086610950.2542,26537.439336355892,1.4228678701174202,0.28053776565866606,7945.285345502979,15061.447725486567,17028.645477812643,1141175.9187716478,795510.9224833408,7423354030311.141,53877.26903103995,1.6287934101744375,1.2578968904243357,9003.654646415143,16738.552145446214,19006.44429970359,1325493.316204357,1015946.8059110638,9247870077894.016,52698.630362087504,1.4628528363769362,0.42402326753924857,6075.813622794996,12385.740558671516,13795.726887904888,888721.3295017312,662322.8125748537,4872245257360.944,47282.572084846965,1.9268485321356694,2.41364837832809,6652.778007346598,13771.787930104027,15294.495676771872,971643.0481847174,727189.1218535138,5988392908973.913,51810.90974008216,1.89427931112702,2.2024318846592497,38,64,102,91,0.28999203976526866,1,65,65,Jumping Jack,caden,original,True
2595.8658020284597,6786.709594308262,7266.219538358077,402452.41075875383,365687.75667319936,1351627427318.1865,27207.148719059347,2.498220767986129,4.771938560490954,1980.5878464141902,6040.797351760212,6357.197563580732,309605.99347999203,288771.94200140634,1034597398077.3574,33815.96089410603,3.3509376821189667,10.9947700879621,3861.5956665462663,9645.856360759259,10390.113860025247,592780.3134941373,521288.6991644636,2763634330221.791,41854.039059404684,2.329136278532062,4.0272282750957435,4453.402263522694,10999.391699823713,11866.735418256356,691070.4815346607,629236.710560222,3604976882864.6367,42040.56525861167,2.236622607002038,3.416166896028077,4831.311955329989,12040.646483453944,12973.771346421456,742869.9979659365,656820.097514696,4308959819500.195,44746.279406566755,2.3037282532570162,3.798153338618369,5341.662726127276,14061.806845951098,15042.199721202169,834855.3665701075,777549.9036086994,5792454974784.887,56925.38299340721,2.5987558702910816,5.431321889134249,5238.023537259423,12706.849614755216,13744.123024365303,805238.6992384045,711038.3646851773,4835863493347.545,48138.07790378791,2.127017397690887,2.867009566666444,2240.6491318685394,6519.54800453626,6893.838895390287,348930.6500848717,321658.95698181074,1216640376719.2568,34039.85817109378,3.0725782513559126,8.906518920692898,6755.279942195087,16128.521743437926,17486.080770886685,1041952.8790993287,930281.6861422358,7827533330584.912,49923.55816988867,1.9846977452504828,1.9822603418508429,4066.4439210798796,10924.279714131753,11656.57983440589,632049.629741906,578585.3925009414,3478421847958.4785,46682.24695802724,2.625493678349344,5.545594811054,5231.6646162791685,13245.641439715906,14241.395009153655,813158.02379466,744554.9164808032,5192123694252.715,48029.22752732163,2.3682911740725663,4.070383978750675,4058.227162573347,11921.763239759335,12593.555750776866,613002.8373055741,509262.18767099734,4060099749066.882,53653.462059022575,3.0166322263795804,7.818530184130074,24,102,126,114,0.7207065822062254,2,65,65,Jumping Jack,caden,original,True
6769.45027578464,13639.335081706105,15226.848607225975,995277.986379318,757703.3252695344,5935537113788.92,57360.87310808046,2.0486213989176956,3.3066531211857155,4615.143158582408,9659.957049817449,10705.807609822243,686641.5943752042,548782.6544855337,2934126504410.3125,38481.89891968719,2.020896785963096,2.839645678492321,9641.28306322261,17423.329245137404,19912.979211801616,1386331.4409900103,970886.3546426655,10151084571894.87,61761.315269066894,1.451844704699189,0.5921833608796332,6170.354003346127,12633.778386739801,14060.072007349867,904570.4374209163,679249.9725088113,5060751996207.701,45497.04927172572,1.9237452626127387,2.2813283561190474,5844.056170887818,11300.820556500594,12722.481588853583,823135.9052906212,533120.6555349064,4143655367135.1904,39020.19392732489,1.7668034785224973,1.6967285116710684,7777.81783276598,14832.664459649775,16748.205432590385,1147686.5481929586,884517.4250290375,7180861061433.602,50103.41507316977,1.6692639485842744,1.2827670072685287,6587.695592833867,12562.153598116285,14184.690206222647,946597.9105492417,669083.1244122031,5150859167910.623,41753.6711037243,1.5500329559333061,0.6957744608974199,5699.157651534815,11065.005781076617,12446.475439750273,832905.5963552651,622699.2264423189,3965817622331.053,43603.13121230668,1.8589722695636355,2.3563199370241223,10488.065422758566,18287.031843066015,21081.15390440889,1506442.7486732986,1053842.7008095689,11377025278499.176,49837.048820455035,1.2006106180945473,-0.48830157090641224,5936.2371110847835,12002.759423016943,13390.487101141702,866179.0035666223,642525.4077923874,4590211707029.5625,45159.04794348575,1.7785390865371278,1.6424843051161426,6721.470190462594,13538.864393661905,15115.52217395229,1000994.9720242587,802398.9967498023,5849062671135.83,47118.52814780786,1.7693046463119184,1.4818597299010206,4145.015328661909,8860.070742816311,9781.717929001621,583026.2642850637,382043.7066663451,2449459344449.325,41285.97351552679,2.210139380806404,3.895604902336192,40,126,166,139,0.5856781792671881,3,65,65,Jumping Jack,caden,original,True
6193.971865191917,12582.241698848124,14024.196719777627,912813.6663055593,700836.7131178279,5034959197056.551,52452.38372899881,2.029194223730758,3.1478664951305744,4747.253411522642,9581.485160407232,10693.047873843889,696965.5848103187,527370.0080161649,2927136584507.3228,33272.16859073674,1.8702244118252127,2.030938722218826,8581.821337608164,15506.42637911279,17722.779593547726,1250964.1323732354,926056.1205956923,8040881062949.676,47711.581183051654,1.3618794825572171,0.08829519174483824,7592.207959615485,14124.487857591816,16035.672076383558,1106386.0183581822,814745.8458544138,6582855140897.469,44468.537630890816,1.5158174786605056,0.6517895812583712,7164.665006217974,14865.395361718989,16501.89091927167,1051513.3785479984,795521.0129882107,6971197540135.445,59151.09757721341,2.085343135376002,3.3023589569398766,5955.705856643207,12336.525425436457,13698.9157170666,868602.9921190083,639150.39334922,4804103470676.336,48601.22729252938,2.0335831997387643,2.960265779437197,7540.980096432712,14622.162070550345,16452.1732434422,1074793.8133321288,727022.0257214394,6929254513465.228,53158.33531725826,1.7067645358155321,1.4548495423564587,5086.446510287805,10246.60460090475,11439.617299075235,735548.0629110339,523690.1301364602,3350140005102.1157,39081.79819865805,1.986727143238247,2.8271371300808186,9729.492110583189,17663.382672194977,20165.765647609274,1399168.4603636432,984429.4969618676,10410447466350.04,55124.41350721441,1.3780635654291444,0.12107387799700442,6964.701805215574,13074.368546675476,14813.716081046985,1003694.0906943188,709189.1499952936,5617822313724.672,46432.715518392746,1.6261823141072884,1.2689010838767851,7071.972494787075,14521.783910797101,16152.244516441377,1011470.0892611478,691896.701939761,6678912074724.109,51391.27270520659,1.8274666521140002,1.784417534018524,6671.807857141151,13981.440680930478,15491.730167963424,953098.4165057546,652997.1357894912,6143838812082.893,55105.18418382722,2.052451679107446,3.0334435501124846,39,169,208,196,0.4865137220790341,4,65,65,Jumping Jack,caden,original,True
5879.5593378670965,12343.686182301177,13672.4469856216,860432.8860850112,643808.8486853852,4785556648310.609,53306.879323720525,2.194055553366354,3.9252866146399352,3845.1970184218926,8282.397122529592,9131.464406422832,580037.2425620843,484613.1568744671,2134621240467.6375,32967.11471595902,2.1200903164199763,3.3204703454983564,7981.192551652811,14456.19788062387,16513.058217977443,1145303.7959255544,796590.1060580983,6980635947783.996,48324.95161173368,1.3969668506428103,0.29639852292403734,8306.022230457198,15395.945717098064,17493.57452942878,1206289.0978636194,877902.9302790595,7834243835306.991,50951.5711502811,1.5032293431574317,0.6310573646068147,6609.0387068689215,13734.683488187493,15242.077389568058,938215.1993217301,629724.2385021414,5947415632629.295,60928.45840407582,2.248017006708767,4.5278627994450185,8200.326325143633,15420.853594549506,17465.625594961497,1186307.2936083295,848130.7061003519,7809230782038.378,49895.528903953986,1.5373165197797938,0.6831153993897519,7388.6538305909435,14425.13532979131,16207.304979887916,1060442.4743053233,738464.0941657859,6724524408604.151,51436.15301985196,1.7182403598227143,1.4696079692987105,5516.6277776200495,10631.398139724737,11977.470870018917,802791.2851023437,590539.9434355627,3672571096119.084,42880.539043955614,1.8206099638702307,2.324347228772835,9954.416763494939,17886.531387355037,20469.939378810726,1430587.2004485198,998889.0507687808,10726871505207.965,48996.69387277976,1.308267730575369,-0.1689944407929982,6311.0218661429435,11767.51650266154,13353.031177801764,910378.9962238957,644143.4743565083,4564568105864.857,38166.26958572741,1.5411481478995066,0.7869588757625747,6110.637044366221,12896.843545655227,14271.245864642991,857263.4666413107,536406.1942509302,5213912538344.694,50502.54434744195,2.026044071025147,2.766439877862102,4615.061102317166,10543.699094344624,11509.49084756596,659398.8754193796,455514.1712228047,3391190516997.2363,51294.40275595228,2.44155850653461,5.175168427413237,39,208,247,220,0.6100120321343956,5,65,65,Jumping Jack,caden,original,True
14730.833427467389,22177.395992052603,26623.943104959148,2011727.907449015,1162637.2944101887,18146159269276.203,58091.41716997213,0.8996474951164104,-1.0759503206797456,2476.3858197272734,4517.959901544285,5152.130471960932,359486.5982828366,267756.2384315564,679537879042.7739,18149.022018608288,1.9273279629002245,2.8649149657755553,2215.464651221298,4291.012344565547,4829.18943115975,313163.9360064202,216104.6815517162,597019406387.8407,16873.74120943672,2.044862747212717,3.0330092504262165,8316.542534719742,14102.828378408944,16372.374537697924,1189698.6374741197,833984.0384441483,6862198988868.079,48664.057205448174,1.5797132188443672,1.3674210221403618,8888.688280867833,15577.775409002976,17935.324531431677,1181555.1429772745,597544.6191171535,8234902170823.039,50787.214293271565,1.3799819361621046,0.22345366969214586,7395.686826934811,13793.179381432827,15650.814071174726,1074651.0224433537,796409.465378584,6270668315916.309,55358.391153410856,1.9099924358534954,2.574725909515828,1115.0368299290908,1853.585489204416,2163.1195754944965,153799.54050175377,92113.08726245804,119784609225.91974,6276.042950444644,1.261515221854438,-0.03673922289562981,2110.5740556145215,3907.0771053062444,4440.695255367266,307176.7099140278,230755.54866183674,504826223386.65857,16293.505792876365,2.002604957509214,3.3086750196115373,16345.431366079569,24271.59309046099,29262.31975924211,2206546.3359723324,1201455.762895742,21920853956918.562,54916.42663494048,0.8161365036778963,-1.324306438783071,10128.949799968093,17944.00839488978,20605.41339857438,1352930.469058975,680830.1284393213,10869326369949.402,59424.36140178052,1.5652036454450633,0.9237809862938118,7242.677846117018,12626.64234540315,14556.389638277833,1026285.2170386056,693998.0344900567,5424345070114.875,49356.59288685951,1.7047088763311669,1.8961834025599575,9106.756104668932,17111.638190033766,19384.04416773102,1172110.2201049244,490551.24205216486,9618973908391.598,56530.152852177016,1.6494082405573525,1.142451780027832,50,56,106,83,0.5938478005593011,1,66,66,Push Up,caden,original,True
12300.259770723025,20270.7004951689,23710.708319071953,1760445.1258984385,1226122.6294336019,14392260838197.96,55745.238893815775,1.1757072409308464,-0.4051543542069691,2335.209405023173,4543.806676964354,5108.755433854172,346135.4001803534,274775.75534107396,668144181323.124,17896.30147752033,2.0511125342572485,3.1339219590017677,2499.2188631348035,5453.410664771116,5998.815116711645,367469.5390788109,288976.83071842144,921236039794.8965,23234.156747746983,2.5602212480849356,5.657912413578133,8826.472671562431,16849.352975199337,19021.233280329045,1297710.8247078713,1006138.5678970503,9262267276920.25,56657.704851714996,1.8825992861050656,2.2079146114658528,8181.861493690085,14735.817343007559,16854.885649817115,1122479.311147381,651617.183237938,7272631558871.318,57415.16014885826,1.7156030889939977,1.9031905205235695,7267.639312894031,14835.567397382807,16520.067832324734,1087600.448441994,888474.1568111365,6986563614326.029,58987.73226379804,1.929628312839648,2.3722020906057155,1939.073175432691,4317.4463010590525,4732.90052105589,260124.93428449007,142341.89276253097,573448891960.6045,22682.226091233788,2.991086400121219,9.277984283273629,1949.9489486950595,3984.0208969890737,4435.619845090716,292542.76366127835,241257.9241102477,503672919300.16235,15727.656138331578,2.145398911177242,3.442397799562854,14806.313892913944,23394.24490984986,27686.05472069888,2050474.27995418,1244623.5005634513,19622851225536.84,55766.058416770364,0.9617391911456032,-1.0457160208718315,8538.331906384012,15013.351221003746,17271.474361755856,1215568.60189416,825248.9240517123,7636577961697.02,51875.84816491814,1.4625452734665831,0.6484656859803377,8903.765213522249,16235.207722577754,18516.452272851224,1290397.5330431955,945211.0674894779,8777190522183.098,60517.55627769418,1.801420130622238,2.237809374688302,7072.242368972504,13837.10283288991,15539.691983223469,929178.5246536833,421257.4914225778,6181939889496.57,51533.81296359236,1.9534976241594024,2.561147639141468,46,106,152,129,0.6131831653241735,2,66,66,Push Up,caden,original,True
12875.526210732156,20761.372157451635,24429.771776737063,1831222.589604116,1245267.557349064,15278431976024.54,57847.28156052743,1.1307935590728475,-0.47728324866155436,2243.824772190797,4439.944992284471,4974.722217652864,335171.44314874517,272549.36317996564,633545245255.911,16902.08088207898,2.033756256335567,2.9170177997720614,2196.1453968205287,4632.932434085551,5127.096404669787,320344.4672060081,242992.3956060457,672950209095.1132,21560.137952319572,2.616536110989818,6.5431205623118895,9177.252574823444,16723.921434126158,19076.464896749814,1308083.4657275619,893012.8694495352,9316134731697.352,61728.84102514623,1.5443209541954857,0.9051752869088467,11003.526045703233,18977.377188104707,21936.691418216793,1479141.3492711908,775005.7538435906,12319191817678.496,59095.23470109957,1.4064200851407491,0.3982516000521015,7981.820078283895,15810.102841472388,17710.697434602323,1178891.118515177,924358.3270742733,8029921372672.748,65619.33528356659,1.8611345267872108,2.219387167686028,1426.275277510781,3073.3463997486533,3388.1734400833834,199987.32441742273,129714.15981632938,293880813058.2136,15776.51447746655,2.8507623407935485,8.616721659131436,2133.3171517206947,4004.794532937218,4537.556756765641,314540.3850909781,245208.3713010716,527089185814.2598,15554.181747470386,1.9467817255878737,2.757029049820531,14770.761027760576,22965.361699137244,27305.36978895196,2049242.195179451,1256539.1896774515,19086930414372.11,55550.185297917495,0.9231154506236279,-1.1234365307664598,8510.843188245324,14745.867593400084,17025.717689923928,1185612.2599341648,748431.1983042156,7420801609138.906,56225.83422039735,1.51500213006607,1.0812290389713688,10655.067406271224,17708.51751867732,20666.93141570574,1497599.3368223556,969960.4003748823,10934324586022.014,55797.22236911136,1.3000262067604453,0.10748132975584435,8507.174095915112,15970.19071154272,18094.723055666105,1105817.8574191073,478370.61088959797,8381926463008.115,57678.081109818675,1.828334852670244,2.0638137062456456,47,152,199,176,0.6662595870750312,3,66,66,Push Up,caden,original,True
11966.853143018317,20067.110492745567,23364.385240674037,1713117.872267102,1193790.0887238148,13974899140470.441,58553.00333226838,1.3033568718845068,0.022662852734384842,2413.0027645224222,4528.366425904767,5131.148490236311,356121.39241968107,278640.2426394458,674014331618.6719,17439.555974198225,1.9224999052035288,2.6668533203865508,2704.826855435293,6115.825403150799,6687.257186598151,389995.31156298664,288837.37134570756,1144816862200.5403,30325.05896239801,3.044644684134179,9.12874840760279,9598.763712410107,16400.359213019052,19002.843132614133,1372677.8864985094,952234.8080326465,9244366006342.145,53262.10794956566,1.3846289359934705,0.3455017080687588,8169.119597107451,14613.549422847307,16741.873901264633,1124221.8623926365,672076.2665099677,7175432748181.656,59323.60113887478,1.6924972288462166,1.8506458076889816,6742.641338062892,14253.369316747661,15767.743944311063,1002989.2146789182,805137.9430988439,6364716776789.969,62006.72968834702,2.3567292686277246,4.942680598864421,2376.434280425765,5347.572923112965,5851.835272561393,311331.77098511124,158750.23541868723,876645787064.1578,26335.836559730582,2.8299467292897065,7.669740130076773,2222.4598690553203,4152.909172537305,4710.1998327996525,328225.753752094,257149.1453148739,567961151101.5905,16181.99669487265,1.915277477583517,2.6365679915816864,14032.266882463266,21686.182270215642,25830.118375990663,1939986.009516701,1180255.5054876057,17080192392132.875,55522.92351144183,0.9429015622203413,-1.025055747836053,9560.2735353182,16071.648098225638,18700.179214737633,1327404.3573245322,818172.4374538414,8952235588180.617,51582.338833546586,1.3573766757194698,0.29814421110862543,10354.035026708298,17416.815723701948,20262.0707551744,1454500.3862186251,956856.0756588515,10510118688964.96,58657.133607954835,1.4723296584228882,0.9261493372966445,8658.092475672867,16546.223699979466,18674.583905593863,1121424.0681850994,482416.27195383573,8927746151604.871,65546.40704975073,1.7587063096979791,1.7847849617166238,48,199,247,223,0.5971153999389621,4,66,66,Push Up,caden,original,True
13113.820721998625,20929.745364225455,24698.715248774326,1859637.5529342454,1252609.131992039,15616679294464.957,58144.37492593664,1.1184050618266428,-0.5116913249072255,2501.9521770549845,4467.229006470267,5120.146452253051,361562.61783571565,265769.9585181119,671127032128.4995,17416.74765683323,1.803786849915358,2.229094303561813,2190.6446220389757,3810.891959649592,4395.65938036493,287885.9029746187,135124.48837437393,494638627537.669,13972.253394012756,1.6834451933092125,1.6111710976753946,12348.57604317755,18608.996976682116,22333.43007180721,1669435.531192608,934392.0604781659,12768821728570.943,57815.16351960973,1.0128435019730937,-0.6390051565513244,11107.16306416504,17338.80368680253,20591.33761132164,1466245.6584482666,725173.4613730124,10854481526359.787,59429.019579991895,1.1883529456665003,-0.0881396616067942,7704.653776031128,15800.690158844991,17579.06423289737,1135569.944760364,902252.5891361813,7911001582190.889,60577.46094926752,1.9603957624624473,2.389078673684793,1766.4310560360227,3753.15364499602,4148.064724504121,232413.17723681463,117086.26543678052,440484888542.09155,22389.443888115635,3.4427261169969787,13.755346362645597,2148.8529436540052,3986.0072415255404,4528.335533388016,314479.0365219743,240900.44301282035,524949061195.38,15018.69506572325,1.8194895107265905,2.050065108780869,17161.4420599338,24765.97932275811,30130.861676887824,2279202.2882088493,1152391.626808682,23241441930028.723,56557.923888595855,0.755809183254988,-1.4170803467088007,9452.102254432815,15333.977044794838,18013.13656858652,1325649.0025834346,852168.9811819044,8306511079386.85,48696.05265155216,1.2563483787731435,-0.04849139616742093,11861.583728313151,18076.28933035186,21620.578264662025,1583790.6007940231,835471.5195069398,11966704755158.418,57527.06764460203,1.0875301415060847,-0.3731520178944083,10963.249118674144,17818.34014519889,20920.948276025054,1426951.7159424026,667706.3787569585,11204763565263.764,60309.18442092159,1.323247626718707,0.28475820905457194,52,247,299,272,0.6009161896678817,5,66,66,Push Up,caden,original,True
13413.456705097688,22210.791144664312,25946.87002417495,1918826.8718142149,1324757.6903704738,17234945639716.57,62185.53215186522,1.1279595922343608,-0.61433314416794,2357.533173966147,4379.329833660949,4973.579441241864,344795.3509729139,262093.72060230494,633254206933.5994,18176.140450611056,2.0218005550994507,3.429827686452944,2534.414159814867,5299.548810216799,5874.391264236696,364859.7626802526,265146.69729816186,883416901768.7142,22707.05541356159,2.482585082247494,5.440333306975965,10724.701260736587,17841.203439708654,20816.52606246097,1512195.2440099996,986490.3667829074,11093190587113.389,54135.3955004786,1.2340251530516366,-0.18048135494261563,7693.202680558058,15139.566681414834,16982.103720833642,990265.1096501864,394412.1485796733,7382831277699.884,54332.44812589879,1.8049578102663015,1.8015046170761657,7434.863291746535,14525.062394661987,16317.310738469865,1099900.9077661445,864372.5198655342,6816118521236.068,51578.24032168617,1.6837562438240412,1.2062601642305886,1969.3810517670906,4616.672429227607,5019.175833326582,249511.5777050835,90355.68218637293,644918426773.7494,28648.02220300541,3.5831249970733703,14.465673989340058,2093.663608826731,3930.4351758944813,4453.285077202453,306052.5135607264,232554.28889707496,507692748258.1517,15941.289347053018,2.0233069615180077,3.322698508035134,15369.071377447592,23526.052154870813,28101.307531835246,2109791.796975801,1237133.8910849388,20215897215968.773,54524.61132747635,0.8860642190689568,-1.1972519823716363,9767.680344631633,16469.950194877852,19148.546648157404,1322386.0212242876,741944.9568021748,9386671071658.498,57551.23427834518,1.4043147992799168,0.5493936022711488,8841.743308468733,16333.127258924573,18572.761528353192,1262925.220296169,879707.6732353232,8830655252200.355,63850.53473713211,1.824955946667227,2.2766154379439296,7432.552555494889,14304.666322079738,16120.36960110518,967503.365681249,423546.2164970447,6652577691551.641,53793.186846414115,1.9759943833472926,2.838581123538191,48,34,82,59,0.5789577538269738,1,67,67,Push Up,caden,original,True
10968.045878627967,19474.45916528159,22350.67314816062,1612040.6273487448,1230471.24523856,12788546308503.242,57521.60354446729,1.4027739846291907,0.20901904734489563,2309.635797462851,4376.050266531384,4948.15455014607,341093.0557911323,267321.35009873286,626796376374.56,16973.727566037138,1.9344043214788766,2.707315127769861,2085.2496515015077,4264.51255447252,4747.0341726535835,299282.39590653527,214810.82533821854,576878935970.3268,19487.64350867132,2.43297328015712,5.505920281401229,6859.940269682123,12625.899699040006,14369.137890417262,980429.3898143715,680196.9433722105,5285686367073.92,48031.90083020683,1.6189809754519584,1.1910452944722962,8280.523455791696,14347.30959929708,16565.3965071772,1120806.1981094882,608727.915165837,7024956452863.964,50663.88103320402,1.4318963723533453,0.5778829814028907,7246.261326383184,15964.029648506945,17531.6441279375,1085880.5436895634,891705.3449057626,7868378773213.32,63127.89451806314,2.1415838581514066,3.182400269776271,2341.5505996373245,5467.698591264253,5947.99017278736,307212.7107136208,156493.28714873406,905691829646.7205,28555.803054175103,3.008609671888303,9.02098690149492,1967.3121466802193,3910.876292813458,4377.815717931246,292568.86452589656,234908.21037024984,490630923780.2461,15914.39739074514,2.125491093004945,3.6098112453752176,15203.410017685315,23967.719303137594,28383.00979036312,2104870.2941710195,1274787.055565486,20623238265852.12,57448.96295391762,0.9482251539601892,-1.0877184010338827,7345.053694887227,13866.766570673548,15691.941527622575,1032524.5626315892,669749.2243151983,6303667940001.943,61221.696604700104,1.8296228549341134,2.557608916215937,10152.956051437439,17646.91034940026,20359.173889482598,1466778.1475658,1061994.6768584256,10611096613432.064,55993.164502579224,1.450115408211858,0.5610080747508954,8047.309169156011,16840.442255599475,18664.39605848962,1057044.4297142534,520708.77474767546,8918007813840.967,61034.61794334298,1.9310780659200144,2.1676698087786477,46,82,128,105,0.5653184574933908,2,67,67,Push Up,caden,original,True
10970.390680353232,19806.18376278478,22641.430761433356,1614859.3089127513,1238806.8858548913,13123440305274.387,59207.02171558875,1.4198313473293236,0.25707256512224186,2233.8104770499967,4470.156154360335,4997.2197561988305,333222.1143191473,270340.6961556782,639288455468.6438,18446.95951451791,2.157024394963106,3.6972109696897846,2198.7564024133726,4446.618190898285,4960.538584950363,310353.16107222566,211262.6466251908,629937742151.2024,20874.029642580757,2.5780548974953197,6.519914414811572,9221.01277085183,16501.668001861424,18903.230500733724,1321133.8822030507,927111.4741294759,9147702358115.066,60399.11508299225,1.7249340413840315,1.8204288125642636,9578.530619955452,15972.457253224466,18624.382930543146,1293302.465084086,705893.6042126847,8879811572313.781,58304.42671681348,1.3750123368369043,0.5168736148902195,6876.307957585965,14797.397909334586,16317.064564888493,1031699.2984195192,855322.7949745513,6815912857977.336,56878.15506292528,2.1126572416184253,3.004542393434476,2056.3384924974207,4788.65880964322,5211.504695469455,272368.7041180737,140188.06714669324,695290398487.0447,25086.417014310577,2.979245117372233,8.841668155651336,2291.2622050169243,4204.742134472427,4788.500695368725,335901.4952525795,257000.23701824198,587001316084.3971,16365.945413683046,1.8346909719929918,2.3044506925795094,14347.994557380973,22474.13308720438,26663.67577510664,1986885.3262437773,1219012.4269865872,18200361109504.227,55181.9360101312,0.9945925838704496,-0.9193398886571136,9785.062349041278,16012.116044186758,18765.268593524794,1369489.3483134366,876040.1343466805,9014663817910.48,53825.858773918626,1.2740239341089883,0.11667255432235901,9887.846788656021,17353.33903553479,19972.67858345872,1395143.0560399008,935048.8242756521,10212041978832.658,58942.89094915555,1.6702448305715216,1.5907562114629252,10937.63130819704,19491.1410181972,22350.30999394195,1453448.4479915805,742605.8505146897,12788130734727.717,64015.309493814595,1.5160537629162314,0.6964153503655046,48,128,176,152,0.7080694121821662,3,67,67,Push Up,caden,original,True
12145.643269772778,20935.530268018352,24203.57572838545,1763400.8332029807,1289960.823315599,14996814797816.04,61451.70931216085,1.3320683148670047,-0.0267017121391655,2292.9864294286626,4390.572826112242,4953.2733123601465,337795.70595285064,263420.94691041915,628093862577.645,18033.04943746335,2.059819499151585,3.3846276890867966,2349.870678320413,5052.401842183112,5572.132139470971,333213.9644623517,230809.39913144498,794845608440.9689,25133.52337064683,2.9466724687382935,8.870293460482301,9939.241994430182,16542.0892382098,19298.4260443369,1396083.8263819406,914308.8184866168,9534188743391.764,57965.64820503607,1.4015484393084185,0.5777003724264098,9082.700733381693,14774.721591814727,17343.236454820326,1230316.3064941743,687914.505071942,7700168978631.901,44261.348700213406,1.1940954616489161,-0.30008097446236626,7764.223435091643,16547.937756598665,18278.878782526295,1139889.1197088163,902016.3831627597,8553405684385.023,59531.123789576835,2.06174273520605,2.7190013493843423,2701.7789961518633,5333.2654536983055,5978.572584125675,338286.1690469279,125291.33573444119,915029251677.6746,23663.92423475937,2.3463574404975907,4.9763131265596074,2010.3360475070992,4016.341206231215,4491.374812769167,300185.8064800188,243743.33192050658,516414661344.6982,16768.73622872953,2.1825262801835494,3.951918911955617,15600.652090286032,23686.037336886944,28362.099893459024,2127256.148317842,1218203.3234501623,20592862985383.633,56666.74327731788,0.8892324757112696,-1.158522859887367,9422.389476800041,15759.120336790049,18361.135510690558,1328393.7016881618,871778.733591799,8630561209393.711,58149.3095489656,1.4440382805469976,0.8994155167807616,10126.701517491027,15624.615417022706,18619.309615402468,1386594.9638045842,810710.2298544041,8874974478187.998,43182.598438330504,0.9875393425753329,-0.846220422898726,10644.65830934486,19862.8438551742,22535.334844145007,1400771.0604402528,707562.9872888497,13000737703366.045,60146.56266293966,1.5515852992699593,0.6709069355752662,49,176,225,201,0.6550449259367,4,67,67,Push Up,caden,original,True
13408.081225654842,20836.762888271787,24777.960566112342,1884025.2466382755,1228372.1703656502,15717051643284.945,56833.25128934775,1.0664788717723777,-0.6030989907652886,2459.986934774698,4446.6152379990735,5081.724391785505,358748.44608813536,270544.2784011076,661092423528.1348,17431.00460952209,1.8335938037823507,2.4014574461806024,1999.6659378671932,4135.746196047334,4593.806750526875,271161.67557158513,157750.64470668818,540238347806.3686,22047.263324830074,3.0383266634807686,10.109347750747869,7851.94499496082,13517.70234549917,15632.700243572894,1100791.279695384,709627.6912256705,6256161712778.341,50266.725584450054,1.5513793084418463,1.1195839259979996,12496.389924361401,19038.5218457951,22773.34132740513,1719699.4585230276,1033469.5654373165,13276801925491.162,56818.169144342566,0.9810832504745616,-0.7903059075487358,8633.396222081688,16761.136333407183,18853.94445506077,1274414.422220522,998711.3897904922,9100063270771.629,63791.79236655817,1.7888253665939473,1.7185634906727518,1773.4358971072156,3682.2259822007354,4087.035975513629,241375.85214529876,144424.76435975631,427618894467.6517,18691.981514787592,2.7060417882642196,7.522127237258115,2228.399500085725,4081.001448639728,4649.767430289591,326184.8892197326,249143.33883087328,553480631188.0157,15997.525785807515,1.8796807993110187,2.527249641231066,15516.646972573019,23275.77572917483,27973.703170411733,2115751.9366642274,1214978.8343308447,20032718568097.367,54776.623955160896,0.8706554951203216,-1.1800109049502367,8811.34508170942,15022.305055256378,17415.781674163984,1241812.325448248,834113.3242023274,7764721953846.941,59424.38477326627,1.6531572898041136,1.8517704677869409,11066.436845556414,16902.328884757557,20202.84005245793,1483673.5339983983,787207.4212206426,10448761502341.078,48753.255886918436,0.9756778180787358,-0.8569220071134316,8263.515757273155,16460.83344498209,18418.597405181066,1124278.8427989008,706379.7638789093,8684665097578.05,61808.50104472804,1.9820892112281687,2.6879124871898856,50,225,275,250,0.5775307836659305,5,67,67,Push Up,caden,original,True
14860.230996161165,23194.047637013886,27546.148751637465,2070670.9438137216,1292481.5335537435,19425031962811.86,60646.32190479156,0.9778126201803555,-0.9650812272455656,2260.5904175238566,4395.021977015505,4942.315976771412,334623.71353865357,265285.7709134465,625318072684.7991,18074.143941092425,2.1403934439319676,3.741202435633763,1596.9008394418624,2993.1646464098276,3392.510411410375,228423.67110159044,159306.25312243428,294633648423.1115,14555.450927861946,2.204968156751802,4.949900718692001,6442.953688998821,13114.498736488486,14611.698373150934,960810.7237603132,779433.3703070054,5465644271307.306,54347.19102288655,2.188829579981815,3.6902930258647917,8486.903617780967,16344.939112562319,18416.964125796443,1197737.7141175722,787651.0831964748,8683124930838.353,57289.98762374208,1.7732621796723618,1.5766112665811187,9040.33945227624,18058.925022650445,20195.35863474805,1347113.2015457947,1091707.2498147981,10441024265883.969,57603.95524384368,1.6418688339283272,0.8378856207587275,1194.6443756716574,2086.0040394864873,2403.8693885229845,161183.92757493554,86770.56504874554,147931853749.1934,11478.28686669583,1.899806501919859,3.765651799017486,1983.1150690949792,3728.0621513813535,4222.699703013908,289127.8916811012,218313.34574595877,456478535214.9439,15698.540750310583,2.1037673286111773,3.8069918022923988,16030.465513680194,24158.028805700655,28992.864300761186,2177269.597933502,1217622.0444170835,21519006217276.22,57830.83749591335,0.8489472761897953,-1.2673195906625498,10530.013163555199,18124.044723600084,20960.96787764587,1411115.149210613,751849.6602150167,11247671663813.17,56411.160771030096,1.4147978854115726,0.4374931494949861,6933.074823368316,14195.93312038458,15798.4823215667,1038125.4566477346,853177.6889469057,6389556317820.302,51645.207664842135,1.9661822134814486,2.3727490802776066,10263.227825619822,18870.574005865637,21480.97783415431,1410606.223682163,885172.7802087897,11812669663012.578,59265.97121387358,1.6372669674703713,1.1012271259858357,49,34,83,59,0.6810573515960587,1,68,68,Push Up,caden,original,True
11070.512919275083,19515.46818057332,22436.794659728163,1623526.4983529088,1231613.7174058824,12887289717831.84,56504.91671420783,1.431590392301879,0.3209275252616841,2435.8956144308913,4505.688394854811,5121.9932990909865,356838.6482608161,272644.37693074724,671611273111.884,18024.922224175607,1.9241555302139421,2.814891835337283,2143.4982408672877,4571.923789330542,5049.46253021524,288830.2358958797,160131.45553646737,652725039207.621,22555.3972285662,2.6587594222246387,7.0281583011053606,9154.593601430595,16402.88912672606,18784.604220239027,1326574.5901887158,976683.9914484222,9033250706202.162,58107.4785247721,1.7838418904916895,2.109039562974395,10251.112096227951,17703.967241915136,20457.65762036884,1365831.2574384946,689890.0238363557,10714003335993.223,59478.35773194202,1.412360452534411,0.4117988222564426,7294.005443385863,15493.218784343473,17124.320240747544,1093932.9238799934,907147.4724087354,7507003998916.506,57694.52464725611,2.0541303394497454,2.7477425498495602,2135.6763104416664,4251.153876988871,4757.459678107555,267069.74442935793,87710.07010732165,579415618273.7725,17505.491472100668,2.3452458988633977,4.8247223146983,2317.1454301868516,4060.7964871522845,4675.385658392701,335206.47938347183,244893.50709896546,559596315000.4261,16030.922126203646,1.7530883690325447,2.2563124497262628,14400.882547608071,22420.534470160837,26647.059576577543,1984802.1528458218,1193373.1430553782,18177684072388.426,55661.013787411495,0.9761371539568866,-0.9465231225623252,9050.939903431668,14837.305873499008,17380.021827353954,1266515.351400402,807854.7800677656,7732868063214.076,52191.43378955547,1.2939431984708336,0.2389523145352026,8343.770410693565,15178.956623981025,17321.063156142085,1186309.834146614,815595.0094978587,7680492258792.008,62447.907766077005,1.8563336005313935,2.6630761044665565,9081.898230683053,18083.761601173468,20236.188107461345,1217349.902486907,711856.2224033598,10483284713486.336,60525.0316151326,1.7737352847963817,1.5087633393758937,48,83,131,107,0.571334070739052,2,68,68,Push Up,caden,original,True
11215.170256475776,19602.208571091738,22583.769055370747,1636097.9716022369,1222298.060641904,13056681593505.828,56418.2631059066,1.4481322093913183,0.3838880232654227,2242.677829411264,4337.586031856036,4883.058102284409,332260.98699742864,263846.9371011311,610412964615.3065,16998.595019222546,2.0147575260618287,2.92183579887066,1752.4475801034237,3344.1453646113687,3775.497416323053,246155.5359710524,162454.08882455292,364912146960.9484,15377.436911880843,2.2521133457721016,4.947212622510144,8485.107406435245,15101.211517614442,17321.76772152523,1199317.6223516965,804261.9218896849,7681117107160.915,59872.506452146394,1.7720046801952312,2.3050235177541714,6112.333081665178,11799.552144240673,13288.718768409284,782704.8340473927,304847.4269469438,4520705190550.352,48413.571709629025,2.065920988966678,3.3549787622306795,8322.007695044493,15957.758549554781,17997.38508790287,1178207.880416583,822165.9812290261,8291990272058.072,54585.26722626888,1.6438552062612317,1.1020276882893176,1959.3501710088217,3993.1955277201982,4447.995460343557,244912.49119806386,82995.20971887153,506487388550.06445,17213.441763816707,2.37778429190397,4.92991492481915,2114.288449621523,3962.3418028797796,4491.143307783839,310406.4073755318,239325.452321087,516361426202.92017,15583.745602409297,1.969526679659498,2.9208677443558573,15484.655829165515,23720.220692250725,28327.079550084032,2120065.587287131,1229217.2320792824,20542039957421.793,56810.419460792495,0.8908397430988377,-1.1817681473438209,9017.50675785534,16216.853426864986,18555.370198311575,1277359.1980901603,862413.1000310653,8814125137827.57,55185.07068645242,1.7319986252442563,1.7690111857054172,6811.717957660143,12211.561778952224,13982.908946849238,950987.0161886342,608196.9720554014,5005356610966.4375,50668.71351244486,1.6302201331252362,1.557716932973734,6382.150421432378,12531.454461020754,14063.043586308992,848363.2582012719,453079.67325614893,5062891389706.916,47790.830023806186,1.9279868556999267,2.414685798908682,48,131,179,155,0.6497958620734771,3,68,68,Push Up,caden,original,True
12724.715056160177,21334.993364615362,24841.503882185778,1831108.4196135325,1296448.195323679,15797768067293.465,60285.39239022314,1.2216463400109359,-0.3248778850419676,2401.9172126632484,4414.866793061236,5025.9581272591995,351403.6162236029,267665.8968346744,646662530482.2474,16814.304182755095,1.857855146625242,2.3821382504829822,1581.1223869254331,2948.6186938709507,3345.788427901862,215241.11877745244,120170.14232858352,286574085229.6195,14400.157948101292,2.2570790475859925,5.431133870016209,9938.258151278425,15679.195045996612,18563.570033047436,1397579.4499873281,909128.63148687,8821916988719.531,46116.16744571659,1.0739598710551592,-0.580477761668809,10057.042110946171,17518.37890250999,20199.942955197963,1332897.7549317905,656778.5781474579,10445765002067.246,53315.03883518011,1.4212976367404582,0.3809306644097026,6789.837061383679,14167.3148656778,15710.337291840508,995231.6415180669,771004.3667827448,6318456264278.9,57915.13887595114,2.298984123079057,4.451180305296494,3098.3858408092146,7953.915904753137,8536.086517744061,373123.28295078716,91177.3629267758,1865338189783.3452,46813.45099936098,3.5233840633880673,13.159544129165912,2189.424163563138,4001.3332766105686,4561.167192562142,319887.9410846961,242551.64525845027,532588701657.7336,15212.059175537492,1.8415967313662447,2.354735195749333,14984.74806993677,23073.36334712523,27512.229478323556,2069805.8445387164,1248285.0800481723,19377222934219.15,56654.29767715602,0.9188743528825745,-1.1041030067825315,11301.939509899665,18311.93567228491,21518.848127893172,1583329.5511148027,1023449.1267157497,11854357113634.092,55867.8023695206,1.200217807512238,-0.2004040439820658,10628.671508284886,17715.654655932583,20659.45492793294,1488037.8809557997,954640.9889914155,10926414794733.893,58288.19776160029,1.3911573898407608,0.5566239854152633,10061.56528475215,19211.937820186384,21687.17710505536,1352467.414318296,775237.4486405354,12040541460122.557,58714.7317252311,1.5271045461530515,0.48631351220707053,48,179,227,203,0.559945387443644,4,68,68,Push Up,caden,original,True
13946.151890061457,22380.528119131955,26370.119291196257,1974240.149886273,1314239.678027283,17801809700657.18,58430.00553105387,1.0794323707573399,-0.7314560672075534,2318.393057011628,4253.611504380721,4844.394409727572,339905.83374316833,260803.69518532846,600784824243.1935,15758.073110012008,1.7839199260783274,1.9731948475819134,1725.5991673699868,3142.126846109248,3584.780830604354,239107.96886750063,147694.0291521181,328976732248.7921,15088.013673760941,2.1533066112070824,4.7773196073785895,8098.540523154841,13379.567528401161,15639.66706334338,1147565.1304486147,769971.7778885274,6261739157817.032,47780.81628085828,1.3214250361527755,0.3226171498567938,9568.60178964742,17174.245764481177,19659.930258972014,1296884.9259506995,754094.9415281968,9894729159363.672,59797.75242497577,1.6939587177628865,1.6143236164871304,7277.873121203849,15866.376380859896,17455.925544852962,1110725.8142427737,961172.5698261168,7800559017662.723,53696.561241612115,1.9236898259447586,1.9303230954041553,2785.2964181769953,6804.474584879718,7352.46560776612,387798.45397253777,264132.630875088,1383904013142.621,40477.98066286954,3.3250449831322584,11.26985773688256,2096.1235768594997,3846.5792110190114,4380.628456752513,306816.12423091877,234115.76669141493,491261585308.41345,14865.310635558737,1.8378159256301274,2.3157849103493655,15474.480504398758,23371.79183927958,28030.34428364434,2112920.873327971,1212832.7690303873,20113925136886.598,54842.43394967147,0.8627685816144496,-1.2253359396102947,9493.418217481885,16041.114833778458,18639.80564712208,1314026.978977434,819307.8756287983,8894524276799.598,58075.27789500965,1.5495648836289702,1.282235237774609,10577.715608138276,17263.544876421958,20246.432999096087,1441109.775129506,838302.9583335543,10493902059184.305,57810.4281756405,1.2392303526873234,-0.055934221078483226,9139.804097475611,17600.93646941485,19832.523378042682,1240047.9685029548,762530.0058242542,10069221978639.602,60855.71714625121,1.8504618439249791,2.0283801354653743,49,227,276,251,0.5806483716596968,5,68,68,Push Up,caden,original,True
12865.203055667389,21379.810813336764,24952.14940796935,1834630.8071694227,1254667.419555604,15938809857987.205,56733.58165707733,1.1471356770017735,-0.5615166691162554,2334.0654548166544,4383.124720129961,4965.8477483288625,343465.9416803088,266146.98520691035,631286882805.3203,17718.120710421837,1.9627440239796599,3.0196705872995215,1176.2354155419048,1925.687936251041,2256.502554972591,167105.02922306684,113068.35372309547,130350176783.30449,6182.892737114979,1.1946040117772716,-0.2059050107649405,7640.280538657459,13823.776298687339,15794.640795710988,1100684.0768432715,787510.1403789842,6386449353357.768,50182.15679613618,1.6859907297287056,1.5921153897674092,6652.290388206954,13300.622463405982,14871.43319667242,904037.9365516658,511680.0032307237,5661683848271.115,51070.6139311745,1.8287745451671107,1.8541775182834828,8503.589165520883,18233.88441457888,20119.2835245241,1282569.823187136,1076662.1824066313,10362510580228.783,59536.90214823627,1.819434588191026,1.449686817701112,1160.594985586659,2457.1096251061654,2717.419443214142,159821.88384259748,95207.134055797,189039831817.17145,18351.492646216495,3.391384858837633,16.043096122878666,2080.267382580644,3844.544641812164,4371.273943133232,305252.20806171093,234014.9961535989,489165718679.4381,15853.47648694899,1.9541273313687122,3.13767220090248,14575.592037580336,23082.478147628088,27299.243225439484,2035773.296552971,1279378.0703733761,19078366225451.61,55731.35918366152,0.9725795741476768,-1.0184993067708368,9498.732453320285,17677.358684665855,20067.758427041405,1299754.2921202183,743229.3319355049,10309502164123.936,61435.88156485486,1.6267876168234674,1.1762330715923124,7994.195640578708,16630.517553551996,18452.134782697874,1183792.3056291516,941746.9341788833,8716320717794.524,61303.08856241151,2.0374783170561686,2.854967802157468,7658.460716942442,15310.457914056744,17119.0578622497,1093297.6100728083,778852.3270579723,7502390837530.965,50703.98177564615,1.9049177213637598,2.0689855194615348,46,21,67,44,0.5489657520452346,1,69,69,Push Up,caden,original,True
11018.287026170516,19824.786349485956,22680.934786596477,1618103.7309013084,1229523.0994895448,13169274951522.361,60379.18685670445,1.3787519946147417,0.09965435418553881,2257.0971952383434,4349.224753257404,4900.024867600136,335365.7972947131,267524.1418089969,614662238799.353,17576.36840651847,2.003472287835744,3.1490719710647053,1062.9519232295936,1849.3477870709917,2133.062124890381,154058.28682417597,111989.28111103481,116478823133.23177,6266.079630314915,1.3967037657850787,0.42673158071203865,9044.675860150659,16076.813913257904,18446.411765346533,1317797.309188522,981124.419191057,8710914739627.902,52220.28554853974,1.495875794853255,0.697282135573718,8298.522580633926,15548.087887506068,17624.089025504385,1130314.492699881,635999.4449633368,7951577957859.946,57144.14867608932,1.8493045825824532,2.398084260766815,7236.628324279006,16449.633053349455,17971.066108987634,1103321.773005816,958372.283814498,8267755957596.262,61824.50503477547,2.167083958019734,3.1260103023114247,2244.0725389653317,6208.069854658858,6601.211470666757,288828.7446838127,130980.89630563886,1115545417739.837,33340.22076192688,3.68899178442393,13.372811501031531,2033.635029329441,3836.7074413380574,4342.349067375235,299231.48879250325,231406.97634920108,482713482827.1251,15392.387012865489,1.9675195421060838,3.0897681291859165,13926.353883060345,22741.896676006945,26667.155770693014,1955278.4394129524,1253287.8909181536,18205112240599.188,58504.90592522445,1.044066257984808,-0.8616911849382025,7570.058072749991,14104.92353223577,16007.955743161765,1088794.124276211,767924.7675133194,6560118965120.659,49514.78215206404,1.670759357660181,1.3751236555512891,7502.81489674145,14604.078977705398,16418.628266753047,1087259.4322205384,793093.2443551988,6901026666542.646,60146.65875454078,2.04860252998527,3.404395940901261,7889.650441890344,16210.866865888835,18028.83214850016,1119180.546815644,789627.8423354549,8320992989153.1,58648.1814638881,2.0151021028347325,2.7169868848084926,44,68,112,91,0.5441239200862955,2,69,69,Push Up,caden,original,True
9240.13305689216,19008.43214943206,21135.291615888193,1399821.842843636,1180020.689406519,11435534123229.027,63836.572740251235,1.7517091695245992,1.2867743992603513,2397.187323143783,4774.086755734048,5342.135473152707,357111.97867395566,287368.63680927525,730583332186.0222,20642.354793168204,2.2245351729114273,4.431990738770279,1696.054648590262,4103.055326066853,4439.782019398048,245892.592749705,181386.17771054537,504618608122.1173,21845.18780155451,3.3567157709224005,11.582454270749729,7944.530749520233,14652.861064564657,16667.99046698514,1141792.1172969404,806411.5507786757,7112240798912.189,50509.97740313875,1.6797973336957344,1.496377080839257,6758.60513609889,13636.601689243636,15219.581105167932,911300.3015781265,485358.21203335264,5929872614829.689,57716.758987020825,1.8554625940519724,2.190166293453628,6270.673425032012,12311.909141517512,13816.81772016933,917027.158814962,696087.1204088589,4887153968957.062,46577.0089752756,1.9437898044952238,2.5562639978773802,3547.141280372291,7842.2793778636305,8607.18055482667,470152.8558636105,233891.47907925086,1896539061846.69,31706.458645926177,2.44764672212344,4.887145592265418,1981.6683138514302,4150.7818754312075,4599.565140698735,296715.52473172813,243294.49934097438,541593586778.39307,18262.797780840065,2.455363998170273,5.500111995261424,13512.398452126217,22374.162215333323,26137.866147929373,1913272.5265008733,1268261.788027758,17489613997237.047,56221.583181228234,1.0685355036184567,-0.8218372380144152,9208.143133861235,16555.59849268352,18944.06876636116,1346370.6201874816,1008857.1136284583,9187270180470.285,57779.58293508014,1.4446666071426217,0.5430800204218929,7505.210705700776,13915.48865731487,15810.408353639203,1059077.1202000338,694295.0869601924,6399206715105.9,52607.26082859257,1.72113709973579,1.7304422856925061,8720.624404149838,15927.788082433482,18158.846967722475,1209161.2212143128,732871.7996334415,8441439313847.393,53268.922599557336,1.5314687786070214,0.7507045149410576,43,112,155,133,0.5785078242663821,3,69,69,Push Up,caden,original,True
12011.320349950993,20684.74322703118,23919.247875243884,1726999.8622029151,1224356.7219752427,14646538724284.395,60820.678163189936,1.3296654483701025,0.00724592190774187,2239.860306118126,4344.842212546838,4888.213174857709,330639.6921918368,259370.47170799825,611702477897.0236,17667.219140187044,2.108597687472963,3.6318902695393387,1850.5436233754638,3914.7037587520117,4330.0597248540025,266514.8119697395,191546.4022456207,479985080852.54956,19980.41237236756,2.894202181588621,8.8258807590746,10233.53804610038,16777.42939522911,19652.161154765694,1435224.3759795197,919436.8325145729,9886910414153.773,51660.20730331205,1.1825100006028746,-0.28944598719245773,8466.92023923913,15770.353749980404,17899.51942754772,1112186.4942396418,511276.1771051452,8202055570871.252,52266.23260823573,1.6564790890437096,1.2420173770572323,7092.254336145573,14795.210164849377,16407.264104372734,1038879.2955854046,807714.3168584447,6891476874000.334,52141.235425852065,1.9692706184992324,2.3505918510218073,2066.5046661060596,4423.449606829654,4882.350659180426,262405.14640935103,95537.38354085348,610236107755.5082,21045.23475990354,2.603592097458129,6.515468791257417,2029.3337392518958,3858.906417468227,4359.9718077120115,298235.6432778723,230314.92695179133,486639466599.5149,16038.539402522569,2.046855468078455,3.4821981845750107,14693.498292376747,23205.428082670704,27466.17528102667,2040423.7691625257,1253439.2255833312,19312404084942.86,57646.88209254769,0.9595958086934447,-1.0506006445463472,9952.11113105861,16971.38439348047,19674.15574290834,1404355.299832716,927727.1629262207,9909053547423.059,61319.33595144657,1.439883806260805,0.7602786795815133,7910.639422586493,14018.885263883818,16096.81211035646,1056710.9568997805,531218.3654825633,6633148418972.632,45868.913497103385,1.4932283446262864,0.6653623268043676,8515.354090150635,15987.27362478031,18113.646050263906,1175939.3461558844,729942.0997994714,8399466834796.575,60607.85560287427,1.8055536531825116,2.012059906951639,46,155,201,178,0.6076944837771727,4,69,69,Push Up,caden,original,True
12184.726764350457,20477.332156724147,23828.31715792551,1761669.5077087763,1271184.4145340733,14535390683614.395,56101.42767378976,1.2647454021571094,-0.15448812615523622,2147.647758059473,4256.401798512206,4767.530509926059,321201.876556832,261940.05982532105,581871287374.7412,16763.49761342496,2.008345914303769,2.9234542783741357,1191.918624097955,1999.0422702584551,2327.410579324508,167255.7353526424,107238.27090609146,138671104121.64203,6927.873152834059,1.3117490631626387,0.21903971735989192,8144.263613344267,13345.23503021195,15634.075854211518,1114974.839532998,638509.2276176921,6257262792070.134,40423.91118799477,1.174264373726871,-0.3371580790267408,7655.373354153116,12853.223931339833,14960.284309485716,1046898.0304112439,602990.612456416,5729538729488.5,48988.20750560211,1.3872301781133534,0.6677398440102711,6020.613163659085,13550.851077903091,14828.126914817409,920304.4369888249,802664.4175445349,5628757703729.471,49301.43797157394,2.0711731388570738,2.625873851119894,1622.222967058186,3579.0126692791587,3929.496028972646,222325.93732083082,130910.3864804061,395288039467.8219,17863.17331652641,2.83424393455199,8.078825514065386,2103.742692521679,3914.335090076442,4443.844339504041,308989.703127007,237758.57732181146,505542464351.798,15808.48661347877,1.9447981165679833,2.987905695176673,14487.368508584046,22989.729147857164,27173.72798486336,2026623.3774743688,1282888.9566149767,18903334210440.85,55042.45283368817,0.9839738927374022,-0.9847774762573702,9998.484331238526,16837.971488779367,19582.823411831327,1413274.5756809544,940724.602844371,9817266503141.611,58976.96684986469,1.3681360332796095,0.4673405998169251,7592.542263667601,13135.301956171103,15171.778257850036,1037184.0717878392,590623.8450741715,5892681100937.499,44730.19785896131,1.4157687551810603,0.46069727239497604,8992.423846413982,16919.175691260607,19160.43299889903,1290093.2059891392,932597.6092662241,9398328133255.648,55946.332892427425,1.7420725795345768,1.4795113818198384,46,203,249,226,0.6455756261861054,5,69,69,Push Up,caden,original,True
13925.985481048589,22452.84509640708,26420.888034690048,1963516.0479242257,1283934.6228242952,17870421108265.668,58713.18245062277,1.0519992885749518,-0.8030413357099575,2147.3814007963165,4412.379903336067,4907.172637257624,320464.33718197595,260591.80498191918,616456788271.3586,19321.42356910361,2.3301717994418185,4.826465169374041,1267.2072913985344,2252.688738177137,2584.6510152211486,175019.84717783052,105937.41070301204,171018774284.38306,11803.247896255323,1.8760064302689814,3.7059590215731317,8500.932792456277,15843.265036122617,17979.847200315242,1181879.0370440232,725689.4195415947,8275837576875.103,57277.03242227313,1.7227110347682333,1.556463819542393,7327.68731369864,13830.089957297285,15651.402160646028,1021427.6387201885,636722.4277792216,6271139573613.444,53037.54261248152,1.783857681392165,1.9181716488596914,8174.351118724919,17262.276638840267,19099.900810424377,1230716.2532355,1024600.7619213732,9339039000782.076,61563.65678492691,1.8286539171374534,1.6392018463217388,1211.7768865460303,2780.0998757296047,3032.714714871637,162466.13159051302,84107.88767211624,235452378670.05328,23487.16011400153,4.307432210175075,26.31126990382456,1882.1601458366677,3827.5330400055495,4265.27091600405,280513.3618008504,226855.38178728952,465728921264.8967,16946.92257182987,2.3588941726429473,5.086483097662219,14980.200840892368,23612.84013530823,27963.773645362948,2081264.259115111,1279258.4369345123,20018499494120.84,56476.54318472046,0.9473909060878704,-1.0905016089750459,10465.91322447701,18936.48874101475,21636.21837246197,1446868.3683880544,881187.5737316391,11984024203798.043,60984.68297463758,1.5282936277041068,0.7353905785317272,6262.5048003303145,14308.18129415532,15618.675306202393,932888.9447657386,761880.9495108579,6244941269006.756,58768.185793947654,2.3505944840832624,4.197690045862894,8620.01893679975,16687.841795721837,18782.672607215063,1196253.1252255195,750263.5947679444,9031393030907.57,59805.60085619856,1.784284303432655,1.7692511766421122,46,29,75,53,0.7080612206375632,1,70,70,Push Up,caden,original,True
11847.832742131543,20444.886888198693,23629.738478382766,1723337.9313759885,1267186.2327465764,14294132238253.137,57305.73304283221,1.3130016416191572,-0.08485282282731177,2288.6390898023924,4498.048608995032,5046.811881995767,337242.13811957964,262981.33448859915,652039940409.6937,19758.02155751163,2.280057474149074,4.776212919560109,2132.5080761370255,4344.974700287464,4840.082214273614,303752.7195700857,210767.98124399513,599715733527.7509,21363.646699960256,2.5482360951941425,6.607160364023949,10705.602344036948,17819.75439901418,20788.303643872303,1524292.83526565,1040307.1422270257,11063131350779.758,58326.32065466408,1.2724441082909297,0.03150163429380726,9307.339625108682,16076.015965339077,18575.92151724794,1249531.3665978506,645476.8797639045,8833660421502.85,51553.36884623832,1.3087669431500122,-0.03917357262102339,7804.65336645706,16173.461373352953,17958.103100436012,1166231.117099031,951582.2540058579,8255832754326.773,57981.24406268697,1.9433215720807586,2.278120882022688,2712.874467339857,6397.773247638695,6949.186312349517,344249.554321126,141223.61312939247,1236254474335.8945,33783.27464677467,3.2159408931575744,10.524247910463265,2008.9780289042149,3950.4261490743306,4431.913749150598,295868.27668491704,230351.52238860988,502831602685.69885,16862.34910239984,2.224517709566929,4.3645934575769845,14281.803680878214,22657.240024851828,26782.838571049444,1989693.752756261,1242294.1328649824,18363403313226.082,56207.912280293494,0.98473307293678,-0.9765514863480722,6236.189830893444,11177.261033235647,12799.266690401711,864807.0271040511,532069.5944223693,4193823431987.8857,45273.31813582714,1.6847073986787693,1.7742826552625388,8771.627496561208,15598.94784678123,17896.050482299983,1241620.4666129183,828704.2358656628,8198876745344.753,62330.30130658358,1.7291913772462193,2.129661825515094,8821.69321867831,17025.27901142384,19175.046197110038,1198619.983709072,704916.5348715067,9412669354529.389,59936.938467793145,1.7910367967424408,1.7585132444851244,46,75,121,98,0.63089866016221,2,70,70,Push Up,caden,original,True
13115.264345953061,21785.833583238367,25428.973706793287,1880250.7589956962,1308913.5793485169,16553797216788.078,58917.28571510344,1.1626029985584527,-0.5289853064377446,2087.0166450362376,4136.484912710897,4633.157229119599,311378.8091830783,252010.903461182,549533335289.4258,17118.067074462553,2.1051112255253672,3.598287135929774,1623.6235591095365,2970.7850976129216,3385.5158481233752,226155.9980962459,140827.3588253214,293419969482.1001,13826.448477900192,2.0063835783175485,3.8910723895633517,8441.464590978876,14635.827024919721,16895.731920935552,1189592.2897695028,787993.2888334813,7307923382889.487,51530.64547975039,1.4635978244719658,0.7159707719225095,8260.235180084823,14871.40704669793,17011.4735628307,1129068.5175467182,642063.4651973433,7408389959139.526,58095.17350268533,1.6917664981047404,1.7805535044185197,7314.205112680247,16334.14890011815,17896.983453129436,1112043.4625212604,958469.7607492785,8199731628072.676,60236.887952507845,2.102726431868704,2.8073103332001867,1540.3878440066421,3186.762807497411,3539.5270731006153,212023.05408224955,124216.69502753619,320723248671.03253,17810.186244514553,2.3692328631244357,5.663977742953174,1835.898023030994,3655.9038399820715,4090.9845316457463,273732.28407500294,221316.14113661187,428445553617.01794,15011.323315205309,2.1054308984452828,3.5316183757289075,14720.532994438667,23238.05904432478,27508.207498633605,2047791.5277974592,1267069.4015767067,19371557882569.78,55932.48692605802,0.9565815236056254,-1.0612576906153663,9953.396590115974,17363.733380947833,20014.228453896856,1409455.286677585,945940.1374643,10254575119482.227,56461.56464790848,1.4956408175668212,0.7876403613617522,7791.255448030878,15027.816917462387,16927.461202473325,1055290.5477303027,572525.7002037349,7335396934687.733,69666.30544594058,1.7212396191455233,1.8846629566279294,9247.055622443138,17772.146079158338,20033.901615599003,1249582.6137303675,708577.3149100137,10274744676953.607,63157.13511660904,1.7541094169797924,1.590977746556784,46,121,167,144,0.645680212370829,3,70,70,Push Up,caden,original,True
12134.611404299134,21629.422697511018,24800.820957398795,1773715.0654353155,1323086.4286430555,15746066436120.352,65506.683627273036,1.3267341159740662,-0.1182799292250385,2318.4658403921567,4372.019489428737,4948.720872004201,342411.4710581332,268143.6371099532,626939859686.6565,17543.238362618205,1.942032281403734,2.838572717410284,1239.7352356691717,1998.8031101769159,2352.0538530851304,174767.69141176247,114691.73382435786,141623227592.00278,6162.2289234973505,1.1598374513854643,-0.29753335988479135,8836.780936620273,14586.75133126338,17054.677121597157,1249286.003599545,832776.5418995218,7446067500081.394,51768.419413531505,1.3098270800762988,0.31272403628596024,10837.133697551824,18835.451970814676,21730.57103997683,1476281.6411962223,833685.3122861991,12088773573721.08,66680.35855064409,1.518340333140144,0.9175184749077494,7164.725366131495,16405.90910300442,17902.154704619534,1076777.7305848766,911118.0397868642,8204470862544.161,60512.81906730193,2.224591689679002,3.3541063108172784,2017.5234305424467,5404.865444479266,5769.1395602562625,286990.39097391133,204562.87417594396,852044064402.2736,31145.830204217928,3.907330218202236,15.566297414213224,2065.992733045631,3865.6873535343107,4383.1341170756405,303056.97553248354,232720.73883043887,491823736019.7748,16015.831997376139,2.007014763746876,3.2815436747899644,14860.151715117498,23120.77038839299,27484.434364729063,2056370.9933709665,1247305.0361413928,19338089788136.953,56550.118653532314,0.9276903618431447,-1.108557877657445,8257.124203390005,15865.89252722513,17885.93430032849,1161040.39870855,756765.2841109142,8189610132369.08,60302.47440608822,1.8848577196538536,2.407949599789889,9709.657835791651,16848.857830239358,19446.37409574773,1381990.9994542038,939188.2852225762,9680933516077.27,54715.111355182125,1.484679436739519,0.72933349581242,9442.917908982523,18345.14373481271,20632.81360567969,1270100.9393017206,721508.1015984584,10898252730540.059,58648.01465142882,1.6106055313680665,0.7903812236760368,47,167,214,190,0.5816592309669433,4,70,70,Push Up,caden,original,True
12498.05511929157,21482.368813987563,24853.44144429571,1813712.98666626,1320913.9606771183,15812954921600.91,62179.193939414035,1.2538360452399688,-0.28331631131437884,2249.0190208220984,4227.452227935961,4788.46936875452,333001.1855814025,262984.58078975684,586993635724.8077,16197.946439951791,1.8791995075065102,2.3613124619083212,1401.840960688412,2199.398296249725,2608.1623692956705,195922.7782297948,124230.21634480552,174144280182.01614,6475.280206700071,1.0484166626594265,-0.6456941114120349,8708.559777065675,14404.15146835388,16832.070369209112,1206354.890552101,740033.843722288,7252955978598.591,48537.99843375589,1.3037266941115275,0.18378138177258663,8660.530112021152,15441.00192203031,17703.93521727214,1224610.536997301,828785.8603260929,8023790647740.64,63862.162096155254,1.7790849000050215,2.3484719544565467,7882.284495356141,16650.121720369407,18421.64385088499,1174515.295237962,963615.2155917829,8687538231522.528,54384.99999225698,1.8635290637104451,1.6536040563656238,1120.3022336049967,2015.9121754677901,2306.2911771542686,159511.3314608376,108067.4407925795,136165862241.78233,7055.707430424888,1.6628925968146704,1.3803221563084724,2093.9655539872438,3892.6102514752106,4420.079898732037,308937.1723403286,241237.12707727286,500149921566.0801,14909.341360705328,1.840283493588758,2.2205890191953115,15512.027317182807,23772.06528537532,28385.455420358718,2123275.0058147754,1230123.713138416,20626792433182.008,58182.262427336296,0.8929738968581903,-1.176290273748333,7443.463806081185,14618.425639169724,16404.375074972388,1023151.7601129174,608713.6050542764,6889050152969.608,58908.47590337813,1.8714753999236071,2.290451580689794,9103.666391802417,15751.260396825717,18192.82676941225,1228021.1205950652,676622.4789821452,8473061014063.181,49334.66868549384,1.3780216842654658,0.2660380765703776,10484.567891258048,18404.001987091575,21180.969123419967,1450919.8555958925,912631.2154834853,11485016396986.111,61315.31132167138,1.5644315877934254,1.0356184267430875,48,214,262,238,0.5999726425190485,5,70,70,Push Up,caden,original,True
2431.782811376441,3748.2595880339036,4467.999281668921,326689.4860132994,190220.85926885027,511053250073.4462,14496.18262687151,1.6928966109219816,2.1733924484560614,2172.2159811586303,3195.5367740107363,3863.9329112778205,276108.16298993136,123269.05735483018,382207425097.1109,12905.832154660595,1.5014178510687028,1.6862001092984373,7942.747017825377,12795.189989916073,15060.01716689667,989794.6590114542,375123.29615902744,5806185396920.893,61996.440828554136,1.404413934245737,0.979645743030586,12299.257508080642,17086.205328393626,21052.55679897586,1520180.96510499,547156.8753852223,11346179783017.078,57829.44612184844,1.0330347716672124,-0.3680111645165658,10631.972570495185,16642.089154191348,19748.366316123855,1381705.3141518976,685858.5136240389,9983948087188.871,56271.67986985433,1.229685009625009,-0.10180608378996858,6218.189685095138,12950.650816477595,14366.114280840013,836418.2208921488,488879.449877305,5283462131971.977,66039.56598447218,2.647465922449803,6.829472501821057,19547.214365944907,23734.991345839855,30748.063413088246,2312748.469123695,579985.9589211447,24203351133575.574,53363.290193682624,0.40755227539320166,-1.8013212197648905,2678.000865660643,4267.590619517144,5038.255485013624,362821.7929610233,220122.76969790677,649830869306.1084,17681.771523686013,1.8829728402008572,3.1448047095723863,21151.213938168574,26041.346969264858,33548.853974939535,2574471.3943981165,820634.4785528346,28813455437614.5,58712.57860566647,0.4607314770357681,-1.7326210908929676,11108.025641856817,16154.615062643272,19605.096824099834,1350260.2120256256,471304.3186180941,9839611429947.63,58567.46578212154,1.254438117716255,0.47238412240999983,11520.386050674386,18497.880326729453,21791.990990696042,1448272.608253302,514941.11898583575,12157206306267.584,59839.78606031797,1.2002905313465204,-0.25664812552214444,15893.169671002435,21685.95917140265,26886.310036429586,1821903.5081978464,373766.1934340729,18505565884800.363,60689.89127392224,0.8438483559897623,-1.0368800485118412,65,30,95,64,0.5342511962213221,1,71,71,Squat ,caden,original,True
2732.4945622816813,3915.372487132576,4774.58566222177,361799.84848508396,199093.28006820992,583594707094.8785,12729.972376457745,1.2565843915959756,0.3452033898007514,1863.8659377735173,2418.348444130474,3053.2614416752194,224196.25067000507,67855.84814169302,238653579039.24835,7103.013836198449,0.7374685626383164,-1.1198929205386357,4967.340792921099,7089.157496878035,8656.24794980828,593458.6108183587,156994.1119333771,1918224091355.1375,22065.89440887826,1.0257412376194064,-0.514020632598978,10450.731417258823,16070.70456887351,19169.906950626875,1256606.711140038,445675.3663962056,9407624511889.729,56242.342769306575,1.4316200835381956,0.8369278908037137,11559.58973386367,17752.26257422683,21184.120027028286,1459093.547941144,666205.6754482782,11488433697780.246,54842.79801248261,1.2961151824884272,0.16509251026919003,9257.491084744808,15081.269813797984,17695.92722579701,991573.2135345445,26149.4478035817,8016533513746.0205,56967.62357371958,1.529082201637946,1.0763450055551589,18826.310366768455,22860.231585533867,29614.5259994168,2226745.0262726103,556104.8487513101,22451715844355.43,51631.72808188678,0.40813649333553276,-1.7990022197954658,2333.375809144046,3319.6936961064607,4057.709810061287,308236.5076899235,164247.3798018366,421504227908.29065,11642.11724163739,1.2471061634122345,0.4808410761749258,21429.989375009944,26085.234758630973,33759.204922893674,2579357.0891460055,777316.5399509424,29175908275863.773,58913.74613079033,0.4197212860059744,-1.7813784781914221,10858.917039951435,18841.178936687673,21746.404369569485,1250757.157735587,447740.0506297388,12106396236923.668,66204.31245251781,1.5020345535527821,0.6951271491045117,10417.746307829491,16231.188688889637,19286.807003457932,1313121.4557763813,554676.2593260988,9522711664349.031,59869.93134872385,1.5496571978413267,1.4454204226167642,14034.039685020101,20212.40781163885,24606.822213051368,1825946.6278842296,886022.7457067386,15500689905272.791,62583.80608472212,1.0942913771479268,-0.3398090764813766,65,95,160,127,0.3002739642671788,2,71,71,Squat ,caden,original,True
2527.9548997916895,3943.6524584927374,4684.330335144675,341834.38377789885,207519.0708288671,561739537632.1697,16026.927250756673,1.822743985046444,2.758040480096752,2092.7278484419303,2750.535371941984,3456.1473753224736,240729.45280235785,47968.39815461056,305790839806.6796,9001.198005633094,0.838795472057238,-0.8270441903299721,5639.702723612584,8738.28748611645,10400.188219486343,676206.698255424,206091.34567339465,2768996224019.009,36318.017782131814,1.4688061663002152,1.230343128964031,12078.719581943807,17433.329726193064,21208.876728421983,1519767.28647165,597673.8873095082,11515301173283.826,61457.75560506624,1.0594757320002581,-0.3756273825455767,11971.063582042467,17731.542986038807,21394.25109582117,1414027.8646365667,431482.50379588315,11717477886746.76,57300.748225958945,1.0897271955969865,-0.37089660767928434,9775.519395034102,14154.381265035288,17201.955948050498,1203700.5271554862,441614.2073858776,7575226584029.949,57797.66762610077,1.1813834032266972,0.27185015853025085,19298.6764042961,22831.225640673896,29894.87874558283,2236006.053916773,467771.5423042495,22878816645455.363,49842.500396594376,0.35315501250290343,-1.8466606383576338,2316.247202024058,3417.061556307939,4128.112253861554,296526.63035163854,142828.48527622852,436257555980.3371,14093.038893813926,1.627525520488224,2.2403396343467303,18597.835453134652,23088.427184601118,29647.17445896826,2273439.6564347316,798206.3676752785,22501246807052.812,59377.826721071935,0.5968109202160133,-1.397734661697368,13341.967214426108,17232.813070272634,21793.988516693782,1504482.1845635676,230116.69242218992,12159435147923.979,65269.6906485304,0.90163073859707,-0.30370146052290137,13891.729994709347,18599.036526738226,23214.312868763747,1560426.1598550337,231102.51535270357,13795950642402.566,63336.167248636026,0.9459792058426285,-0.4285284302689085,12176.766607699858,17961.208460155503,21699.73857832292,1444715.4071119807,454816.38167437405,12054493551809.434,59160.24409123877,1.2335254870013277,0.14856356520367342,67,160,227,193,0.37699532701585786,3,71,71,Squat ,caden,original,True
2838.505151928393,3942.814454425238,4858.281313339999,367824.4473431999,187486.30451199407,604234171380.4446,15054.366649768162,1.3323624484279808,1.0036003067330652,1928.6612829656565,2510.8571303966637,3166.0918928032556,223524.92056909963,60643.103308654856,256617929566.06726,8871.243854123466,0.8720770900918694,-0.5680430196029218,7243.781154462109,10743.297676157707,12957.268630860286,834957.9417537185,177885.55688270924,4298004745530.2646,35979.55477862523,1.1963452386960955,0.021033145306398104,13778.768771250849,19985.643785882636,24275.098895530515,1715897.0565467037,873920.5041405841,15085578915527.344,58204.221491900054,1.048518193668329,-0.5702204905707595,11610.520556185884,17930.20930204839,21361.09999978647,1393058.245821385,716630.8973994235,11681192785942.465,58642.54516513209,1.2735284065838408,0.0986444479863593,13096.72821069538,19179.70261446731,23224.669689884253,1515717.3950131356,598159.9788322132,13808263224428.246,66535.22563260613,1.2814988542426102,0.35572756989281196,19804.59938024213,23145.78711111944,30462.265470663042,2272638.923480478,430041.25791268365,23755510210691.832,52088.405872605494,0.3317777897968271,-1.8530488337125663,2242.798147582498,3427.954989038009,4096.464199485949,297592.8565287192,167577.8151962305,429594084804.3534,14096.804709325308,1.7039161536931664,2.395947565652989,22237.351315354674,26050.8730073761,34251.24491122831,2611398.875416277,656482.6372941226,30032583116004.945,58150.97063824586,0.34366036286254975,-1.8351442188461076,9904.638426203226,17974.229557471896,20522.543471473455,1372620.2646617817,979672.5261912132,10782074637786.055,60870.608165189355,1.7304861311110948,1.365820571586287,13662.486464341124,19151.419772801473,23525.31435926746,1595030.7109800042,652962.7707314858,14168074641980.307,59078.35120595914,1.121222475063562,-0.18541548608680758,10219.352360949526,15050.761145751232,18192.32183487582,1313003.7174488343,620330.3498263211,8472590687838.708,50785.76971042038,1.1294542123453426,-0.17394606605769525,68,235,303,269,0.3811988921379064,4,71,71,Squat ,caden,original,True
2872.875989065782,4157.949159784219,5053.905189445187,372981.20999794354,193644.05568436143,653874116195.8655,16668.792104798464,1.5224113313888787,1.7324804949888684,2117.594414031752,2742.450865346644,3464.858272884915,249272.79442142227,68200.84828272776,307334216990.1834,9353.82222940383,0.8605956337359424,-0.6540921306348042,3481.10175941471,6483.872321386815,7359.257417664247,393928.90210970526,66259.88248118335,1386461945329.8237,26301.392982125206,1.7017374806990555,1.6025828493946133,14612.981560147851,18716.66873657563,23745.58735158869,1736255.2641057412,488635.2001878084,14434634718001.375,57939.703295831285,0.7567610862656329,-1.0424394577367173,13180.67347926775,17863.13495596539,22199.588821014342,1497360.3537559018,399359.97820826457,12616236641845.885,53620.75662586927,0.8546228955907372,-0.883967413342643,11980.417207350507,18110.899474713442,21714.858421029498,1299597.2351668938,252337.76998608364,12071297951881.104,59524.19861847636,1.1887322414890642,-0.14984510088364233,19641.657124394646,22968.041579496097,30221.27774581585,2255986.0538019184,430913.8166283426,23381136091897.453,52779.16479202031,0.334563224197986,-1.8487497381832547,2604.590003550739,3644.711517590652,4479.711054638948,330445.2246943138,150501.73985458227,513735965006.1924,14628.046826083015,1.423970178876096,1.5328490818665994,20084.00299364904,23768.918103547883,31117.979434116052,2361970.0415008264,628174.7236690822,24789213287988.99,57359.957938900094,0.40196274204911514,-1.7222689248148142,10049.244706696096,15273.246429827446,18282.761708267608,1232313.8316654584,579854.2097633551,8557040017441.184,52336.12595069046,1.2967061003624853,0.3223319556231754,15781.441355035287,20361.7521690186,25761.499231119134,1748110.296388541,179049.05929219312,16989563971454.766,63270.94438153186,0.8026851133655591,-0.8750627422497752,11756.906316645998,18433.161919188315,21863.355288642335,1547174.0854078257,828054.595653792,12236961394621.559,61466.711595323526,1.3174780620310669,0.23290174916926887,68,303,371,337,0.3712438118361637,5,71,71,Squat ,caden,original,True
1199.4063573201736,1930.3827334425587,2272.6533188221233,166935.7498867944,104267.3374269574,132222799553.36224,5301.5114284497795,1.0693359212114095,-0.7074468833576693,928.6946373823652,1793.701694806429,2019.8612574764184,132610.77459194945,93382.54252100555,104443891186.02798,7156.866559704968,2.1542738107864636,3.8933594843972177,3990.465230608564,11422.087939539182,12099.086976101229,625816.7930942428,590193.7821309492,3747530384774.716,56529.43726305317,3.1003896274461393,8.771246752334855,5182.621460063836,10457.720805715358,11671.481895997873,717514.5384304649,433132.513766152,3487321335004.317,40269.60831660855,2.0631921460879292,3.0497235004041707,8111.497900122427,16650.59142687124,18521.30106251417,1106985.3184174334,662585.4374531634,8781787982036.186,61488.383805178186,1.837094442087866,1.838589057818127,6172.222469055047,13603.141227920067,14937.930963632367,922637.5723401211,752505.4021697986,5712429605740.713,67092.65488380897,2.7523546662008203,7.616706753161395,13993.270697671276,22039.27369419028,26106.34424399045,1947426.9839422603,1207053.6467639916,17447454970514.77,51594.15727466754,0.9422069808537527,-1.1073825290037131,1152.978175185443,1911.7308384637788,2232.503856925532,159946.87574815896,99434.2021147545,127592280862.39682,5144.660205215471,1.2148930378508673,-0.2800678736428974,14747.696049693535,23591.22944792393,27821.585965554506,2049454.767637798,1269567.318123179,19815440528351.734,59290.44554589899,1.0298962622269099,-0.8435382290935212,11003.139979322445,20281.425536551484,23073.909751042334,1558593.9829953096,1052005.346423988,13629575966700.71,65376.70076708548,1.482861192304725,0.47793660709354757,6365.530351732367,13792.398725464001,15190.465406333244,898804.8007453087,616749.2762218525,5907206125081.779,61389.257822799365,2.1265259246322104,3.4279388225442498,12286.839528256078,21613.73334980819,24862.017112650512,1646451.629218253,844505.8486068631,15823869309689.008,61228.51384480415,1.3487494922180183,0.026710707151166524,46,19,65,52,0.5999899356255659,1,72,72,Squat ,caden,original,True
2100.454895842423,3995.9472901080894,4514.366568500013,304697.4513860093,228535.7817174852,521715341178.6389,14944.198002233328,1.9043674904069803,2.4654522179658303,1315.3970648466106,2282.864879370125,2634.718485088806,186807.64928837473,125344.56091414239,177708582289.11755,8052.296244561626,1.493807874976244,0.8966717413710694,4187.268450867414,7786.921244192436,8841.343763415438,585763.0647509864,368204.5578360356,2001135604297.8574,26682.990331409746,1.4976952583885252,0.5497139318729238,5975.740729220223,12146.166691370616,13536.5742548631,870119.1094425097,651579.7520375804,4690914369470.016,48857.49116039929,1.854837889324831,2.165457110139217,6239.687258019084,12992.266915522445,14412.935047451814,824163.1704452276,382272.8191069838,5317957035060.859,56246.92435883074,2.105752263000371,3.4203639100607326,5167.781857852504,11541.737016514278,12645.855553845511,718337.2997321254,433267.8266354953,4093892164831.37,55492.448930808045,2.5591258548399645,5.912581602592098,13164.311198401972,20810.25752259617,24624.49811641126,1829297.8085130278,1127852.4176765562,15522967231619.63,51343.26086707416,0.9663081383756238,-1.0268649382850215,2045.0323442005429,3610.1916132451615,4149.17350482865,291852.50967864046,201340.78752873524,440720403793.2049,12853.465006432663,1.602252711099657,1.3368408063083779,13808.07767799762,22389.80097269158,26305.25036486741,1909287.3697768014,1156885.5154811202,17714334637013.938,60605.43105210062,1.095519102891885,-0.6539521876396082,11230.351185994621,20063.725689045026,22992.909261031244,1563298.5619177083,969156.1207512333,13534051232922.012,59329.32659455474,1.486797148637581,0.512969959361532,5761.4275613989275,12669.189820038102,13917.701614900512,873303.0803549524,739255.8295493259,4958781906979.95,52840.78137058972,2.085467612955736,3.0620028433230377,10956.274412578237,18580.071321227002,21569.863219445757,1497172.126889545,847724.3086699634,11910630382223.328,60495.22188514487,1.3525859888045297,0.2934095710929254,46,65,111,79,0.39170584460193675,2,72,72,Squat ,caden,original,True
2947.589823984194,4233.1985971470585,5158.319118990507,392132.7823021162,219050.97295739572,681171357013.5808,15173.403074638658,1.2941508314605479,0.6108730321625084,1832.9370674928862,2376.649554929077,3001.3532615028844,222025.68848605335,72472.22956598415,230607907848.55035,8801.475337099062,0.8587899044240537,-0.4322795036599305,7989.117958527997,12186.691840599657,14571.940974798545,1045603.5446008582,492595.6971406421,5435941472589.127,41218.68642755804,1.090692463280527,-0.42802586406795395,11539.194904591495,17481.13219423841,20946.193015404708,1406880.7037562376,470585.26328862994,11231820847067.879,62112.50810524133,1.231674309597191,0.15778139307405015,13212.54459972044,19073.11931697745,23202.48295504729,1635071.5773319113,594773.7655378004,13781893511149.057,52551.569855739515,0.983891014359006,-0.7720206019452602,9485.602466396023,13963.596716996273,16880.719398929876,1141953.0644924599,398288.5539431308,7294942398090.432,53059.02345098945,1.3397807976083032,0.7274375465597114,18720.317750130744,22746.979135130616,29459.724310317775,2210594.4621458114,543890.2856753779,22217609124862.156,51393.97394353547,0.41202556995718,-1.7911524189727444,2612.475560733685,3558.82351270609,4414.776704434835,336348.9429138893,158004.42301306038,498950485760.52466,12959.397419221546,1.1130511094825761,0.2643957643024093,18642.159073766044,24098.396596399067,30467.40575514981,2276559.596056411,813795.1757225475,23763528024292.758,62945.1776908479,0.6849608176488228,-1.3122972919043812,10541.334222973781,16126.226825159212,19265.9004154211,1163274.0223906662,126523.82281406157,9502077921713.225,60345.03100841309,1.2501222530533487,0.1616491613210611,12352.847698839945,17847.828871729533,21705.7098871536,1518279.125554524,516449.62100665626,12061128747655.107,61449.75610482855,1.0995263800457187,-0.2035651211091789,11973.980491057238,16936.881294990955,20742.086606723875,1448358.2931749013,411682.9809528377,11013994414101.344,61150.107597768365,1.1220853585157462,0.03279328006599558,65,111,176,143,0.2987680692391482,3,72,72,Squat ,caden,original,True
2502.2923207401604,4041.257912745225,4753.233886078095,354568.34075549047,242760.22248317907,578386748819.4834,13314.323942164065,1.4162742549698943,0.6449035964534207,1585.778234759872,2315.0675047803684,2806.105871404024,204388.28311732248,88935.86534952788,201580292135.1203,7370.311402218538,1.0054341964625821,-0.5762657143849701,5412.037858399938,10141.981386395333,11495.648751712259,645332.896804525,135349.1324294542,3383038469702.2363,47283.57836027548,2.242150062510404,4.603792538456513,10543.273490171898,15944.186840576685,19114.855738293718,1444854.995628409,858717.4906643918,9353669373331.973,53129.92658832487,1.1281262569728099,-0.2536884720338115,8900.106197522557,16044.011491128962,18347.26669165349,1184884.495731361,677147.4344858596,8617528193399.234,53750.25852600678,1.5818446361525909,0.9083557011624945,8338.218951446232,14534.660189482505,16756.558181977132,1145244.9997603237,694358.5044615647,7188025397913.207,55900.701519389106,1.7394850949829226,2.038577395859143,15982.495708251183,21902.028492071124,27113.4472380729,2040887.971333206,843812.9035185064,18819558940973.133,52714.16019374775,0.6639138679525278,-1.5106046741990407,1844.6240064244703,2944.0221334712496,3474.17674384106,254167.23653004554,158144.57263129216,308989543614.61945,10538.349028518978,1.4673578830186853,1.0291013892815384,16448.9049353345,23611.299404953545,28776.030531712175,2221574.5173921697,1234224.0302790138,21198334288948.0,60207.609299015705,0.8465290177787799,-1.1521574573544053,11852.89066607671,18002.319784607054,21553.99115637804,1509108.8849001653,614197.1150133912,11893108090092.105,60812.54172241438,1.1542387204908566,-0.14025593955939053,11314.931704164479,18148.477194674262,21386.792745886847,1492991.2653906215,755335.5019712495,11709309541261.266,57313.13264393475,1.3241789022703208,0.21689680373627063,10393.853520201654,17013.576742089343,19937.251178594597,1315806.6245490732,602465.7977956306,10175846004694.314,56762.04224082559,1.2693702610834159,-0.045734986901589725,56,244,300,277,0.3097600181004963,4,72,72,Squat ,caden,original,True
2569.286029554532,4100.564398726864,4838.99360298919,345889.6218309412,205322.09397541475,599445992698.1199,13815.43690062645,1.43509642884379,0.744579325445486,1688.9361299913157,2474.526987849421,2995.9621267274347,222786.61782690661,112320.348480152,229780200058.50043,7369.407409424324,1.0218878401481897,-0.5486756169276008,4140.829432009765,7975.865541123735,8986.706822584307,549262.6242831674,295003.24003924726,2067479027586.1328,33017.51496538382,1.857070806448755,2.3151522792678527,10184.082133132231,15941.667265444088,18916.9840116366,1310529.5844755836,557034.0242741465,9161018472870.775,50931.11335567992,1.242843878602945,-0.003272271959311457,10765.663042497226,17601.849575751054,20633.094998859433,1474082.283267285,905636.5238607737,10898549996338.127,51469.91106150632,1.2590464847583347,-0.14368177929831916,11233.210291442454,18988.409007853385,22062.291134451476,1372065.2579967657,367999.52994544007,12460664066593.182,64302.322456127775,1.4531356505489048,0.6845811853678989,15671.67589388077,21455.50199470875,26569.531256079674,2036528.5442257463,941989.5706860397,18072063773895.54,50358.22634653112,0.6574478859346178,-1.5293431355508131,1729.3260071784964,2812.603826618477,3301.712998522558,227659.17194430713,123832.84924723406,279073503350.0882,9536.091126853471,1.40535369835803,0.6110607165484541,18592.013243939477,25466.832534276447,31531.294229569812,2403470.247687182,1066849.7719410614,25452096404267.58,59453.5136493169,0.6588184505334806,-1.5299819587339376,8483.039088365045,13446.245383408663,15898.536633463094,1132352.556688147,608827.3517787756,6470744757390.543,48075.24004875399,1.4152161235690823,0.7902568553345892,9655.372427990264,15384.30522176613,18163.233849721124,1223809.295477363,491515.692325019,8445518435319.173,57065.853738932776,1.226011420660746,0.05086210616838516,8458.025486384407,16100.47770993027,18186.906763281368,1215136.3290762508,893189.5701714987,8467547586977.014,57430.62697721289,1.7073692560464417,1.3577484566391682,56,300,356,323,0.3183108294670722,5,72,72,Squat ,caden,original,True
2596.298875674672,3998.048564857325,4767.0913751245935,351911.46663670463,211621.9924212936,581764100576.9546,15431.422056043099,1.6112825348745998,1.7878739132758197,2131.7398833777943,2944.8730840252833,3635.4631632572155,259177.6663975354,86196.03338115351,338344765731.844,10072.760579451158,0.9984633628363174,-0.3311263037985124,8055.595440562535,11474.401761206891,14019.790072593802,979057.3246849388,331963.0112199915,5031795550197.752,40908.15117672438,1.1074986723484093,-0.011941663996453133,11174.837041361474,15666.931785071889,19243.95319208297,1417710.8031688505,632443.2422581058,9480441202152.457,56077.732920578324,1.147285527628928,0.1576928151708179,9236.14383108839,15446.696969746421,17997.41092890101,1153294.2271916328,443242.1233022868,8292014083679.369,51467.254417925345,1.5097079611308963,0.8359961728107095,9498.074380539907,14369.19232331148,17224.607541612724,1117201.7377748473,277904.1877536433,7595189887042.1,45009.78094737981,1.2268315347819552,-0.008236504848179838,18604.963078207435,22911.86466491579,29514.37266087285,2219508.513509975,590168.0900160547,22300113755260.9,52405.044237209695,0.4406840578114294,-1.7647496779243421,2374.55907129686,3645.9003922507673,4350.990743875756,315315.92641571176,175164.63215875518,484636683604.28815,14094.2498709279,1.6027990496541964,1.852089757377473,19465.0513287544,24231.919773317128,31081.73352841699,2403665.6686808774,863506.7165274734,24731498473766.938,58788.33978721681,0.5011116222360366,-1.6384948713235477,13458.073190327643,18965.496186753382,23255.31723296788,1635609.6377805776,546583.9908281027,13844730357912.904,62179.6185077564,1.0621027416441846,-0.2491746739205376,8347.587241654386,13895.439524983985,16210.041713379956,1079377.4193820935,609196.875868379,6726795580147.668,53139.50148904307,1.6501024305756407,1.597651886513396,11478.378372527925,17677.731022557633,21077.365683804353,1457329.6136947817,646620.2359354821,11372936810721.623,71486.91742759506,1.2286000406062283,0.20016862505176958,64,27,91,59,0.40416803715311206,1,73,73,Squat ,caden,original,True
2901.522418158799,4076.7272256242427,5003.852237548988,385975.3357165668,211413.44587685165,640986552709.7349,14260.571024375147,1.1631171372885267,0.22919181892691043,1840.3768477103627,2457.5400307648247,3070.2589376793458,225483.08054355535,77741.88946935468,241318142576.6375,8814.261497300338,0.8864657829946594,-0.5259796051976675,9085.84723274723,12455.779271220486,15417.491922818914,1118155.537485385,398485.77020925196,6085095864068.772,35826.335545886825,0.8485425928163531,-0.9801477052127265,11273.602668638934,14938.315438715228,18714.897415612533,1385469.6055863139,483319.5107483935,8966333063088.654,43735.971847694345,0.7772476301263906,-1.05785904856133,11697.474585858561,18638.662869902088,22005.241767921423,1359504.7895589427,275565.53608849715,12396305030775.64,65707.37158298792,1.4476724878258724,0.800770567527525,11728.291405897457,18201.853617680787,21653.1820853455,1522050.9154058392,742538.9298057707,12002823537180.86,58576.518926925346,1.2229735840348361,-0.10064605754250566,18056.45570818043,22546.755958238584,28885.84076986247,2168773.7861253857,609683.6262752769,21360430002735.33,52798.63167147987,0.4731372741784066,-1.7252996835644574,2356.938150344512,3316.441378333692,4068.653445609897,299725.4307809105,132902.96567077856,423780886028.1161,12351.46542867236,1.2131778874058576,0.5612960175124972,18291.24140988659,23421.53110442499,29717.631661865267,2327440.8728999468,1008307.913947429,22608323368711.598,56358.42454902945,0.6066987207386304,-1.451607114768533,12531.532562158021,18940.747798553926,22711.037746541926,1668336.8061879557,908993.6051464765,13204255629436.213,64354.265697411254,1.2492185301531737,0.13511864565999332,11174.020252697132,17778.952547522356,20998.806687398628,1375341.5955102246,584097.3250828036,11288316986745.273,56635.62000232678,1.2711093669745166,0.0299684432351075,11387.801965933893,17227.45241586014,20651.081094123216,1358273.8107155932,464827.64330986835,10917559049114.967,57135.33852551103,1.2424791003082931,0.16039781764024186,63,92,155,124,0.30962072178162486,2,73,73,Squat ,caden,original,True
2866.4657675216463,4172.954179334694,5062.625068005762,383306.47332778526,216660.86132996087,656132418027.529,14593.361709731462,1.318619742402431,0.6483575760979718,1802.6270553521595,2341.1952804929865,2954.7689659413695,221868.79904140974,77629.07978645423,223504886837.5099,6599.378618171441,0.6956892077807776,-1.211279500604791,5859.715107275723,9884.182669224268,11490.575624268295,702030.5128670889,202947.37353410557,3380053201331.9336,41156.022682649695,1.3701446913243638,0.554552810266562,11115.410167018097,15899.990000847605,19400.052196014913,1382947.6615615683,506376.1529204482,9634867845327.44,50786.59827344443,1.045609847643646,-0.4595830183415668,11423.911228711884,16808.307186344886,20323.014988727005,1446188.4448344258,582125.2264289339,10573438418739.777,56566.917713565155,1.109682451319646,-0.2572330075564637,8352.480849130363,15026.004269692881,17191.414736661965,974540.798659468,228626.4071886625,7565945360586.704,59776.660640987844,1.5235626579285653,0.9423809027009828,18002.12642329742,22478.646199233397,28798.716824030427,2163928.0659511006,609014.7599987925,21231771922193.742,52543.68108654561,0.4727567742021662,-1.7269334775938474,2364.5947734159345,3249.9479329139044,4019.1379684103044,303373.154276493,140249.1834750873,413528832233.4032,10673.399990291298,0.9974798189387196,-0.3451101292713781,17986.02102397643,23189.919796464786,29347.3905559147,2219835.0971211167,819850.4352683147,22048494910499.625,62751.09155645394,0.6229399614398263,-1.4362101996031016,12449.495709429506,17921.50721854888,21821.328199804964,1468853.3386705013,375551.42335964425,12189961328732.246,59436.02176284202,1.1274978030765734,-0.04497134431658356,9838.616210906646,16252.292441517528,18998.29935941959,1251320.1424894123,530798.3209724006,9239945690883.145,60231.16647890828,1.338575582117161,0.42099661486726303,14761.6243262952,20630.89490684025,25368.077921036056,1874480.6843502705,804262.9517013588,16474608061638.578,62995.99767337066,0.9845096292379172,-0.5792641290062841,63,155,218,186,0.24068106247290588,3,73,73,Squat ,caden,original,True
2851.607873600054,4224.761172579107,5097.084895321032,387258.2055851133,227759.17143263423,665095025410.8112,14718.471697331488,1.27581868033073,0.4429198625666846,1906.8767265923852,2408.972326507657,3072.3486977065936,232449.6409276687,75468.8969069766,241646758919.6648,6725.3495027458075,0.5845935760312854,-1.447578803338863,9537.725258040344,12479.507924656988,15706.88769742234,1115420.3295664648,241241.3378540772,6315681821169.594,45325.845445660096,0.84606063672943,-0.5495328616010204,10325.50038043097,14525.306638004955,17821.349304537827,1178041.8542845503,213661.06275223749,8130572570479.383,51817.821428438365,1.0299040321541235,-0.37630498162078885,11641.113846840106,17507.02225015154,21024.06620191236,1459751.0040873892,626368.0630897023,11315490807357.277,57602.14901351076,1.0486163538782958,-0.550717321334937,13116.13007846173,19767.06040742508,23722.764286354166,1617261.443112084,596012.8941316536,14406900361879.57,60977.972439532605,1.2294823404615476,-0.00772393973746599,18137.203248736863,22349.624626352364,28783.04818160938,2158525.8756572064,564699.1603621439,21208674883196.094,52018.890891531715,0.44504318360320605,-1.7535313748408596,2362.9029453047906,3199.183392125134,3977.195582993039,294997.05597359134,119536.59155331322,404942968457.71094,10703.500155942698,0.9988400682732216,-0.25130472375405644,18052.623836598123,23017.00493111373,29252.0040917648,2229793.3409031904,834280.7985527026,21905401430646.39,61520.97865976637,0.628020132639658,-1.3706187053946493,10467.71341351492,15356.96644787479,18585.194176780406,1247171.5948617766,338855.6294411062,8842481730268.988,51893.374753050884,1.2967248534481133,0.43719978041362095,10607.562686373125,16003.765587358339,19200.023414580784,1263708.1451057056,356088.8742924718,9437207017483.53,58074.3005277481,1.1679524262985652,0.03355373056162936,9129.907738209173,15739.39683605517,18195.70905656153,1077110.8575499821,244929.61716817858,8475745998618.501,59353.44578481735,1.703446004347039,1.728221034896789,64,220,284,252,0.19590478199311623,4,73,73,Squat ,caden,original,True
2053.830692874293,2867.916359485213,3527.4870318677877,270752.55496725923,134952.29046735092,318545017855.8827,7280.495898538727,0.7168915992571256,-1.4219368361998084,1783.8813985175555,2651.8028266527044,3195.980456044784,238831.25041437885,132076.2937827435,261485851530.75775,8305.158876973364,1.0692651923919405,-0.3913036867979689,4645.731321712846,11742.079276613566,12627.717341302092,712000.7026319394,637758.2914717038,4082156678446.632,53510.644901574036,2.694349615137374,6.325609902877254,10298.99752365387,18192.89150368502,20905.756414372652,1384124.698838657,780317.1610339261,11188496672181.332,67637.85410305315,1.5310834669496445,0.8626019454077398,9494.038605362997,16798.60401268368,19295.851000022652,1277644.9654265626,697832.061023048,9531644564865.928,63593.73538738289,1.552297493295016,0.9992520151148963,13943.0604249887,21334.89914548442,25486.993851038573,1804527.2760193502,817590.8713186352,16629423502409.674,60314.83090199054,1.1092463864461855,-0.44625955502280545,15870.042028382024,21970.31920711113,27102.641200535567,2067810.2211056452,957361.2004782388,18804560897151.18,53177.35307938596,0.6709924244994502,-1.5292198175606995,1019.6655516734066,1460.9669372395933,1781.6122555081033,131332.83409905853,57201.41530777069,81258041061.8028,4580.260986183683,0.9134880254903176,-0.7336189189332947,17923.4468696101,25338.86888537738,31037.207092102886,2388177.3847197862,1249406.5810885224,24660690536398.89,56659.25574841651,0.7620131768108576,-1.35028067616061,7788.039205775142,14939.416347621744,16847.54330691209,1024760.2950587834,549233.201726077,7266296716243.928,58724.106625875735,2.0377576475573056,3.0479649850140165,13396.308574226296,20101.606296973336,24156.482755865083,1727563.2596119735,768469.5365267113,14938512873840.82,62086.502016926286,1.1123845544582878,-0.26619299682754693,5129.253317747313,11229.340253150902,12345.336047214629,671508.7404200363,302385.1006035397,3901627446237.618,53259.116774483606,2.3009988905584247,4.388828631272552,55,329,384,361,0.32150340452566195,5,73,73,Squat ,caden,original,True
1982.4754142746817,2842.009727693444,3465.14473875302,266131.9006554769,142453.63274238535,307385038348.9979,6448.307082739723,0.7624853506227639,-1.3788159070399717,1990.823719755531,3069.744992822294,3658.7857827561857,268769.46929109027,148599.1461734178,342699863144.92914,8373.644717026818,1.0282174661385668,-0.7623562475207115,828.0246052773531,2642.626692627019,2769.3140998322187,93909.82721518043,7908.1453961685,196328974938.35602,14062.565005805172,3.08422737829077,8.565092235225398,10168.74144732744,17534.466074884065,20269.701604953516,1426900.9099931784,957286.2088338719,10518036560738.693,59035.92406799416,1.5049296864215793,0.7955611906058269,6616.085017840941,14667.911339294717,16090.997608001497,961913.3929780286,704828.4121993686,6628357222930.172,66903.49850900029,1.992960476222521,2.7420316120207193,10291.095991253507,19224.442454858803,21805.637904023162,1317175.236467489,583865.5399022019,12172437616675.111,68041.88067782148,1.5204632769187019,0.7790915417428361,15133.692332793096,21506.30615832714,26297.335382113157,2004650.5029155498,1006695.3058233504,17703676113903.117,49022.27592451525,0.7180912626074486,-1.4828021817959678,933.2171937179858,1346.9061218323122,1638.6123494225933,124484.58348697198,64895.35158323466,68737291051.01393,3952.4464798746712,0.8022673742838786,-1.2607591845281971,18770.548193086026,26672.90107953392,32615.596445068528,2489163.0913988985,1257039.9805660339,27232694565569.703,59740.69329721337,0.717659841234784,-1.4841093009839164,10964.449993025948,18321.142626370543,21351.42690279454,1380036.2953740945,547135.3429207408,11670615828105.69,64682.189833553675,1.3607895140598576,0.43412495593283396,7522.602416783304,14758.579787788638,16565.181087857665,1103103.7387248864,852837.9679041464,7024773746522.043,59273.01069917008,1.8193455878054086,2.001546561423287,7263.251503634706,17005.504072818363,18491.67356340939,1106731.7153112423,954732.1817468352,8753714974097.758,67895.79571142892,2.3279913911040873,4.067785323326483,53,0,53,27,0.34471778611385573,1,74,74,Squat ,caden,original,True
2743.0497164527537,4304.158620623768,5103.930169822215,372858.352939476,226023.3928855137,666882641367.5885,16044.31300960211,1.5666744309583371,1.4917836785629222,1776.9420400142699,2365.7827560155392,2958.7921627296764,220702.94379564634,80465.99201728935,224113947193.10226,7490.606856189474,0.7521223362186945,-1.0663141912497345,10247.75212167411,14781.229346843187,17986.138122211072,1328461.9559228376,601802.4931030585,8281629812512.109,43105.77522836472,0.9749118207419128,-0.7402989904178088,9678.325566963702,14592.171563465847,17510.038741184,1250364.1202842887,572067.1094698271,7848997291974.772,49013.149941542346,1.2776773835778135,0.25233861824240256,11013.823621045925,17309.145000368135,20516.11102034882,1415197.8383838974,685111.6841937572,10775316771821.525,57537.31414264768,1.2802622024812942,0.15168646679616726,10862.545319843965,18437.258046022278,21399.237721967515,1247973.5091785262,204606.03483192492,11722940802080.7,61729.6709883253,1.5072954983953604,0.7252123985826757,17341.6102044059,22221.898633713852,28187.660835347942,2122143.0088848164,678014.0258418772,20340332118236.367,50801.407616871635,0.523933021983906,-1.680610686335128,2272.2680147214105,3345.5573289652293,4044.249716834871,294130.768860043,140590.28257840677,418712467766.2447,11803.745933013637,1.2716320232235343,0.4673905491083037,17821.787270912693,23605.419433895135,29577.557846782747,2246547.972095177,914730.4692882583,22395697361402.36,62817.78022019045,0.6761529564935367,-1.374553242026954,11141.29903986539,16666.173583970034,20047.19147977407,1417342.2728262353,615462.2418478866,10288381087404.186,56078.111817455705,1.0060934764383103,-0.6680751175340816,9969.830085043868,15558.347560709413,18478.62794539893,1302387.342820484,646569.402613672,8741368083058.645,59578.769719638025,1.4760376807644315,1.18640366540774,11403.895294396,18118.785077105724,21408.857992800462,1514637.1188743897,788506.4793269223,11733483534230.945,59486.545165162766,1.3529003149658911,0.4161033472222093,61,53,114,79,0.2388346881467688,2,74,74,Squat ,caden,original,True
3048.700639733155,3948.6933982761043,4988.662660904086,361280.01950323017,147949.23263818576,637100931694.0452,12282.971055856107,0.9347304722645496,-0.4742395998266784,1909.2497508483332,2312.787295182268,2999.036459243357,219857.8457104968,49927.8576716547,230252023907.09586,6858.947922747793,0.5994415102427016,-1.2739143919970468,8274.906566019918,12393.119546671029,14901.794884323133,887467.7296921562,124307.95007547048,5684825363825.641,61453.19141940438,1.5043032294882532,1.8625570247940422,11134.144124214961,17020.08276709747,20338.445928281704,1269485.2368041354,240621.46508598616,10589500999107.549,61398.07330070132,1.1597694545786366,-0.15925508194011417,13302.833465276539,17854.98194807926,22265.797954960377,1542828.4575061116,363497.21960736805,12691603419420.617,61517.76815731305,1.075561268042269,-0.0343301953666848,12489.854256484792,19283.25152896305,22974.77418556028,1603591.1577623368,748712.8388459734,13512710371263.664,63911.28015438307,1.2319046606919672,-0.05699396979704208,19804.23054805262,22563.08622405938,30021.665635916313,2268407.283310448,476074.8255392459,23073290433401.82,51441.07942733255,0.2806452939587497,-1.8830419590705034,2329.840531768525,2919.577174188187,3735.249359749912,273848.222681624,68768.60319255071,357173447155.5104,8356.003549121966,0.7406435299283601,-1.0295465934000354,20808.137732252122,24902.897962950683,32452.009534657598,2451846.338858457,700743.2142739351,26960202824640.19,56868.85427681464,0.46227915298372424,-1.6702342561217094,7756.924274084029,13411.494460839449,15493.161648514522,876604.9147428405,229982.08074179044,6144974281395.231,61963.22015200979,1.8396851728418513,2.7560880563673003,12487.44283573198,17129.86379497805,21198.312720831666,1345563.4209393228,168810.49788351302,11503832632580.445,60240.27982366966,1.135622533984121,0.07863253329348652,12194.183167710144,18466.106220788995,22129.057415197953,1310900.0025269105,313495.3253760894,12536196661379.262,63356.65361307541,1.254922357399086,0.12438981750664313,70,162,232,197,0.28192842328837786,3,74,74,Squat ,caden,original,True
3083.4595478412825,4082.4797832968493,5116.0887369357715,309154.6025092268,80779.5412910946,670063717483.547,12579.20455617108,0.9424650902606984,-0.5589371389208853,2106.0488884182555,2507.2916913535246,3274.4394246860315,250711.43990392107,74569.05052243627,274482010776.01758,7640.930897244934,0.5400398552342648,-1.3258268311528834,7868.322310909751,11078.946700113262,13588.729005036148,863470.010455268,139044.6527197049,4727131032891.154,40951.49984102594,0.9464595124126908,-0.5284476754592595,11681.952130437581,16940.94290390392,20578.230051468658,1392196.176900026,519949.8127160815,10840666932509.898,56487.55738424678,1.1813299284723,-0.06130353002213429,13684.173312247021,18964.67827443905,23386.227170978098,1665690.3907887973,698894.2508751987,14001039905090.414,63784.88505844011,0.9537644517427795,-0.5817519084223677,11037.316994477684,18726.868267445876,21737.47827009511,1307025.7656697726,457723.05827181594,12096459815497.143,68230.56257885802,1.6142460397530776,1.2706131966449554,19776.454287465203,22545.194382361467,29989.89719760079,2307774.212584898,570928.8493258285,23024484708420.19,52704.59552444775,0.28473781968345,-1.8741330193193455,2201.550126080735,2846.213680039016,3598.298941178642,236099.59169559044,12859.156422658889,331462534914.2359,8113.15135600386,0.8195863635896399,-0.9257446989292495,20026.266727908587,23549.515856270722,30913.28284285065,2284187.2889967975,536891.2480000613,24464155036725.363,59157.032342986575,0.4399500096760825,-1.6192218233168882,12450.296544391673,18448.775819291695,22256.846435957028,1272054.0804011417,455445.85084052995,12681400659808.588,67828.5190291748,1.1999383783105304,0.08601051617442845,13352.029051434005,17536.574730927383,22041.055625439956,1629681.130699463,609906.1864374644,12436688206943.697,56742.62958581223,0.8709496342215957,-0.7741456606597557,12873.630307043906,18695.287529971607,22698.989693613046,1521514.7786353666,413725.4016182818,13190249807635.234,57135.89260520785,1.1290343276209762,-0.25022868068260307,70,286,356,321,0.23996772991586232,4,74,74,Squat ,caden,original,True
2483.8808110102345,3185.059318257368,4039.0923168606764,300877.8275588051,91641.30994582095,417645228649.54755,10265.49079023247,0.610448916550016,-1.3321221374800505,1639.438034657731,2396.12361829906,2903.3025098416774,214136.79499918903,104235.57131899502,215786635869.51636,7564.943777026007,1.0814605278942564,-0.2883605646066161,2471.361441182965,6170.16844785069,6646.698883492327,354532.61715910677,262243.2596765895,1130972314824.1445,35872.2159673097,2.8806409878274946,8.25174564920952,13238.778204581311,19110.0030801045,23247.74109610869,1681244.2483797506,774444.3450128927,13835711131435.543,57665.66232766128,0.9986184020937087,-0.6120870033745445,15404.251577617082,22849.029419803806,27556.652773760066,2041674.2498834468,1099857.6084210789,19439849269595.6,63078.40622090505,1.0037005892796218,-0.7876865562169382,13023.795749233066,22120.776115877885,25669.98230787343,1707867.1332002806,928693.034275813,16869068587175.295,66873.52245482693,1.2849128088171433,-0.11849749709338031,17826.32335618104,22467.704296854936,28680.577762137906,2203380.0973357875,770913.0122509947,21057933843713.004,53603.04767242426,0.47791145263017704,-1.7473493197745122,1255.7242390850608,1666.2950958433646,2086.476146774126,154142.47160502156,52504.7868530002,111446597403.06952,5366.972514625804,0.808531871301075,-0.8197071221690782,19292.092539642188,25431.593776249203,31921.008702080122,2365337.6103004,843127.7297800421,26085140391891.836,61085.128254206385,0.6512455680521857,-1.4758736571794562,8724.3716079731,16025.858888438894,18246.720611281442,1114343.9957261789,649717.4422453915,8523336014493.773,68412.95103689031,1.5810842118224182,1.3067160612054058,16874.928492586045,23415.377173666682,28862.486029705808,2146447.9387880047,987446.5150292746,21325903355263.055,60279.678658217956,0.8195617660898918,-1.1345143505012696,7273.093778286639,14816.161342742793,16505.045593452254,849155.3775212782,205515.0054856096,6973863169073.605,68338.19730375422,2.283994227463409,4.613757522041306,62,368,430,403,0.46313070897309533,5,74,74,Squat ,caden,original,True
2829.0431066303836,4280.618044777101,5131.001436800055,384755.0179276282,231771.19932261802,673975699057.7722,16404.294585545587,1.5345090936041907,1.5446589678664253,1841.7153220316213,2523.5096265102884,3124.1024571060625,219704.23581636016,62771.499450021416,249856413759.90112,8582.742761274516,0.9606323857512571,-0.5013899931674355,12034.022362273321,16026.9793334089,20041.99991939952,1522394.8471360053,651109.6576413955,10283053075691.783,55191.9010261221,0.8932731131642924,-0.5708734531041979,10979.905649391905,16401.400411202216,19737.382387696005,1351442.9546587053,477516.76080642175,9972845146064.188,60495.30072473336,1.2938755504424007,0.48555929111561325,10202.613075338344,17364.93918913152,20140.368085198956,1334442.9592382328,725637.029378898,10384241321146.898,55704.419843683136,1.4932555753557282,0.6780189434990254,12650.651247383532,19198.46223029012,22991.73610214772,1557290.4205055381,637098.4639077757,13532670182164.553,63119.54390169734,1.168073227963812,-0.22424230365984243,18438.960125945923,22730.725614569044,29269.115762028905,2190812.307914612,561593.85227686,21931037119770.848,52694.0456239806,0.4470176901890075,-1.750354841202468,2574.0862955972084,3591.8421019521397,4418.964804401288,330158.1562745091,153913.08604726527,499897598528.95544,13175.267863568428,1.1802644977766104,0.43862051508472266,19420.39876390952,24438.96586003879,31215.620135717305,2381404.5622323793,827553.1382986833,24945022475709.438,59068.45605685267,0.5469143681135537,-1.5715264607037875,12781.764536713545,18783.35489143308,22719.769489356862,1667761.2716779008,832679.9702849009,13214410896627.479,61906.98197232559,1.0989506363087613,-0.360725182500095,9185.515789294746,16303.092762382663,18712.683771555516,1217430.7654535791,742611.5460674166,8964212068716.469,65986.54625170818,1.7140359576323785,1.8513078468203013,12066.381383243051,19712.00101325635,23111.91345675416,1524157.8733171707,597815.9803553686,13674509916991.844,65431.45680267324,1.3142187126501308,0.13520348008188732,64,27,91,59,0.38855377135598784,1,75,75,Squat ,caden,original,True
2957.0313065965283,4221.787743673252,5154.369592959129,395587.2449777295,222344.6062151704,680128663061.0345,14924.544893187878,1.2382415289188864,0.44464568920299685,1837.3350574587262,2348.888199416124,2982.1260682142834,225001.29353176057,76004.68459700051,227662742700.1134,7400.408034532328,0.6742849241237935,-1.16543668271065,8146.322776659666,13040.984710359842,15376.275784381703,997856.0592553394,319153.1814056932,6052604339132.498,53003.533184749795,1.2385764904657197,0.15397854011048917,10313.621947810261,15325.897003458036,18473.059211807817,1316273.1574085595,599659.633275905,8736100266059.715,53996.955113440476,1.1886140008255632,0.026096748458666497,12004.689281492634,16570.141603196473,20461.72420631181,1460197.5799427188,430282.0294905053,10718263231876.27,55683.510370927324,0.9726571063381838,-0.561526750618369,9939.950168766136,15457.443109124039,18377.57211465541,1153434.0739646875,274343.08623568807,8646020014831.62,63328.70668092563,1.4184043116462033,1.0501313253040934,18275.00781368924,22519.29458630515,29001.629941353214,2175706.18970472,569389.0660193673,21532020204933.0,53100.49584070358,0.4452631449916284,-1.7522974685473018,2438.8905774253462,3351.4965192783948,4144.962746200421,310461.13477751875,138059.6750052935,439826333885.16693,11440.037428813297,1.0345014175409182,-0.19298872714455229,17369.581881892223,22495.069001296433,28420.599995862973,2140228.0157786114,787679.6620134866,20677900905596.07,60812.900655070305,0.6750275309339023,-1.3107250103801138,10595.976419414677,16524.347200541462,19629.79283346705,1283410.9878037833,415159.82855568157,9864416427131.76,66638.0108159061,1.3486212378421532,0.6351917876903128,10315.690040666941,15445.730620708428,18573.746402452172,1209381.3115157916,367876.0545077028,8831591818818.688,51659.28591161495,1.209008055392718,0.0595761686248375,11846.590343654174,17007.726524387475,20726.901946473175,1506503.0262913185,686018.3067668917,10997874286047.07,61844.781704286215,1.0989737838049118,-0.10390496539117411,64,161,225,193,0.23182831428818376,2,75,75,Squat ,caden,original,True
1426.752494432601,2414.3635271438698,2804.4204252522904,193688.5460965195,108446.78894598261,201338212392.24933,8233.66573477417,1.3157940702011353,0.0950798490574396,1224.1392409472642,2036.4539655162328,2376.0601075927634,171622.81842760957,109542.97945817177,144528937853.2796,6573.807514253772,1.2814120131325448,0.09000393553405539,5053.072765426514,8863.299661247707,10202.53033603767,723180.909448044,506068.92055700923,2664745606598.8833,32105.574076734418,1.451875107812956,0.6860738953881205,8407.86541521168,15059.071121867732,17247.255546717664,1196244.531856737,824192.9735819853,7615176291680.852,50603.099388077666,1.6170626983474838,1.2770585940924892,8169.324303254549,15818.981689280623,17803.877141160603,1121125.4549676592,647453.3787138662,8114637856193.051,60402.72593678579,1.7104581773456615,1.5169417835453114,8946.757846620425,16405.77984610823,18686.735625171004,1249332.8336417465,780304.5885716341,8939368661120.902,61787.895828287496,1.7031386951427803,1.594397332931325,13793.935390394337,21754.67492020264,25759.24172870908,1925514.5198666954,1208794.9002157128,16986586481614.516,53114.97704770731,0.9512264614477356,-1.0768024991498852,1282.0944648109385,2140.8288407738,2495.3785969643445,178437.379324604,110566.63851020532,159409007160.00616,7192.036798692598,1.2979851706580554,0.14183864984072958,15477.742052612866,24471.208236063285,28955.146892737263,2148819.471035858,1319613.5906102168,21463053608447.797,58035.70771946064,0.966001460205331,-1.03165733710501,5551.206451127904,11230.275821374255,12527.369559775396,773726.4146728286,511200.67263171927,4017535695031.9927,44439.14188618785,2.199900552324742,3.941381601967164,10637.955311812155,18754.45371449438,21561.438434047588,1457892.2530602792,844171.4208820593,11901328060037.746,61915.14365630802,1.4544206535586506,0.49581923993767685,5628.902357068757,11131.120977637087,12473.427594859668,796951.377427563,533100.8389581083,3983011736683.69,40436.23351002781,1.6741950040538938,1.1408838015962015,46,269,315,301,0.2883680161857987,3,75,75,Squat ,caden,original,True
1968.5496572465497,3945.2050964794826,4409.062372697078,296313.0437382339,244923.33949889365,497659673762.12976,14263.542908140964,1.7562265700455308,1.6604518080276334,1056.8473537859509,2090.4432827399783,2342.408898454124,157506.7821415617,125723.99381886052,140464113857.46082,6855.582362285667,1.6540013094531907,1.1065622099381374,5839.119275680314,13048.559905032962,14295.461850211599,875601.3991051476,712345.5114346108,5231621875477.894,60577.28167802683,2.292666087167315,4.598727409177977,6979.477784377249,14096.927891076524,15730.11398906018,1040575.1709884221,832742.679409686,6334374044385.967,48251.25508493387,1.7789833865171698,1.668767934421913,5134.408575355391,12448.74733582209,13466.011348941474,744961.3537868134,539797.6238097302,4642136618235.406,55084.07716859164,2.6315409985833615,6.107827847842097,4112.811944628809,10493.199593607853,11270.424118158704,614314.7041723869,498899.8033526222,3251774970961.2393,47046.79866460353,2.7775246648373932,6.773671521880896,9557.768005519665,18107.867817004222,20475.492817645016,1406683.2210088696,1073262.2554096002,10732692636811.076,52091.8855870922,1.379435453240385,-0.06484870186254277,1534.288781587366,3103.279309261692,3461.8469834174603,230005.46085214976,187904.19775366303,306800244136.8721,11165.01232506026,1.8260662194893802,1.9944669323110826,11495.217703443175,21875.500041938663,24711.890501020192,1704775.6071369455,1337251.5674067542,15633344822640.945,58703.04929708391,1.404332244737272,0.025184896159722747,6826.418292284837,14991.857770885374,16472.880322630197,988624.1352567489,711930.574243621,6946708124766.646,62252.85682295063,2.0078281369951743,2.6031292771428944,6069.415481180649,14378.360878680069,15606.89161366711,885178.9907295527,663557.6765308914,6235521685523.271,62373.77776803465,2.354557921930995,4.488704626507214,9882.025246788913,19455.35887680601,21821.21472337157,1478302.1469220696,1195545.911533269,12189834547289.297,60463.52020804503,1.6007933663850125,0.8209566606327146,35,315,350,329,0.2731395866365458,4,75,75,Squat ,caden,original,True
1527.4470168740684,2632.867142604744,3043.8600132011916,220318.02052171284,156654.15012613384,237186144767.108,7568.856330218881,1.193837271200146,-0.4630068119034485,805.3448017557042,1694.479308719409,1876.123763879436,120622.08464077124,98391.91967487599,90107913661.26442,7481.815840371073,2.226374938379143,4.239571837310472,3264.8474341699903,8613.778275546922,9211.753630481575,505736.43972421373,459569.8942765057,2172323966686.4756,37133.410073012186,2.448323228629086,4.418895517738197,9497.893341419098,17218.36588120635,19664.23406960119,1384083.4828134575,1024723.7025267027,9899061799528.04,60154.36696592612,1.4713713261714103,0.6604103931015834,7817.334773832679,14666.30935853289,16619.607491344766,1124280.5573911474,794062.5284416624,7071010641058.895,56634.099905274416,1.6642345095449322,1.3850946970841518,10112.313465063926,18712.482287128547,21270.06998018137,1491787.3459118202,1154184.3401232527,11581846450222.402,62834.235874777674,1.5481193038653964,0.8178274616576369,12014.086285990574,20507.558386454442,23767.58759868289,1715495.2640005946,1173141.4585855403,14461394438683.262,54185.108741393284,1.1309041326298197,-0.6963811104978834,992.8802186272922,1743.163711710688,2006.0984159223997,140950.92447188814,94141.2968048246,103025429871.77887,5651.348455301245,1.3376128775397675,0.16690235464205117,11970.627078887723,21234.25462144997,24376.00217407213,1738833.6301378664,1275335.9823852947,15211250738953.453,58573.970097931255,1.3485622146624436,0.053647342237800544,3721.65177657784,10101.57240571932,10765.335898804784,506386.92241414066,299920.2310022767,2966846899560.8325,57387.460175462045,3.1149822787318153,9.323557383482841,11829.678342889309,20734.716665757114,23871.9451428963,1707985.74719518,1224827.7354339524,14588665981579.523,59736.71543261684,1.2948306578974556,-0.09977494432765033,4916.143311657416,11588.60864409136,12588.261014400001,670788.0001865071,385762.59567795426,4056686473386.5703,55759.06762569968,2.4801109811675066,5.116612689942356,41,350,391,372,0.6250335330058241,5,75,75,Squat ,caden,original,True
2003.977311451413,2522.095092346644,3221.3178544892244,230435.43737605595,77126.65972467282,265648351223.06708,8577.574735842109,1.037202978128303,-0.16320708576050125,2571.830912751723,2894.4487020064907,3871.969464282024,277257.7312424166,53399.112745637154,383798976827.70996,9330.648339644715,0.5868194348206188,-1.037449017464974,23055.484758051487,26081.07855231526,34810.60234872105,2315325.947098579,318587.2639566466,31021517718548.06,68578.0010463496,0.2980676378722695,-1.830620583962977,18358.496285363297,23972.597681821047,30194.698631947795,1787268.411150007,473954.1259477962,23340027532138.24,62468.81488931782,0.6761496036779512,-1.4037569041735858,19130.88543943634,22365.647713042716,29431.496314675715,2149126.1044014674,492470.6398578011,22175052168211.723,66174.61270193796,0.4945654726585929,-1.4776222381996538,15659.516804388084,21956.199505782653,26968.410470115647,2002970.4453592303,1033286.0412678524,18618756180086.867,62074.1896052529,0.9807797171547713,-0.7470612525873923,25098.60359470844,25437.84163054254,35735.468224508746,2603303.47892345,110900.81004201404,32691806444156.777,53730.01026605826,0.030506704198768733,-1.9918470504369594,3127.0839044426675,3405.454529281907,4623.394239780018,321960.44556283933,37049.44732248027,547219821988.635,10406.590526387885,0.42672733179511324,-1.3538470656124113,22918.731391967605,26449.41515670533,34997.71150731023,2645149.8876265506,626473.3219615665,31355899155172.22,66868.15188260801,0.32284211131520807,-1.840198192547358,11259.910110469995,19371.724167000317,22406.456053963742,1291781.198554592,631626.845867242,12852461386194.14,62864.6142839575,1.54181890094384,0.727784985115155,20349.212001460844,23505.489218536914,31090.16649172457,2204769.8805286665,374021.99820210977,24744920383568.72,62810.06980753265,0.41527492539598504,-1.6570941785310171,11194.535362766372,16983.837669810502,20341.297008369478,931062.9490344515,826783.3548966199,10592470117957.148,61842.37055667126,1.3772995733511988,0.5315729506262055,79,45,124,98,0.345173021568105,1,80001,80001,noise,caden,original,True
2263.100236563013,2688.0305386327623,3513.8484397244433,242098.473354853,27230.51488037727,316086549948.2599,8203.66648151596,0.6099592319066915,-1.2463386343145588,2934.844185924917,3183.325717423158,4329.765931186691,319285.6026092428,47375.44094009415,479919949282.94275,9477.032586492232,0.4267743650437568,-1.3045684073463448,22244.61216069529,25805.986771839463,34070.100138510104,2509092.9174680146,656001.4945973034,29715756120271.52,68676.09058017726,0.36205092627383123,-1.7656443519887621,19840.49922730734,22044.723704869677,29658.308326889215,2041093.702699178,249433.03882403087,22518150472008.348,63921.63690526206,0.2680296068697748,-1.815235940532398,18734.65171492642,20102.59055719737,27479.107008596846,1854159.2827361901,442891.67424890696,19330593842941.85,54120.13760033971,0.35121559224866833,-1.4990647788546085,6747.926372911966,14536.080898586091,16025.983845757497,782733.0151882984,529869.2872310092,6574903250546.692,65088.61372901827,2.5579367006929425,5.502147598045344,25696.26634750397,26038.13191237862,36582.542526296544,2675408.8488410604,113779.33350182037,34260029892820.35,53907.55791066971,0.029259889507891292,-1.993564675584637,3254.8298490443913,3445.2416887053155,4739.578846250307,347518.42326707265,40480.88403648602,575068355579.4788,9583.069135880363,0.279626879550532,-1.607756539957295,26229.949101051443,26591.271144073133,37351.11686283779,2720372.141674451,110283.45686402397,35714711831074.97,56736.773150094035,0.03206177059048949,-1.9896214300792916,7330.481647988071,14214.837998378265,15993.67314007725,950026.9725848425,696983.5638150612,6548418061097.688,61170.17204583461,2.3933559146562247,4.614090275077534,17988.421820614894,19714.022151422258,26687.56243989213,1825233.5662506614,503467.62023942696,18232985317968.42,55577.834236824434,0.46696331338777924,-1.291252192825599,8198.887790703538,14755.295227472998,16880.18063453217,890358.2644507498,500632.3076419131,7294476755313.534,62982.91567163336,2.0097754862102897,3.159347764616058,79,124,203,150,0.27321611164678433,2,80001,80001,noise,caden,original,True
2775.077992218008,2546.45609290783,3766.363829477995,205889.74524562006,126691.78834027228,363148710297.6038,8874.158401956402,0.38670659581523426,-1.0028706399986946,3353.753713664184,2753.9293006500216,4339.561102795423,259858.56404658602,74668.6986117238,482093838461.3126,8290.054909485398,-0.023859926782093137,-1.4392790730296812,31897.954466575455,25724.73350560347,40978.54820617781,2185851.8851255625,1272522.0273579913,42988580175002.59,63966.850731058046,-0.309559063926554,-1.7913520515181245,20761.667696627548,22776.511838690203,30819.090464891768,1048529.1222528972,1163962.8438521032,24315298229329.477,63716.25262807107,0.40380501455955425,-1.6037827002260092,24093.940916106843,22833.607517800898,33194.75291587243,1322512.2661454335,1755593.1368667642,28208425501333.03,56729.42840316077,0.11517071114686529,-1.7938195208439207,16257.069378668424,20371.357903036016,26063.087453262833,1951562.9525100973,960612.125424915,17389683906468.518,59333.14571096416,0.8762957451586444,-0.9282619802979739,33517.40993769403,23964.694581190615,41203.43863442925,2303950.190374172,1033176.308505831,43461717895710.13,53272.12090037819,-0.6763691775373112,-1.5274416358088405,4094.4543981473207,3170.74430253761,5178.626869217617,294882.0977176452,106634.97999455797,686545312014.9161,9636.497610897832,-0.21713506143928585,-1.4020913891593862,35774.47082188063,25585.821704720795,43982.34912884203,2410002.8090607156,1184817.6206378462,49521844093218.586,56833.69661866935,-0.6752721483459986,-1.529093920138816,15451.951125083995,20861.890967903175,25961.149595668227,1601670.6922248427,295044.89269820467,17253920981213.809,63503.255240819046,0.9831781017821576,-0.7596761702809656,22533.614313514765,22255.735173068446,31671.462266905095,1261828.4533158035,1708442.4485018721,25678886966374.234,57382.10280973671,0.2193832835902779,-1.7497607387072318,11395.664120213745,16407.877635383014,19976.97697947387,846299.6486728216,753908.6650023771,10216437996503.781,63000.08167463852,1.4530206225500986,0.9642214974266929,106,224,330,277,0.33047472961100977,3,80001,80001,noise,caden,original,True
2296.708359977586,2660.1685483192196,3514.451023454121,241957.6723223207,46285.243263580174,316194969504.1975,7814.194762598898,0.5539162742389548,-1.3537819169613714,2485.589753842748,2889.087868556734,3811.165850058187,282588.60341501446,81297.91678898156,371839619498.2334,8285.46513480846,0.5605877522044804,-1.3601582039867484,24533.00893205348,25919.24485627233,35688.59455315683,2564417.449988504,192841.1503195896,32606099998198.15,60856.94968694083,0.17487247794360608,-1.8910141987785096,22584.68962302121,23726.09488650536,32756.61435392336,2356099.510748694,111289.80730358281,27468692068650.45,60615.88012715801,0.16683491795674527,-1.8563826188206416,18644.36610946936,20453.943586748075,27676.274963835043,1897108.1996831268,293082.1052788629,19608990614369.34,58516.62179550256,0.41841319631392543,-1.4177628533813278,12414.195010555886,18920.824036140926,22629.843569205663,1588895.5891038312,761040.3147783007,13110011391148.0,62581.38328025366,1.4067326494368415,0.6066892328411733,24840.6992282179,25554.76053956383,35638.54829228085,2605505.966917127,194259.3617130949,32514716784159.59,55019.1934090994,0.06963820184161415,-1.9700409640303915,3022.101199218846,3333.7635012452256,4499.674959433716,329175.8161186876,74545.38485988375,518325113358.2032,8984.444646584276,0.4071147236974515,-1.5054207831226918,26267.67663743255,26985.394212840703,37659.02729427748,2727075.17098762,105871.31473266856,36305979820829.086,57383.24010461691,0.061228399075739064,-1.98251733901414,3616.9053937814265,9167.464538691273,9855.171774034543,358912.6871276865,214804.00550130638,2486384913810.615,61372.63147009718,4.750149403972322,23.296129944651486,18479.802156105063,20286.49885274177,27441.667650328367,1863345.2867254429,355673.6396386991,19277955159835.61,59035.74663454886,0.4275706726333351,-1.377280037132422,8079.971621811676,14555.410420009932,16647.699958379108,673868.9416131477,373416.1854709359,7094935395947.924,64433.44038661144,1.8175010764482518,2.2418567644520424,78,417,495,470,0.38226103415242585,4,80001,80001,noise,caden,original,True
1854.3074446306177,2519.533526306574,3128.339062409216,213239.86491667604,75610.0546101296,250534535408.52145,8674.641447487887,1.1945040503542719,0.19766235918733077,2639.1096673573743,2781.011622529665,3833.9177718078713,279034.7765587765,25222.291288456305,376292492313.1962,7445.8104211759655,0.21046158651668942,-1.7490213589845938,21414.21471874929,26019.371424320845,33698.31273724936,2457037.424337864,743730.6222624836,29070752802239.05,71608.64420912645,0.4370286167079592,-1.7266926486210041,16470.86305371929,21987.21640132256,27472.295404879496,1493814.2513274408,624791.2343346247,19321011579211.85,56914.196458527345,0.7727378951993352,-1.2332548646376964,17485.917812449974,21873.375769862163,28003.604934246385,1761744.1313502192,547173.9964682298,20075568366421.72,61911.757557684905,0.6431786109614531,-1.340602217979385,4472.6615505942555,8436.572031244319,9548.84542678004,598797.2537432597,385020.60995276325,2334219494004.1753,39967.736878664524,2.4526641616389213,5.286077817116226,24692.944096636118,25333.53248704763,35376.96081395198,2592786.3330018297,141368.430023205,32039151524656.492,52761.2777664184,0.05362560427878248,-1.9923827578460473,2991.4760537420057,3184.445479805679,4369.167196842742,324396.4093598162,47933.569838030875,488694323045.54645,8757.027383629116,0.26353298786698104,-1.6673401405630295,25924.97867133197,26628.808215272158,37164.47155651165,2707816.78344743,111218.15744205168,35358667419513.945,57606.00563512484,0.06037234520883191,-1.9833550778239544,11594.077897903391,19047.455937111255,22298.614754707225,1551410.556354851,867974.6132635571,12729042431458.477,58439.54288681604,1.5150798208251972,0.661169264798608,16982.209816252278,21122.407805454128,27102.611714429382,1707927.2938932346,459548.9055300421,18804519980623.992,61889.725279253995,0.6662535617671623,-1.2817613380946509,14169.865519450168,19464.572802502676,24076.018840813977,1600316.4029650737,512561.291146998,14839159890514.68,67514.27157002322,0.9853605812948718,-0.5118029046921952,78,495,573,520,0.16980594629091272,5,80001,80001,noise,caden,original,True
1074.9860983864296,1496.3923337946064,1842.4942682036617,123016.02326948309,43149.90963465371,86906499286.10168,5471.685274965077,1.2529536842183397,0.5426917396336153,1862.5968967522429,2347.7151481463616,2996.837268959891,217648.854329351,63324.279428897076,229914460585.65063,7702.395676853548,0.8465069109116307,-0.5866669975072707,20497.20512177765,25286.689857136214,32550.761922499194,2210338.429786147,124426.40378219525,27124533804421.72,65887.8280745324,0.4959431825570973,-1.6562662416214131,15783.111514095839,22939.976240454842,27845.091470114035,1752920.304106075,830683.0309116999,19848937445862.844,59962.15455060403,0.8574472106875323,-1.178443021657653,17268.0845208866,22405.04847968685,28287.328265454864,1906715.1770920907,323668.81895539537,20484427274178.6,59611.25498355246,0.7163954541353524,-1.282744071798819,13916.622147545462,20324.292234657336,24632.280179417125,1764253.6275137658,794351.1040531673,15532780207035.02,63197.59072865213,1.2089940644965036,-0.04821302800520977,21411.10197754705,24288.252754116504,32378.303070741167,2450663.4656620002,494277.5401526126,26837875449363.625,50441.920525152425,0.2545243880373238,-1.9318670931528186,2452.9889562086382,2926.894020989646,3818.8824843645666,279024.9991832914,52593.48814429068,373346903792.29407,8385.998445375797,0.5516684769307818,-1.3204569720458492,17780.798246806262,24064.24245844368,29920.637549898438,2081239.2138854128,845020.5070321363,22918260515645.234,69793.63522901246,0.709638529167281,-1.3514582473380377,8023.55534464065,16688.065971728705,18516.72180072059,1160939.2978522733,940253.9356582847,8777446047879.195,61175.69569973118,2.0833138686369415,2.7445092744159885,16003.53268004285,21742.41302633432,26997.14026427451,1783582.1600581957,317409.77910247,18658446910692.15,65752.19172643466,0.8229541959742274,-1.0389322730370998,7714.180905666231,12866.130311575973,15001.529796650726,903352.870336627,308471.7734022571,5761174943738.868,54168.24620706379,1.7651971947943266,2.2682275051566325,70,212,282,268,0.3641072765256966,1,80002,80002,noise,caden,original,True
1521.7789324593468,1947.1324065096067,2471.2619706856253,181483.83683330475,54652.920983813594,156342674630.57916,6259.867362268194,0.8038898070209053,-0.7643042735920407,1887.4483608767757,2423.9459643859045,3072.128798282901,221210.7658370818,59646.26816218771,241612169042.92194,7548.129957831884,0.8001976962734585,-0.8431233364691209,20028.103281337757,25484.892154624547,32413.03208866421,2408031.4064654913,774429.6228683942,26895479019027.867,61624.314753789215,0.5714178871798794,-1.5947146528525395,17788.07950334563,21589.110692672584,27973.299285529665,2058243.4789892859,448448.7488290124,20032140106696.055,52901.32699521991,0.4855366948287946,-1.605461072098,16800.801511548652,20533.555628309165,26530.99768518558,1928288.402985755,379476.9878091681,18019682257185.848,51716.51544675357,0.5200109181628174,-1.5421257186512622,2528.3315948973104,3874.962751753356,4626.8560579762925,296709.6360202689,70775.0299436211,548039602719.5371,15610.377441332765,1.5886462460356656,1.6131271838311472,20567.840674810617,24241.800245914877,31791.52322848392,2421444.9791361266,613088.00027388,25873944299193.156,51112.875649504946,0.33177909461123867,-1.8866994679411222,2382.9603041832033,2945.403635229971,3788.6544294431014,276412.40457238536,60138.40041078595,367459901074.91406,8571.471354704745,0.5945404080949316,-1.3337032388313979,20782.547909093195,25288.409562362816,32732.521378402198,2512457.278197653,805373.700984288,27428299668161.46,61191.98652623553,0.45817131568678604,-1.716703823484567,2970.7976375622593,4581.904313110581,5460.722089417007,366314.86960601696,130018.49851207266,763378834888.8793,20751.88867008565,1.6850704438013169,2.4472271664447023,15962.352601039096,19625.67706993805,25297.507802417847,1830645.1670214925,356771.70258732216,16383075865942.828,51094.57613317911,0.5591737791523848,-1.4461640502525097,9500.259660924541,15895.238429184645,18517.92478507293,1105916.816362209,388364.1686089364,8778586581647.829,64007.727534756435,1.6949525902213383,1.8667056111947335,67,282,349,297,0.3307387141517938,2,80002,80002,noise,caden,original,True
2566.659689021171,2585.254682030852,3642.9773167299154,202998.71873883784,46442.00913627944,339744863493.3426,8316.266572470873,0.6947938541027295,-0.7749893960247962,3605.6487409803913,2739.769931030826,4528.470174166342,267740.20436123165,85105.77311276202,524980278228.8419,8108.835104310987,-0.2840095374428037,-1.4803009087421937,33571.31697310605,25393.136389756346,42093.28567619219,2113588.890649359,1426725.6606969573,45359224294848.68,67145.20512977507,-0.41142925935222346,-1.6598599394055056,31271.311253740634,22269.196249486737,38390.25930006829,2008092.4159159735,1118782.372304137,37729587433637.88,58256.5127346125,-0.6013714373241343,-1.4713810438090569,28159.199544545358,20296.324550369867,34711.40027776854,1729133.036846177,1172002.127600733,30844961516632.84,56461.874149289295,-0.5164044348607448,-1.4373336824834113,12963.740747817177,19314.072690882276,23261.383838570313,1424922.689335951,779802.992750872,13851954638983.68,67343.58334792663,1.4690054786456075,0.6769700364688824,34476.51736991453,23958.79734413702,41983.97575427374,2261371.7134177275,1109929.427759688,45123948035467.41,53665.37844827992,-0.7378076877624448,-1.4426119176075718,4295.661637162046,3221.1344467376257,5369.210000078728,302745.57814069645,130218.52738108384,738007450238.6024,9690.085265808455,-0.3456058202927148,-1.4776905993067715,36567.073444873655,25412.108437693933,44530.05856241263,2314704.196266547,1289053.449771561,50762908558640.61,57511.437178441774,-0.7376335284549085,-1.442504061762908,5879.255482619727,8909.068163937714,10674.134184073322,520776.3881243457,120608.57080913291,2916790798837.827,40566.87816782634,1.9042583660157701,2.743063851272784,26460.02867835279,19078.434326742143,32620.848763008384,1606245.8886010137,1123940.6856388086,27241466214888.062,53312.227797617474,-0.5193307061195357,-1.4476484575629855,10229.460074921662,17027.018894298482,19863.56528549731,712230.8200914797,397408.1942828141,10100767381791.074,59619.85348259427,1.553209330317793,0.9252092188721939,108,349,457,401,0.25442319233129895,3,80002,80002,noise,caden,original,True
1626.241394774855,2462.4625079834295,2950.9968955089244,200788.8756376664,72909.19393799917,222934596538.9647,8454.816768852275,1.234713593994812,0.010478634073208593,2511.814056348775,2907.591068208099,3842.3034333059645,281782.0581360114,57466.68008374894,377940369244.0268,8523.213135190703,0.47308419046637457,-1.425650683998277,18841.13955497528,24769.44928103769,31120.960097913958,2291484.360261179,818753.0123304551,24793962429848.395,71354.55320076458,0.6818178918381664,-1.3977576883285079,20192.936731198868,22488.396443789086,30223.875801148108,2266582.2573253103,378521.8142003998,23385156312146.59,51300.425916681415,0.24235928142312507,-1.8927004951184432,16315.95894197491,18582.843176149672,24729.184715747982,1828549.321895732,318500.5253269839,15655233963662.938,47928.12169842042,0.372392631227443,-1.653089748422475,5521.9213202733035,12709.108117184274,13856.877144637174,719800.075993306,368426.1388342311,4915533931560.143,59451.738251053655,2.7408370168793086,6.51183588718712,23148.728071892943,25614.91470421488,34525.1714934285,2594875.916531235,428602.0673922824,30514879146256.586,53837.9797712655,0.20636132935869922,-1.9504303282717408,2875.149047141968,3297.5923991677796,4374.996877065226,333459.9337841836,85262.13730865024,489999300462.8602,9096.663819375857,0.4153692537147237,-1.5564441081061404,24059.657627479326,26631.663690772824,35890.28609651854,2719455.7403054256,500504.9354647119,32975683483902.75,56395.771477828894,0.20839258243465805,-1.9467532049861522,2255.530299025665,2742.471830521473,3550.8546395236463,262598.337026603,64372.52050916623,322779357978.281,8476.288945150807,0.6317949275387521,-1.2013001599229534,15652.038061312493,17868.812911952868,23754.59472091975,1772004.585325259,347461.1863433419,14445587721091.8,46398.5424441194,0.3833510251317691,-1.6376550365441316,4595.3418860236125,10967.127920675111,11890.965557005647,429371.9218622111,296332.72863046825,3619713584074.1025,54854.658801780795,3.2004668741770446,9.560929046320817,72,460,532,516,0.23017772458540114,4,80002,80002,noise,caden,original,True
1821.72832803935,2242.4962405513616,2889.2011854607904,199175.06005895595,45256.944553107685,213695577345.7417,7314.133887339205,0.6903905072231117,-1.0631466360054176,1405.62073779931,2105.6102993360196,2531.672251931793,161942.16596095113,69801.44447921719,164079728414.7558,8189.68752582673,1.6426114540813612,1.8363518893743365,17675.60605607935,24548.716827651217,30250.066898007266,2102763.6578705,970462.5679354775,23425703611748.223,64760.3589991193,0.7671682672497535,-1.289449626328797,19530.78775419717,22289.367454838244,29635.5794921628,2228834.484995209,529064.9376018167,22483649839009.285,60233.32232986911,0.36900847097759565,-1.6849829467012116,18369.113857765933,21444.134484088434,28236.062892889993,2151872.3411279186,674704.7643917375,20410246340895.723,54412.74268450289,0.47808185915627405,-1.5181941652144164,5931.3344196294765,11384.753448465322,12837.185792837323,668980.4211448779,441548.8032074524,4218709480443.505,55365.919420942926,2.522486788763231,5.889245419789807,21839.7661925694,24186.969101233448,32588.10920642864,2437388.258539423,377057.5660329799,27186812458243.047,52699.14258659464,0.21156308951230934,-1.9410257445044738,2115.329087298881,2561.101271810405,3321.72498440819,244852.4873194722,77273.85964962527,282466735924.2647,7809.577842007766,0.6881978564995451,-1.0100315428986495,22798.086958077583,25647.452950962488,34315.36990649965,2527155.3257828574,334442.8579499044,30145142062589.484,60420.13331373968,0.28211564190464083,-1.8550882347371986,2760.0079007669033,4820.492909312546,5554.7093084182425,282113.45562898944,71373.06708511116,789882764826.3236,30227.29468829729,2.5107491681095877,7.291310403646499,17148.286146969484,20118.28353336401,26434.996692021185,1999954.4169622276,630246.7083084005,17889511682743.582,50317.66286191298,0.506355015491309,-1.4640937629990198,7412.772590641752,14112.033496141175,15940.473232522936,977610.661459248,555774.6391609474,6504926384045.573,63799.113292073656,2.2601298745804916,4.2768184581851845,72,532,604,548,0.6780801019151707,5,80002,80002,noise,caden,original,True
1318.636640810127,2118.8254251960207,2495.640954332997,160399.09298709128,51508.13107674962,159442528587.36926,8191.7480926142825,1.519893625397625,1.2427257903203879,1319.3681939781175,1977.7854630282939,2377.470876592839,173859.72382961915,92235.98211683646,144700614887.60632,6710.200977388655,1.1864164966156452,0.010705854286239713,18245.07936613907,24850.76345349525,30829.261510751257,2383320.847072044,1130553.749114494,24331350151636.188,57830.57008436053,0.6749062875109478,-1.4901978391320083,13036.207475588268,21548.62667120366,25185.035571971963,1522049.7643004626,366210.4584272945,16237722029094.225,60779.10329901793,1.1722933499511776,-0.5198745900774218,13254.485029828258,20924.61983147005,24769.357853959216,1585194.7902554811,423101.23817504145,15706139865535.773,57727.066959136406,1.0737347278477236,-0.7336600345023774,12853.560915573484,19445.466933424206,23309.65920963351,1708288.8389415552,915220.9165322057,13909509439212.863,57832.37722264738,1.141658600397718,-0.3351293737118981,17520.33081003313,23249.417460292498,29111.808668235473,2230529.9187324764,922311.7954515729,21695933540760.32,51140.480668603625,0.5761577723778897,-1.662282355564095,1801.8809713822043,2541.648895997186,3115.566424513044,234290.50968405095,109689.88819551973,248492906126.15662,7816.824332153647,0.9334966038641462,-0.6905039257709142,19953.695602058033,26474.985120441772,33152.29713469646,2557374.564058525,1101908.6703220645,28136315015864.4,57119.224511442735,0.5752896142984273,-1.664608048641927,6965.476821906035,15957.038051311665,17411.057714209055,1044750.613207592,878758.0850229738,7760510226624.479,60373.291692562336,2.2907152166319844,3.6009245775891756,12835.305590596781,20735.31749371536,24386.44010857639,1515238.1941672878,336155.74014924077,15224280605931.09,57601.49552464013,1.103217162426501,-0.6828113028726936,5646.168236130773,11735.965677395012,13023.521264684365,754579.4676532095,460084.68996295636,4342069916971.1587,55780.181580009325,2.553691278343999,6.084355532243778,58,86,144,131,0.4208101006872206,1,80003,80003,noise,caden,original,True
806.3241487204757,1319.4561579709334,1546.3257048944174,100931.83264151237,40511.36569962497,61212753551.80073,6027.997467583838,1.3026552384734569,0.40504342076848143,1663.5091374807816,2337.6159006675434,2869.0958069635426,213852.58746435138,93832.99075576551,210731795188.11597,7029.123003256557,0.8912733903698015,-0.8517566661676526,16222.840623830078,24019.68552767248,28984.924542845893,2196084.496398225,1238259.5246319927,21507221779314.438,65021.4485488457,0.9018431606895625,-1.0755376264094336,15536.546593220764,21124.80295060576,26222.920885081465,2014253.9687572704,942138.7865116253,17603624441478.188,50704.580000979964,0.7051139850440019,-1.3722588164714513,14569.35511395553,19714.549989375057,24513.865254588272,1887977.2843116743,875011.7741826973,15383797496834.818,49327.541602240155,0.6804142008183136,-1.4260579088142473,2035.082311156956,4006.798261189025,4493.9951400787395,247892.20539031277,87533.08474004196,517017403367.714,30569.603813865444,3.8478965731652908,20.20679102905932,17899.746685639864,23756.29875322691,29744.960276703107,2283406.858752162,955919.3766170476,22649924143683.734,51921.07947222309,0.5769825944172494,-1.660374805841655,1977.637043523445,2727.3156248351556,3368.8720357689645,257003.4181510819,121842.65283646341,290542049110.6848,8498.589442060185,0.8248277680719018,-0.9408210791883178,18819.85878487565,25147.027879100886,31409.554212610823,2395778.486120295,990815.4769137081,25255938453374.43,59120.21408839794,0.6127552485229154,-1.5825950110714728,2675.579941275255,4356.225148690613,5112.281835759748,335365.6298400674,149736.62032307548,669066894546.9199,17374.187504524114,1.6745532547586972,2.0259416558484613,13637.939268593193,18570.94383858165,23040.68884711544,1768489.2304529997,823282.4848957876,13590357569269.504,47575.292903992035,0.7151448471852695,-1.3407581153545949,8534.813688936147,16307.994004988203,18406.34980574864,1248861.0145188281,954810.4637727533,8673119057192.524,63871.31871193999,1.8309255895708334,1.9530252327228848,58,144,202,157,0.27985741974785205,2,80003,80003,noise,caden,original,True
1782.6225455030537,2096.066769263264,2751.58845777226,178336.52104221794,14377.022382984072,193823719448.20538,8833.535984156262,1.1456220648101725,0.9493615786826135,2261.081701131957,2539.4187158423447,3400.1673302301115,248701.66112760227,69098.46808835826,295965129563.2427,8279.949699571462,0.6941783624692764,-0.8450682549329458,26147.06312834698,26334.302030133756,37110.16536815848,2520798.392106871,318496.9443728054,35255407965492.97,64652.323910951534,0.11219749182770017,-1.8864414602555997,20708.621693408222,23608.163129846904,31403.700081457926,1656009.4556895823,982008.0501843864,25246524897437.703,62297.79881550513,0.3592024057912315,-1.7500082426494112,23063.834357393695,23598.606404984945,32997.49504921078,2175200.604385167,610196.2586310159,27874167795780.88,57848.3373124014,0.21199025250972198,-1.7370931440312183,11893.677136238188,19294.667507633105,22665.916042621964,1582971.8078002725,976734.19983719,13151840001310.402,60460.54399960729,1.3753752481034065,0.194624344415816,26439.57161563071,24565.432577665495,36090.32314826087,2502555.411628402,268074.67919150234,33344292478614.887,52824.587834083395,-0.14072827008707678,-1.967366026967116,2913.6770959564424,2997.6359725180587,4180.351138748449,297543.327797794,54192.49678207663,447368592466.8275,10371.296315638698,0.46231889612151544,-0.9672978863196464,25092.53704033799,26551.560173310274,36532.46176700456,2659832.1496026614,422192.2776142129,34166291526595.848,64174.79313364522,0.135231256799866,-1.9270048348081474,7715.470888189986,15129.984668312956,16983.66647958833,998146.7549334274,623138.491514065,7384190133501.242,60965.09120219583,2.250672931281379,3.7432085666940678,21583.00953209414,22659.356197514866,31293.333535248716,1943353.7109503027,675695.0132396579,25069381727957.04,56593.60489682039,0.3403077682430133,-1.5760969779700174,9232.407674463726,16580.918673206077,18977.992926412706,837177.3018304965,952005.2464664179,9220203917183.25,59983.975747591765,1.975215057930337,2.5287772738200927,86,221,307,266,0.4641943786308344,3,80003,80003,noise,caden,original,True
1060.864166363584,1117.9001442847596,1541.1468171677182,100431.98010174985,11549.477258745483,60803417908.894394,3992.4599897356293,0.5677545064243597,-0.8010423941495692,2557.416635579967,2443.3997810476017,3537.0301579099696,235344.56769109654,40594.103214092735,320270907851.8944,6343.798034367344,0.02841901603956833,-1.758582451563121,27992.003512796633,26653.98908973712,38652.13312426941,2613808.8175961985,417199.22056747397,38246077313439.85,61563.753045800666,-0.03638992368370723,-1.9211531867432323,25883.007457752945,24317.488206505917,35514.367623986334,2344622.4784194203,526553.8542320832,32288519877930.22,55779.71334730889,-0.07804904810879973,-1.9081296602598599,23730.201998899734,22364.243595002583,32608.003288843047,2176707.6632630797,474916.0069505059,27220016089221.086,52486.54921806418,-0.05983463772724421,-1.8862081476995645,6293.315513664478,10234.456532066555,12014.571180915687,615639.7229434835,181424.2176334264,3695357968929.018,52714.47875075101,1.9308163111960817,3.5433533742536074,26812.85922242342,24876.233007096504,36575.35219659346,2522743.9600308957,295640.6384782006,34246563540604.266,51191.00747708788,-0.14938845080271182,-1.97630374143834,3223.001393029561,3091.838400180266,4466.229133430096,299018.58785912284,49154.297025866246,510648388410.8736,8348.341516241031,0.05279599788443077,-1.7224802434552364,29325.440025503136,27220.55098014411,40011.74612975552,2755045.923621845,346002.73131618445,40984059605811.35,56585.62606444786,-0.14650110552379697,-1.9733892089385008,2289.2827621188767,2510.4537228796285,3397.5275509780377,243984.2909961653,55267.452920085496,295505752567.16345,8466.312279992679,0.6537079814887458,-0.8261870646589884,22757.633532828626,21550.087343250678,31341.923178328718,2072356.2450661308,485743.6542161837,25147293402016.227,52973.564148788326,-0.03293274028587644,-1.8571902838702268,9710.363753278503,15583.76655131166,18361.507131680806,896063.7453152942,282523.72148720216,8630910570157.1875,57445.512043955656,1.4020775536541639,0.5381077125650986,86,307,393,348,0.16775522297662665,4,80003,80003,noise,caden,original,True
1741.9781340199384,2068.9269799980652,2704.615807830661,158946.49478183297,27191.518639221456,187262634699.96802,8964.821896340985,1.1517942373571257,0.8957850167339019,2350.9613681360997,2424.228263714289,3376.966394422597,245408.3136185702,44780.663412679794,291939891943.9247,7797.495273374687,0.43181249852663395,-1.2640009986300622,28604.10840800216,27114.732081485654,39413.24287174917,2487173.3425781,673328.9176758598,39767135069887.67,64529.229315102675,-0.06455893813655574,-1.9527409410014573,25611.580423601536,23425.251518383742,34708.7231181752,2185037.8226545285,683856.9347565958,30840203788650.223,58687.803560169166,-0.07761899780527289,-1.842771328001451,25423.80600408497,23377.760481957957,34538.233841427704,2241421.051977368,607697.1944925186,30537973680259.637,58117.06226861222,-0.05016639280744681,-1.8207050018514042,10727.270832099324,17782.239390735565,20767.339195347984,1387483.928961378,850325.4126925266,11040828857718.693,58576.20391008303,1.5140652881921008,0.6919755561472902,27597.663987223135,24367.059390776256,36815.54890131736,2474064.8851916767,438447.2808991625,34697846807175.414,51064.75858181264,-0.24507815374061803,-1.9309513741769155,3001.569626575222,2880.1338065617138,4159.878720212716,287038.4918774773,42571.28914311401,442997528752.0917,9223.3730876531,0.20647546124239427,-1.4272971722796117,29479.417854890205,26470.351277898262,39619.63621537368,2637982.065297355,441494.3054043962,40184718690266.875,61613.31080883754,-0.17234890057976096,-1.9145126588177634,4284.320943923403,7815.93639572937,8913.151389527036,470710.2648405006,166057.97950788614,2033773252931.27,45242.85088323024,3.302901160728917,11.777682101070322,25343.648069958243,23204.36171644461,34361.93970312937,2144025.42746375,647951.6475572027,30227018244134.35,56868.53901416403,-0.061206822619093305,-1.8160490746566873,7656.342190394751,12319.812146651222,14505.080043391477,515915.0885634909,341295.24695280293,5386172084868.959,65837.58774954695,1.9455837928064015,3.5471320065074767,90,444,534,489,0.40075747620103847,5,80003,80003,noise,caden,original,True
1882.500990604376,1778.0510328009689,2589.454663606036,123979.14478176323,115873.83133628355,171655051644.69885,6089.623999441721,0.3859273878356699,-1.071351644312766,2227.60847766928,2110.3133461972857,3068.495062554677,196080.0935306168,44443.60536340126,241040945892.41425,6968.01035683544,0.3802738766739447,-1.1634814163996514,29062.477693922898,26025.367623555776,39012.143874068126,2563202.9476673733,557345.8390914313,38961852663065.375,66552.68981304106,-0.14425846862438083,-1.8766161968102446,31636.196438160998,24733.401225098587,40157.06738838905,2533684.3108930057,709557.1720777164,41282305567631.836,56121.79165413411,-0.4616980015019746,-1.7188069325287936,28646.929038469174,23232.00207012888,36883.227401104166,2262899.606420849,699673.5180023203,34825535066151.96,60808.42128629607,-0.29983858258807145,-1.7203781326581666,13507.562230789932,19607.43440859303,23809.782054986154,1618962.058791145,772663.2563496856,14512786470552.078,65417.18843171574,1.1977718396920314,-0.16368349357298229,30088.0679594716,23327.21848095868,38071.655540469495,2300870.917952552,809366.1484127067,37105944463159.336,50426.01644551075,-0.5108248327665512,-1.7314797514870273,3098.688616219083,2706.31372261963,4114.122641040864,265549.09458868526,42177.28534756633,433305730701.4414,7975.101951887202,0.11326567185442674,-1.3567962725916543,30319.95752245302,25750.223576171065,39779.06281432673,2429853.810655544,846048.7316018784,40508770262685.48,62947.64514681765,-0.20925876097490043,-1.8461131758275382,3010.7918950311387,4339.795887266172,5281.921636896705,263156.40289668326,48760.27114051908,714206622164.9299,26779.56591830775,2.8241882074217823,10.036149238006985,25430.439416737012,22188.57274171086,33749.66680194822,1784665.100930304,1058373.2488619292,29159424236608.656,61627.7746975595,-0.1666574875167408,-1.8058802146003148,11703.258808478491,18502.763133125416,21893.343972513074,700136.8477052603,494201.98546639254,12270553863648.621,63473.09651529569,1.4940406541230964,0.7427896145468886,100,70,170,120,0.43117731461110337,1,80004,80004,noise,caden,original,True
1188.9638195225866,1687.977299735216,2064.6797157319897,140313.2124845234,38833.352027194465,109130299611.01132,5563.051728182205,1.0903564394174616,-0.1793050451588991,1536.787602645932,2098.5410581509755,2601.0749140291305,188432.09712062695,67145.82001485353,173199122134.82617,6637.160741548079,0.8991135670517296,-0.7256220728476128,15082.688620468622,22198.489766063623,26837.668377041347,1969602.6188280403,1005421.2403792798,18438667364250.75,63098.674161181705,0.9529138578496053,-0.8886873316247268,12221.93853897823,20213.013092716217,23620.789147208405,1321374.7073992386,283521.0370715031,14283307006384.086,62074.831350844164,1.2492894658763645,-0.19743212496247153,14330.201174709098,21958.969910439486,26221.19419925837,1726090.8982813118,440502.41921518376,17601306246021.652,60519.006110747905,1.0895239402426675,-0.60213950825178,14127.461145741425,20686.27878588045,25050.095577294735,1854317.5114495556,911006.9686307966,16064186583848.988,60156.19218126259,1.1318691003829136,-0.3022228728233891,18643.775221287004,23452.43121545191,29960.088191081453,2302097.7967947326,805405.4011858138,22978736241084.89,50192.246945562074,0.4651805477902744,-1.7790908184035885,1955.822949860699,2626.4226057841793,3274.650991384573,242748.00683324502,91912.39173579507,274517481353.6247,7858.063153650086,0.8236146900336538,-0.9216767327814215,18975.686376907892,24672.94388836252,31126.047509972304,2321641.8189571504,737654.947395547,24802069339982.164,61549.189739813926,0.6197856467491872,-1.4914786134751579,8977.52826260966,17598.062740863235,19755.70363052944,1316978.0481083915,1024337.554861625,9991368343995.238,63052.33532507202,1.9397025753859756,2.290313836079478,14850.52761852586,21899.89822913547,26460.228891585393,1762817.8320856956,392364.9082889743,17923679052674.312,61759.11594914453,0.962865243610018,-0.8640558254242592,5752.781416902505,12569.488490275593,13823.405330736325,713926.8279196699,338770.47763222794,4891815294408.434,53631.23073327389,2.3496402440096436,4.432591605739125,62,219,281,269,0.33176554633715494,2,80004,80004,noise,caden,original,True
913.6951731383876,1307.5272418741017,1595.1383506327227,113018.7097770372,41348.69172898383,65138338756.07764,4342.468414672207,1.1695846519809006,0.06728379834847376,1873.5375961689326,2418.2553914533087,3059.101544988571,228094.76772068706,71256.77441233466,239567417921.31738,8138.331316070317,0.7150148639027869,-0.9778031568920618,20029.6540744743,26075.070286180748,32880.02939129421,2396607.155298763,679357.0481277473,27676066118972.695,63174.838403857226,0.5991403021890924,-1.5775183005130302,17981.124976091465,22477.867688642385,28784.985517347995,2197169.6835297714,711060.0265647207,21211530015588.707,52987.57697577684,0.4798265072465795,-1.710201164070279,16094.97366170946,20105.88920884441,25754.513352992082,1964551.2203704976,633474.0472266284,16980350926065.855,46502.689262140644,0.4743223287135299,-1.7260617563986083,2071.1704099503463,4228.790454197323,4708.759451550301,266025.56238531106,132632.17435212113,567613838657.6458,26055.545228486826,3.031886454122916,10.438011353191596,19481.14299784066,24177.28164411911,31049.249269529446,2383839.6402199427,790189.5708301854,24679830533155.2,50628.62639699016,0.4360272731311513,-1.8083906289291514,2280.385530315136,2916.6018544605577,3702.259383716031,282085.4695839329,102302.87380728463,350892148334.42316,8258.936969591017,0.6189841553745481,-1.3692742028346405,20246.418475450148,25507.368911088386,32565.98424505864,2442069.6047156444,710584.2088643598,27149909244144.83,59432.98205167578,0.5058206072341404,-1.6905173552471389,1503.970083557454,2165.359089783021,2636.419162413626,171661.28718440642,28245.91370063369,177938073598.50922,8180.736191106942,1.1494905524046601,0.11751063545454832,15338.875608939235,19230.427182261574,24598.586027631256,1871131.2451192765,597216.4647410279,15490315124704.656,46509.16259460235,0.4959938638845492,-1.6764632905547043,7789.4541213787525,14470.128364964503,16433.508767381805,1023919.2408748056,655421.6622806033,6913541386434.934,49656.77931801269,1.811764544945608,1.8461294247426014,63,281,344,294,0.2230343207722127,3,80004,80004,noise,caden,original,True
1556.1857982001643,1958.2102072039781,2501.259973316994,166559.9524386252,31358.6681774689,160161317225.41385,7718.771921747604,1.1822332479740674,0.8932375471104619,2087.3249936167504,2459.421213125719,3225.7833672690963,233043.9878679844,64633.619693116794,266385365313.27872,8293.645757123168,0.7325317949924608,-0.7056360362570855,24220.93696926059,26625.4818153375,35994.028248693736,2538242.5425966084,199331.2037876787,33166593780934.72,61877.48504505396,0.2473814124281458,-1.8853551000587554,23482.589592623244,24845.07589286866,34186.398027548625,2581721.989526808,360688.38618289225,29918971138508.305,55860.66379366569,0.1367087083780462,-1.9362833980913996,22594.120155145367,24029.333664149228,32983.37675145105,2508477.627271414,405246.63384427695,27850320433360.93,53444.06776761527,0.16178397647603476,-1.9082618251086874,9444.419702006984,15986.453592526123,18567.815218103853,1294399.016358789,842358.6921881535,8825952306525.416,58189.522314672955,1.7621945716209158,1.8123785315748133,23418.83185878199,24640.671610359874,33994.18160567331,2509741.8387888237,214312.1352198046,29583472205811.125,52246.37665029225,0.10507577114712341,-1.9822225534717144,2721.71982399972,3022.5172908879167,4067.3541244978287,292938.88273860526,47601.54358535238,423510261096.17926,9449.736248632382,0.43151156382759476,-1.347955531704902,25611.585438060876,27137.14780084681,37314.58293236167,2756875.246419695,274113.68466457695,35644879345052.09,59123.387302917705,0.1389881682127059,-1.945700033818295,2669.3955230028564,4611.158681534761,5328.081910455308,304975.9079979985,63898.44023781076,726744495219.7399,25008.423213384973,2.313783339472124,5.775772094862786,21393.375268579177,22893.919835720175,31333.816729320366,2385878.739230198,408120.95784622437,25134286613161.902,56214.25763291609,0.19775309596980226,-1.848954835651709,10131.13018721202,15660.314204665729,18651.681957911835,924999.9665133539,438828.7287415094,8905862140392.8,56432.51646223038,1.3240961969772727,0.28222523202406746,76,347,423,397,0.3666688991694012,4,80004,80004,noise,caden,original,True
1173.6182868437259,1402.4355636084429,1828.7168707286903,130508.06792813214,24208.840372188602,85611658068.16595,5083.814017541876,0.7694294082509618,-0.6291047687264006,1987.7879246115558,2220.185931405092,2980.021208521948,217327.5574119836,32840.59523918866,227341475922.95963,6670.731523796307,0.44565226898573307,-1.3863490327500447,22454.6447127554,26050.607786751374,34392.517140145836,2570082.4643152263,533462.2426756192,30280838022021.758,67215.83734287217,0.3651683909401758,-1.7669142812725276,21049.223636262577,23161.709068523578,31297.51719648577,2351086.1725099157,417801.0862965831,25076085316206.65,58154.54077349021,0.2686253195000395,-1.803083972283107,18565.99351625727,20943.70322248942,27988.11926367009,2082064.3571802005,433056.2707863034,20053371389885.97,54526.40823585651,0.4227662188000812,-1.5263184521371913,3731.9374551236206,8060.45784062358,8882.473628974347,504869.0994894047,329471.32604263513,2019797446897.272,46950.75123918362,3.586937116605085,13.550687083088668,23406.026808648043,24615.196275811464,33966.89533448521,2510242.9797181096,219159.21510324886,29535999453795.16,51368.4056333022,0.10210703155383828,-1.986908953488105,2589.2214604755554,2841.0413688669914,3843.9021619964255,288411.389304479,53373.87415021291,378254946073.6203,8279.38785108206,0.3558590233827439,-1.5355269971981624,23937.575306840547,26299.187550841372,35561.98500372261,2511674.693832065,185490.77489359997,32375162301567.79,62333.99471610785,0.24767293381866415,-1.8820140633535336,3631.621203147246,8884.957857151354,9598.49720979822,332014.98995336937,230496.21117056825,2358557406374.5083,61076.04110033729,4.6495122814459044,22.899063061003176,18423.358231362723,20853.347155678082,27825.92704864202,2033779.9528441092,394743.9758957291,19821624732578.504,63577.755130169746,0.5017927844261133,-1.277095649871803,16239.127830109515,22806.281460769413,27997.066752616636,1903213.41425101,772870.7116066352,20066195116812.086,65174.73109294962,0.9693113216900567,-0.8203509284898045,76,423,499,449,0.2599227363824135,5,80004,80004,noise,caden,original,True
1582.0135324281605,1648.166509306139,2284.5611524282313,126359.70152456657,60904.3564104141,133612023275.11575,5575.946420301833,0.6583761428604769,-0.7085092733268312,2522.8526320990536,2376.4193815975386,3465.8555192796985,223999.68362691355,53510.51569948795,307511154701.35156,7520.76425867957,0.3451426839128525,-1.175656814716775,25364.029238674295,25788.5629327895,36171.59047317064,2334906.098587563,169357.0652455575,33494629308384.5,67631.49368041736,0.15949009689012147,-1.8343023727030037,22659.560155188927,24012.329404242704,33015.869363754224,1281162.1748515642,1671541.6170710255,27905219324018.8,63042.02503553876,0.25799584421305033,-1.7871756742701885,23635.424093010282,21876.133387244772,32205.56604118264,1716544.8030329319,845065.0355332033,26552281191244.195,63150.97552303684,0.11713901655128438,-1.5925390517712508,13036.367425098822,19244.08247303438,23243.958050881243,1586614.666203331,684479.8651792943,13831208598300.846,64423.208707330676,1.2974022320755114,0.12358936031533574,29942.426265137103,23830.080649571366,38267.76233866109,2342482.8021386764,793815.6300923963,37489193840851.14,50713.26327847029,-0.4582300251315739,-1.7851187796017915,3274.8685997012135,2869.08411460845,4353.8957270480805,269002.90602704696,63578.8006076651,485284044851.39294,9564.738422635219,0.10991910925624221,-1.2601364891934719,28812.051491183684,26060.995400525517,38849.83645263944,2372735.631209133,464294.6853931685,38638330685358.9,69363.96438781366,-0.13538109044458685,-1.8689392644365814,10804.194635204838,18962.39607448643,21824.369099726282,1439879.61395075,993566.5497591264,12193359016987.84,63774.123277980114,1.7400334663458292,1.311543082886204,18530.70861104096,20813.676918173962,27867.477612468538,1012233.0349469279,1377952.0216317025,19880865497124.734,60331.36715136815,0.5259184698617259,-1.342365945971375,12087.559558680126,18588.065297937697,22172.624283224457,1099867.9523353945,416034.6983343465,12585606850688.898,66991.49091341201,1.3346031987630471,0.3330871707316514,98,204,302,253,0.3949191618926585,1,80005,80005,noise,caden,original,True
1218.389107010917,1444.3193762075603,1889.5847365417237,132532.4453341767,19293.060155712843,91405580200.22926,4696.739125688381,0.6803310584780836,-0.9397428071833813,1938.409991985914,2226.5491609232276,2952.1101712230798,212778.2942749079,32704.557150569373,223102834253.79224,7115.80573027853,0.5807823691808455,-1.0647291194276345,23478.42706419097,26186.82608506754,35170.81741754247,2489265.069088011,224970.7542848169,31666851784143.586,60615.496297630314,0.2843912050750859,-1.8505149273216612,21288.668227614562,23222.24963099253,31503.654912241193,2242889.5784465405,173065.52837228798,25407494984437.21,56277.44103096602,0.25449358638292097,-1.800072250839042,21360.840890783824,23127.208977587452,31482.587546997845,2274310.0881596366,271139.100344646,25373524957552.227,56560.49053444082,0.21972108156379225,-1.8424158624083766,6781.606903931113,12309.323752413335,14053.812416606863,797567.6278724192,226909.72382850794,5056246872094.034,50151.01928818263,1.607858078369408,1.3225033866598315,22947.100269851304,24438.791686923112,33523.48355871496,2480717.0540991877,244811.91270755013,28769893117732.66,50455.47706712019,0.12761810045288802,-1.9806027334351062,2579.7344895692604,2884.0854284865677,3869.4933512647003,278406.43109707977,33738.53970368771,383308257164.33203,8878.248169413746,0.4265199477419534,-1.3946346818424817,25055.041343430017,26891.951282097678,36755.028778110114,2692192.8211894655,267008.1176409463,34583862796280.375,59638.826146497275,0.16657073145912502,-1.9334247119906063,3598.619571144787,7375.825530417832,8206.879131130772,434997.10169348354,180182.6407919236,1724233345868.538,43585.7700711314,3.4029909821308837,12.695541968202782,20073.534988726562,21854.554049706752,29674.37176513065,2150639.5706953183,271412.3126243004,22542549495172.68,55267.329450109704,0.2535128179842735,-1.7808514982981811,9655.277872323279,16760.855153894256,19342.974339061693,813533.4388418322,496813.4045792619,9578256800808.936,67433.34848746275,1.7751182076653078,2.0527057587476856,75,307,382,356,0.29532053463812735,2,80005,80005,noise,caden,original,True
1082.4822121706525,1616.087584009459,1945.1238569446932,132351.147046685,44736.21698986982,96857774562.69826,5761.076319654941,1.3326595441170366,0.614809816752937,1790.228075446727,2313.702148018716,2925.428890242268,217150.76584973338,70231.46008183174,219088235311.72122,7785.616219956891,0.7545750551292699,-0.8978232393845103,20822.391589894505,25869.999952390797,33208.86762687956,2580574.638904578,926779.2861433435,28232419559926.0,58938.73620360185,0.4772456878751564,-1.7155990291781231,18191.486105027543,22824.271829398374,29186.941450787173,2242423.7531578704,821667.9579425238,21808065312042.97,57919.59632256727,0.5493741236666433,-1.5245985722413105,17122.551072295202,21731.42125186269,27666.52173384408,2119502.881476936,807877.4423377255,19595172476141.234,55726.49029895299,0.600338048391768,-1.4391312424741836,8253.573631410722,15867.607969859377,17885.817296793095,1004762.1973064753,521333.1860336578,8189502985581.136,65134.66586814715,1.87897031695915,2.3070944099669495,19706.675946996584,24141.270679848167,31163.344283270217,2384288.2287514685,732744.8649876931,24861543089091.344,50886.012927692005,0.40967538564115924,-1.8302204938875897,2212.8997881757227,2814.170737333804,3580.0115099499394,271908.52484023746,95477.78101269547,328101949731.17554,8526.907162682242,0.6373028894734256,-1.2761944357804211,21431.773342340017,26312.877992079975,33936.53572219066,2600353.4797151266,813926.9943327387,29483224494682.18,56724.087670059256,0.4223832990361435,-1.804516386315494,4252.474955552685,8548.995798508773,9548.239230901343,534450.6518586575,256770.1652197415,2333923133709.401,46892.42777280379,2.6015325079512253,6.776503194882967,16356.334122210566,21036.133060655375,26646.736386713244,2039157.8245433527,820833.1796647073,18177243137612.49,56806.736529635156,0.6710694277996996,-1.276766637865097,4522.4576800872,8609.350171287855,9724.892484754468,593837.04054075,328276.66627407674,2421082466304.8687,39471.42288570025,2.28815422383372,4.885479744596516,64,382,446,408,0.2610089620117572,3,80005,80005,noise,caden,original,True
674.4410780388558,1339.7995400729303,1499.9778582785311,92413.34338430953,53404.903796754064,57598299528.34175,5945.022730767005,2.2605824667542946,4.406953500100465,1542.1555940518858,2393.5430233203074,2847.3306939572094,210771.88371682484,120983.37778474961,207546677267.22156,7723.066788985639,1.094082665188036,-0.405988585789693,15342.199726027098,23450.929205095596,28023.725180919675,2104043.130756406,1244569.5030670934,20104426829202.215,59829.223118457645,0.9467592314363615,-1.0092451465254026,15406.012712234031,23108.6590984966,27773.28487989935,2121097.6293418324,1263979.4547830962,19746697037313.18,56424.34285071532,0.8721203565828252,-1.1710831892548412,14217.504352249234,21647.0373003925,25898.48748268536,1970096.647628259,1211792.8837742654,17170730339604.738,56443.359363762946,0.9550771916995163,-0.9350091476424507,3263.6633754836557,7199.486206665361,7904.688499140126,468052.21458580124,332936.0862429195,1599592966872.0168,36934.23763849451,2.4625135385227237,5.379198063917576,15815.96710511469,23460.48229239846,28293.798699750652,2143166.4916968998,1190458.5957305054,20493799548467.508,51406.27853918181,0.8094849225663369,-1.3440930064972076,1963.9252558897751,2983.4099940237656,3571.7975310986767,269111.9262085944,156458.8861791281,326598082640.96265,8405.007999653379,0.9598890409885527,-0.8707233017879648,16748.75178677503,24904.40351971401,30012.497415039346,2271137.5008534594,1264866.5297472659,23059200027846.223,59127.09484523782,0.8246950177483964,-1.298583923361011,3278.8864775813927,6950.640841005114,7685.213375926162,438177.9334187054,226406.49469664853,1512000118617.9688,30601.268386249725,2.2944335753205225,4.240713269135502,14449.325767570006,22061.39754359768,26372.111722689566,2000289.8360330213,1222961.866133766,17804499883878.918,61401.61000176609,0.9639831837834445,-0.9176325159806571,7234.894453461568,14225.828034291631,15959.88348998722,1038009.3025617633,733043.9750306291,6520777753957.546,63863.550159130646,2.0262405467768003,3.2120817940236925,50,446,496,484,0.2555267776373504,4,80005,80005,noise,caden,original,True
859.8783784935409,1347.2217786534682,1598.2482118491155,103825.15844195646,29677.67311002362,65392572074.97973,5967.355037333654,1.7027219560623466,2.590800279959428,1819.7369369646246,2463.869574039719,3063.02069820497,226337.94327174083,81737.49403386838,240181652419.3808,8342.11824165035,0.9099255977685464,-0.554389850944724,20459.176610673363,25987.57689913568,33074.64377246132,2498847.2483020555,802750.6578589086,28004660753285.496,61074.37511952995,0.5172960829108447,-1.6740900946917197,11909.363355411388,19065.162609857547,22479.176160872215,1577971.3334136799,943569.6920453374,12936022038311.059,58385.40201267906,1.154484419773173,-0.44696585893766905,13028.853606900335,18900.30534771441,22955.88309228991,1645064.728022196,731789.3267992442,13490497754800.176,58625.926239084656,0.9277548399049149,-0.8989335090096748,4540.3507609004355,10312.864581350042,11268.094821453775,550936.4526454535,264515.2195525581,3250430999174.998,56010.35624901368,2.9262254694155025,8.874058668587796,19117.60194501286,24040.492903655122,30715.273125574706,2353656.611780864,803540.1996824387,24151756881373.484,50676.16972805755,0.4631433143307942,-1.7837557669013606,2211.4367345398787,2948.773215202054,3685.8806146653014,271172.75312712044,89567.77641559683,347794327182.47577,9834.694198725167,0.8314508142384779,-0.7660577556822887,19341.253656631336,25472.880814011052,31983.616899515404,2324800.630878605,636524.725169569,26187564799359.164,61617.04090257272,0.6208437718173125,-1.5550323377267359,7772.460931789516,16429.009851982253,18174.804363533716,1128375.5143426876,911654.6061897238,8456281949509.742,61364.86368749938,2.1310630582402847,3.015911457642593,13039.705021741465,18704.58594696355,22801.215811911785,1648862.1143109663,725584.7820119081,13309323328035.227,55696.52116280627,0.9628881842679735,-0.8220588915570151,9899.569880409821,17626.656204781706,20216.342220557275,1335833.58499616,890623.8837597597,10462732615134.379,62859.0870248364,1.52020103042017,0.7884185601073961,62,496,558,509,0.3128556754268225,5,80005,80005,noise,caden,original,True
2395.6911004757208,2854.2776755262325,3726.424143586718,212495.07582492597,90006.83754245834,355487664586.39386,7938.882040331082,0.7193084376759274,-1.027214093959195,2915.149446890025,3048.4757559089066,4217.973533827305,298672.44347727665,5471.692987370332,455457298740.93054,8854.21651286902,0.22256400190801373,-1.6684276156733429,13845.487500621743,22718.0777863175,26604.67219183588,1952779.703237116,1331463.981063483,18119899710337.164,62780.60979283772,1.1471075809056344,-0.5743750172474478,6472.03790871821,12454.226114003031,14035.491540754838,785460.6889122104,423157.4811722584,5043072583439.377,58985.574548290926,2.7468888891672085,7.218422183994697,8980.18536527054,13849.740613941733,16506.333459253943,1077969.7128550329,339164.66634920967,6974951533263.008,60195.17594874866,1.9016653570811317,3.4459481890371553,11561.123125475195,19631.859799057576,22783.096521154675,1348826.6854631556,560019.1419987627,13288178869561.61,63495.39698594024,1.3252882002722879,0.07650183798343813,23219.967343954955,23525.056177662416,33054.42711069891,2388750.254807604,36714.921174390074,27970435881382.574,49074.477090336935,0.028274343239958526,-1.9949525063075397,1971.9814672107173,2073.752619155559,2861.6709860634,206417.3763107573,22815.876843693775,209642517311.4131,6399.203764597312,0.2626371194760332,-1.5746044936640675,20245.3500788353,25625.16171765326,32657.66545346557,1761004.051376407,847417.1433161562,27302991689484.254,64038.81785198139,0.5077596498745611,-1.687938772177982,17471.567059565063,20451.859608599356,26898.591356551304,1672866.5962765694,323949.81700852973,18522475954348.46,58086.11615427807,0.5160733383168191,-1.4467948104771016,7616.040211367709,11816.89093041416,14058.555393868684,926834.127412498,331999.568460736,5059660281919.342,58758.919425814005,1.9838344656777591,4.112573772258655,20253.493127677095,23923.444708710274,31345.41737804078,2167671.6123980195,554948.2098763606,25152900879451.67,59356.58447300216,0.48234458259711954,-1.6029855056390083,79,109,188,160,0.18356681338093617,1,80006,80006,noise,darren,original,True
1791.0857246622684,2647.7769538884527,3196.671842812736,232986.3751005594,105623.4769055838,261598998288.17346,8419.952671472578,1.0456043393871703,-0.4400496310445696,2128.0326282807264,3048.4551748862696,3717.741494552607,275679.4838956065,126033.92775669554,353833006600.1472,9176.150939432813,0.8957834478549478,-0.8421663955407652,14370.868093434216,22378.271561613834,26595.279427827412,1990217.4827100951,1221347.2490087918,18107107528812.027,63484.14871198623,1.0421818245409675,-0.7365491601010432,2262.1628631108856,5558.466260070752,6001.1605530582965,316845.94926476077,212645.6123409865,921956556379.7238,34969.40177887045,3.603415904124229,13.905804134093135,1263.4474493879384,2477.32708269973,2780.9079330395757,164686.86922414592,93730.99056702021,197976292660.28656,9721.986512381583,2.3286795202079817,4.455719005579973,10010.389787581438,17696.68897787264,20331.765896716246,1384981.443724129,872260.9217669072,10582546034659.168,61508.878624595054,1.66170663049772,1.3939841156992143,16213.818885916844,22411.42531646365,27661.52395622377,2122430.803726747,1008761.3173407264,19588093634066.977,48540.133325812865,0.6604049376082108,-1.5605095258652693,1518.248428971785,2206.4580185962946,2678.345623683243,199247.67163781222,98317.11031705845,183642503165.52133,6723.739382569543,0.9708574021883065,-0.6354230656447326,18233.613886980565,25386.63499110531,31256.133982805728,2396902.4385974887,1172841.6702326161,25009815335708.234,59861.67366270229,0.6992879391817982,-1.468714395672318,17088.423304604134,23718.718344185178,29233.402315298918,2262121.736761755,1145154.735391778,21877550359759.977,55637.92155771129,0.6864505185535252,-1.4895710039130208,1613.5927413142174,2405.694034503257,2896.730108668478,213218.125740964,109345.29526974296,214810760255.14215,7472.175602918659,1.0524958426935531,-0.48208004986038544,15346.593999285938,22153.575728260526,26949.932558852404,2023263.2305612124,1015848.0671990161,18593250942123.34,57211.51458857923,0.8742375110785953,-1.0500670944772879,55,188,243,216,0.22173576963926078,2,80006,80006,noise,darren,original,True
1155.4759460224238,2166.8652281653167,2455.693299023383,164090.97931114986,111369.18555244568,154378997219.02966,7793.98936064632,1.6902021310430595,1.4650099087793675,1574.345994037228,2716.461422080202,3139.7018913570537,223725.09598132293,150656.25475093207,252357835944.7311,8870.07895094977,1.2903903734705282,0.02415249399090147,11033.427888780616,21385.683616347484,24064.164118361456,1645251.1463813698,1314396.2759340615,14824550264715.133,63720.93821165786,1.4667733476064502,0.2320144868326035,4571.222279206242,12239.344831616729,13065.130501955751,689427.2297732092,587244.3780254965,4369859456848.2446,57651.0780212242,3.2152849663725203,9.410579322209536,3454.1354134586036,6698.871672163287,7536.971084900127,502244.34820981295,367601.5711081811,1454231888246.2869,23820.04988674036,1.7430684385156086,1.5274160828649483,10966.75818677889,19493.37577802353,22366.525978580496,1582602.8805915676,1129122.807024547,12806693999373.21,62505.25487483353,1.391517193644861,0.25339001274475503,12415.94045870584,20819.848513485285,24240.909009329745,1768701.488113214,1199521.0563161194,15043114741724.266,48824.11968351181,1.0823789391981649,-0.8242926241453117,1165.3390819048286,1991.9624138328181,2307.797528800448,165037.23146054635,109321.59358777678,136343793508.7989,6202.060790403686,1.214284478684018,-0.3165200318344037,12075.159145796093,21259.709918565586,24449.636688872473,1702164.93134877,1109518.6697489037,15303289195977.191,58372.24343242331,1.302576630608062,-0.1654623508687556,9078.95219467828,17137.262717425212,19393.63675021541,1289219.722301959,875743.566717337,9628496547822.227,54953.32500565677,1.462100641261629,0.3185867324609406,2841.379136051223,5922.236977660006,6568.586317797059,419418.64334251423,323777.6457667292,1104545951087.3784,23519.96931672325,2.0238199785458684,2.7535736442488643,12057.632033654274,20598.829143436957,23868.352526714396,1740238.5996884145,1244016.4122657008,14584275259891.543,54401.5852602359,1.1895851139789884,-0.4657497680468583,42,243,285,271,0.20979197342331737,3,80006,80006,noise,darren,original,True
1816.9660342410511,2562.6746883628552,3141.4434783967245,194224.1030691387,10823.258999619868,252637878475.8095,8164.10574946465,1.0674358070290886,-0.3035325580452164,2432.0765730511953,3038.419587594418,3891.91341726173,288938.8320318513,78143.72866467902,387762945215.0242,9297.777613188508,0.6413260609486003,-1.1827520112474008,11523.0196986365,21861.150219015923,24712.140171857733,1699490.8073200227,1331421.8583978151,15633660719962.742,65772.8039377908,1.4922358363772066,0.3495584882851541,8704.042603202359,17798.6599639534,19812.941582480864,1267856.036040559,994153.2207331276,10049347946260.465,64162.474012076294,2.0309837151581003,2.535536069466498,10107.365617741572,18256.455329692923,20867.60649753051,1385284.8383687336,977925.5209683038,11147699223955.904,61693.7429956873,1.7235140859116005,1.302532099992753,5791.642415540859,11469.183143164008,12848.551818821037,712280.87805989,306120.98879111,4226183266327.791,50479.12810406357,1.9777122818476722,2.789963315284055,19202.770555444476,22925.9428020109,29905.605667936587,2279370.480270916,610980.0794742998,22895238409372.695,48120.66979019413,0.357854600609473,-1.8688255129940092,1469.9011499754065,1946.6154084546608,2439.2459775783436,177138.31296227983,57365.378195085395,152317976041.78247,6910.313743560365,0.9608900284276731,-0.3013577689651772,21862.60510865917,26207.927470520575,34129.590745235095,2592420.1432684613,695573.5357377775,29819621489593.254,58331.57868642107,0.38001888547998103,-1.828589632431286,12740.167949214136,20496.120236570503,24133.023518120102,1491271.5140054317,748209.8116676662,14909512297629.133,62396.83615464121,1.14772706184449,-0.48092686138901763,10695.568815146598,19580.85797883106,22311.548387924322,1503648.1739342904,1123318.6767169838,12743812901547.223,61145.57034693475,1.6133672022637233,0.819480816355509,17192.577822690393,23510.49492527397,29126.072578028754,2087596.9441982175,852766.8239353687,21717199457807.316,59211.74363838061,0.7843138967743177,-1.2447102788656421,66,285,351,300,0.2373198963198656,4,80006,80006,noise,darren,original,True
1308.9155020338083,1664.8802966305311,2117.802208321868,144356.47438848368,68789.65811476247,114818206555.46834,5684.035433996042,1.1091922905674714,-0.08500487216484309,4668.199239738606,3868.8007139114407,6062.9780723550175,392984.69912511134,82124.40912595725,941048399509.9587,9344.389634539111,-0.3216695228062597,-1.7893211247184684,31825.870966851257,26686.18139266878,41533.58087284417,2592360.468555739,862141.4710928118,44160981507099.83,59915.45902558202,-0.2930517534585065,-1.8399571260509398,19569.379706719697,22079.949863113532,29503.979529266555,1485757.690964543,1225654.7953992276,22284411086422.523,60951.7803361446,0.5306642459594219,-1.4716997642941523,24161.935060434767,21657.859615789017,32447.834889278696,1720848.3558462993,1095489.905052327,26953266918448.43,57504.563187651256,0.04003517591965396,-1.603607783163452,29473.84171043391,24901.63082456191,38584.952544929816,2427033.4412778798,752090.385075276,38113243210098.83,58719.64176614199,-0.23476579354056737,-1.785289752663487,31051.87931021792,25385.768196563153,40108.05948467186,2526948.658528367,750825.3435171652,41181604752025.016,53752.11127935586,-0.4007465350688142,-1.8297822055399782,3595.4362228857144,3029.5840190384424,4701.653003067305,308011.0179576945,57255.15463413471,565901848608.0464,7399.040119594668,-0.2461826472554659,-1.7842616013394177,31072.312652771863,25380.576518338574,40120.5966804439,2488875.051369816,814284.354225862,41207354316668.055,53809.2349056249,-0.40578016585353766,-1.8319257246278378,8677.433030837594,16897.913342015847,18995.718447032963,968786.1753075537,304344.34868995566,9237435374565.082,66914.741331484,1.9498092566076823,2.3598267996194595,22449.691179154754,21992.478837991137,31427.02275874867,1435302.31236636,1347305.043292405,25284038642660.016,59550.57849230386,0.19607501326259047,-1.663877664307322,2265.9604752634573,2771.3690958190946,3579.813338809349,235835.68897044344,45046.71068379028,328065626642.3639,13167.376048354847,1.140636613568786,0.8264185663438637,96,519,615,570,0.1100111593315044,5,80006,80006,noise,darren,original,True
10020.8899111467,19827.32799666411,22215.786506415254,1450520.468915027,1127838.351314254,12634653954524.725,63541.92887836937,1.7574716773732284,1.269036735212289,2772.4409580364195,3625.7526163568255,4564.264552018897,345753.581026352,148336.08223828443,533312279060.89624,10157.552526736836,0.7978660180470332,-0.9565422612628418,14943.747712333361,24152.1254384256,28401.421775737097,1550422.9180339002,413642.38154922344,20650003427412.824,64949.24631238612,1.0755361761527238,-0.7620167155768995,15490.655952373298,21959.718973830393,26873.587018565366,2046316.0589489348,1029024.3103886179,18488055788656.766,60499.64323071942,0.8146322477736119,-1.1911439529779186,14136.580541921197,20284.12097016164,24724.248683233556,1708801.2157022767,492203.85502624966,15648984907529.63,63323.34451738387,1.003292292183729,-0.5303769191622778,7401.987926881988,16561.82465192969,18140.65768022132,664718.8863875507,424306.26278525696,8424536603416.902,64603.64177543085,2.2963044116506324,3.836252326296621,20402.51192454601,24728.105423634806,32058.410607415324,2451027.1375948302,725098.0255285156,26310187281245.164,54178.87150426536,0.39716675970875365,-1.8216693067758625,1838.4685600983744,2468.6804369952633,3078.0431683901566,223623.3819981021,88176.57501132487,242543353509.7168,7244.667355533572,0.9035332315053358,-0.7186604264608398,17041.058726523268,23401.802469961945,28948.95579056232,2194697.096039306,991290.515950945,21453876258916.656,66178.27576880921,0.6650000727886728,-1.483548375723522,5454.923263016455,13481.976141538958,14543.72264884145,602957.3465105128,384206.8937142519,5414908633252.447,67409.08789644291,3.070949076425452,8.664367454644447,13437.595211378222,19740.062195929215,23879.677982837387,1663356.6385150123,578257.5919826502,14598118926438.621,62186.23699328984,1.0707304253574392,-0.3497820486898746,5257.078341913801,12819.367359222813,13855.43403086769,631512.9176670505,169490.50405152247,4914510135903.396,66472.43176689252,2.6424263020899645,6.320386610501766,65,0,65,16,0.31789693776181527,1,80007,80007,noise,darren,original,True
1866.8784404818284,2103.6048945047473,2812.5413176912075,154435.53853446606,46458.42124883512,202505949791.23697,7351.992764813481,0.8589019434300322,-0.42725206312800346,3123.8111991206606,2722.0061612246136,4143.369878431857,264482.73025998677,53552.61304596684,439488357107.1082,8646.880377274436,0.06292071875542352,-1.3585114488386705,8788.896021845443,17404.90288484118,19498.085488415614,1121539.3797107637,828119.2084305625,9732488645467.229,62133.60756459468,2.1016673589936987,2.905937865196705,8791.919502008812,13589.16824213479,16185.281648548707,712869.7341320702,531811.059470572,6706261556296.897,57569.32447914215,1.9704493786141613,3.235689460172006,8923.941818618245,13524.98066990985,16203.760048319604,673511.6230919429,558589.0280282543,6721583096410.074,57841.90997437673,1.8043440143908749,2.796453654183976,8299.486203535384,12872.007579707059,15315.679886139895,574351.7285388934,762099.6045999906,6004993289592.58,58185.889838639145,1.5848475246385882,1.6308061525384838,27594.356449161656,21969.300463251748,35271.78292471226,2156230.5436387835,744105.5696045832,31848925969613.383,47483.216405538,-0.4560689808701238,-1.7843269070935608,1399.8391620123007,1423.4488305714465,1996.4358874650895,102678.54717262197,49630.31472166081,102035360070.6181,4634.619296097955,0.6178105537766497,-0.8294833457178816,28659.324088092206,26000.286582741428,38695.8881481093,2001337.7269879836,1335819.6391228277,38332717045017.234,59484.876070761115,-0.11948554647878668,-1.922287668791569,22514.985152737743,21365.536914407345,31038.858291968536,1705728.3462838784,552548.2767288974,24663314536163.938,61162.21138837448,0.15009233204352762,-1.6122790039820736,8259.41193719861,12841.061052163817,15267.964320554898,632546.8659918697,432809.70850537246,5967634803039.676,60320.37671594127,2.0804582770974243,4.449211361975563,24066.14953564673,22830.500696944226,33172.44813916031,2212594.216910524,246614.1819834586,28170529677959.17,64117.63146872566,0.09115440201487224,-1.6774347733998942,98,159,257,208,0.27850703109308766,2,80007,80007,noise,darren,original,True
1807.728488147904,2303.3417316677246,2928.0139036048954,211185.52265229076,64609.09931164834,219475594744.41162,7399.148839023142,0.9734979463841367,-0.3231889952926905,2512.7435317867107,2891.681142410435,3830.8876107121796,284623.0103870946,62966.85615924886,375697917079.2467,8758.180107724209,0.526401509243646,-1.2563583378775096,17488.85674811039,24184.935501033917,29845.79058334855,1602979.3224889438,656312.3370094327,22803743117954.477,64237.49606377373,0.8098990567191993,-1.200838123825357,4078.634458963113,6827.889146317607,7953.321899951184,350740.6310417417,218708.19402992842,1619336428652.623,40040.35987562528,2.4056659022180424,6.78702601127314,4510.872646121088,7213.399310416023,8507.70836600749,525612.2641436049,294066.828700873,1852956202010.4658,25174.605558673393,1.8251142690792546,2.182665701606167,12206.242597581839,18491.636416557034,22157.007372683696,1364693.6662545851,202006.88927452022,12567884178256.885,63281.51945096125,1.2470711771448155,0.10846715987983213,21006.311420035974,22663.872675882372,30901.719113087238,2300443.786436846,280137.4054607051,24445855850090.02,47432.55692345637,0.1552405990150483,-1.9695796841828002,1366.6230481609978,1653.2382171726733,2144.9604095379327,152172.69369672568,30883.694901576902,117781892057.2195,5542.850425556433,0.7122219690558228,-0.9062052982671376,17007.394813805127,23663.986359079514,29141.649382890915,2037075.4571678222,849130.579555527,21740434656136.87,62643.75817027713,0.8471437875090458,-1.1112478370072645,19200.91818826437,21690.885331655303,28968.427049866565,2217398.3271479076,552244.4340043799,21482746003032.086,57587.12195267878,0.3777328802490658,-1.660994946206777,3934.4144912590964,5809.210784881912,7016.163291444826,421666.33954387734,177658.33522893093,1260199611704.7783,21525.953147012115,1.5673638161857695,1.4684681207515844,18281.63670772729,22863.063621127953,29273.501991682962,1949707.5821764825,89179.40932945561,21937610722740.895,61645.2855317177,0.7068743852471205,-1.2035689380142671,74,408,482,457,0.2738873416095212,3,80007,80007,noise,darren,original,True
1500.5732008256732,2441.19383362882,2865.5099484007346,209470.5522605389,131527.54021827507,210205369968.21967,7662.120103917221,1.1810751971089726,-0.28280896520751675,1745.1776305994813,2794.684849483068,3294.830552589164,241007.41412763367,145349.23758755825,277911254279.0404,8640.090541808582,1.1263507686114198,-0.38365100282250175,8471.43039914878,18288.938865196043,20155.654735644297,1122681.6801642636,647695.0023554164,10400010696256.01,63422.36661310543,2.017586993955794,2.3688748643933986,9837.398098144962,18619.34926404496,21058.3610083472,1289118.6163216154,585407.231909058,11352436949961.672,57565.95199150234,1.5747846205566425,0.7493394920250278,10808.827581310641,19764.259969932038,22526.800168722577,1527150.7602345862,1009635.0041462622,12990892181543.926,65788.59410969733,1.4268218402270811,0.26969149859787533,8102.278017776812,18058.785868160954,19793.0961728942,1084287.087884454,584790.5290466057,10029226396401.637,64153.181171448254,1.9529991905380795,2.060096970038477,13815.442484907679,21446.257022983544,25510.94650046648,1904786.2269993257,1134755.3042102947,16660694818551.379,49812.411552884725,0.913074919745889,-1.1556775912711004,1003.2373766935249,1626.5472615304298,1911.0576202686943,136686.69083205558,77188.72937014833,93494815436.46834,5650.0328876541835,1.1935853411927129,-0.15217371305617222,15665.725027494133,24331.509967742408,28938.50925578932,2161298.345363395,1292678.0259801177,21438395339453.543,57522.49986965278,0.9161673733959768,-1.1466191562655623,6725.083616689348,15040.649220711606,16475.675361937552,1017887.3099874764,865605.7099427782,6949065692978.078,59989.65379143306,2.3762636254618448,4.452226024680346,11282.002837785305,19771.67407818513,22764.06562733849,1581607.2532387427,1017121.5711853768,13265988707475.805,60487.06827811165,1.340618343474442,0.009398191736150086,7537.134876260944,16601.711320465107,18232.531939119377,1106592.3593768477,851056.0968380424,8510085655321.811,68061.34670293337,2.052882725575447,2.71288421102696,47,482,529,507,0.21689538012179463,4,80007,80007,noise,darren,original,True
1534.968637043041,2646.690387907968,3059.5912678248715,207152.64050382777,120320.43788109903,239644127389.44522,13494.39953320707,2.426274936268393,6.617729605323115,3256.0927154069273,4008.8454355401445,5164.589189604252,399668.9545663442,137417.3449431294,682828326332.8539,9417.467670727963,0.4396885399255011,-1.7651284479294265,14948.859170402971,23028.096199999156,27454.719177091512,1614188.3917425543,370448.6024677501,19296297090379.684,63851.04011679991,1.0617715199200264,-0.7226624090942959,12988.0921202687,20697.031187507506,24434.76287794183,1705908.1629290835,1040579.5672303187,15284675504671.852,58570.882671436426,1.1151234845396905,-0.6206108117829321,11778.04802914299,18461.346646877002,21898.487057168033,1540713.4467490525,898058.0681936158,12276319626059.672,58500.084057640575,1.1355106279651228,-0.4536431239069407,19556.055581426113,25024.779574635704,31759.705645092676,2291147.8390070144,497453.39614350034,25822179908171.05,57088.08132582436,0.570402358077958,-1.6010006337674678,20510.01225911272,25135.789387104214,32441.771082692365,2475472.887921362,743722.0691594111,26943193881134.445,53545.5392024592,0.41218578974628745,-1.824808936973181,2472.7691967675755,3053.194857607123,3928.9421399406156,297929.36908617825,87215.71282034606,395176610278.4293,7452.447780079754,0.4542944769169493,-1.737948954014414,20696.303796589207,25357.197789452795,32731.093329953743,2493940.796251328,739268.1859629954,27425906446698.047,53801.30865045649,0.41055285571069966,-1.828286925396458,8838.638056097083,17943.092073856722,20001.901806018035,1228726.1303703953,946998.6552197218,10241947541954.242,60916.16045112445,2.011619610974134,2.3485893319894684,12350.193373657257,20163.967022868117,23645.567078546468,1641909.068065203,1034792.4562736229,14313288767130.637,58677.52469262928,1.1673308723863718,-0.45390906811786547,1405.0561664788777,1863.0868916928464,2333.5114306465334,179267.1757256924,77431.76996960075,139399055282.12558,5948.272507198754,0.817210234283117,-0.8828692034724641,64,529,593,552,0.07952648467493292,5,80007,80007,noise,darren,original,True
8946.166431965687,19566.95163089804,21515.099115605604,1335478.2167109528,1125315.7259765049,11850226942830.928,61044.286685742416,1.9438109897594253,1.8861353106533247,2298.7388872068673,3474.255621658247,4165.89157278259,301911.400209806,167212.63439639678,444279106462.23364,10130.800214294724,1.211297835135334,-0.09351667184440027,8774.713933746309,18802.713189328864,20749.4006636154,1259497.4940103407,1012808.7160844014,11021763274220.625,62647.47364379935,1.9601962614523094,2.025020128680999,16299.78591541792,22564.96815515415,27836.321752910844,2048741.9922799093,757158.6093322746,19836436703528.383,58821.37831423022,0.7898112036954889,-1.174734482451667,13251.360627219186,18946.259252811287,23120.538448473733,1633501.1800670337,508794.6969708067,13684718032572.215,56255.78417733698,0.9854532828946052,-0.590468307817325,2630.8082939559754,7748.590810591711,8183.019725598481,297223.0766830763,106436.60943988696,1714222382836.0667,57883.287649546844,4.999792400308851,27.107957286412045,18156.353625863456,23859.608163313136,29982.22938165613,2296117.631425858,921703.0993379754,23012712414572.64,54748.866474247785,0.5712856931442429,-1.6361323424956615,1645.6533386684866,2741.0097322467227,3197.0782385393677,214090.29399835193,105587.53343980586,261665517141.55484,8440.711140963764,1.369300661503736,0.19893121399500258,18742.859875185524,24602.18863608125,30928.344313690068,2353646.2868603375,894572.0991370189,24487999538845.83,59658.66812539148,0.5645805978055864,-1.6516707225009883,4159.590387879465,9143.225760262947,10044.937505931792,555787.7327204695,295517.20278510835,2583059699150.7246,57495.11277401535,3.079690462499892,10.839803180237743,13586.636791138608,19625.807907449383,23869.83525947391,1672500.3500618788,521660.32199378335,14586087304049.25,57335.155089711225,1.015789644370095,-0.5374801613909548,8466.879051506186,15777.316939959464,17905.635165968455,1043140.7824324755,485401.5311355633,8207661329837.214,68446.55484430911,1.9661819406669157,3.080822105635061,59,0,59,13,0.4594217969708215,1,80008,80008,noise,darren,original,True
2484.3059004981196,2479.5307124933515,3509.9641538693186,227276.18993264003,36261.47617289253,315388118053.0575,8513.58487765966,0.41925113407853193,-1.0979182288040952,3546.949656950596,3236.0864580041753,4801.365163432162,319443.1156973981,50033.85278942243,590159550275.0708,9292.332002610481,0.04667638475209888,-1.5526592377409008,27191.864967705613,26120.17052983328,37704.91783480647,2464573.1794856107,372120.8802687857,36394517220595.37,63800.587896277124,-0.02214874876837909,-1.925057067872725,7119.608709437971,13216.756981246215,15012.378002063015,768818.2332886519,179671.35650923787,5769510227886.734,62454.26392867259,2.115195829045597,3.7049467834262124,5440.690222438692,7589.252447273499,9337.979589021748,429332.945814422,436641.9540225671,2232265287807.661,24955.647847398635,1.5037781991775776,1.092664216670621,18953.597406677618,22773.78766194844,29629.111683037874,1758137.5378642357,124198.39965816188,22473837033623.848,69601.67275687918,0.5794402390441912,-1.3372811034281653,27410.650914827576,23596.10563359848,36167.941393539055,2374258.9209570475,529966.708680354,33487871606949.773,50370.42312113482,-0.2956939348720095,-1.902366587301001,2514.6895353630903,2410.7961100504517,3483.61900090969,234489.6074474459,46310.80601794013,310671394393.575,7638.038771662708,0.26441441761510354,-1.3329601166122935,24459.685216758073,25832.13624105927,35574.92745852817,2554806.8934977013,150073.16878763004,32398731870196.258,63331.701043267865,0.212688524106948,-1.8602657401356635,25738.23660043021,23424.5955543409,34801.84621804098,2312293.1878996184,477504.48760099534,31005913604714.82,57201.69710390637,-0.03725656122110817,-1.7874178272957701,6039.33682175606,8716.779686887096,10604.519666460432,450338.3548726912,362044.6344523491,2878869436322.4604,41252.88478923527,1.7999403293560168,2.8050295984063327,22313.88686419343,23805.976922821104,32628.730962725396,1763725.479856702,844204.7569502394,27254632556490.633,66473.74458091773,0.26484708789373235,-1.7262675842159345,92,187,279,233,0.23157702599690191,2,80008,80008,noise,darren,original,True
1948.593471590307,2272.963087524051,2993.8900639086983,195113.72280663747,32996.22935696254,229462469498.14346,7051.539959902938,0.7721868634826599,-0.853996211959132,2930.560334814866,2847.7594167478187,4086.308550717395,269134.35778604395,39716.25892697375,427466689834.6521,10268.72621847246,0.3764304543426984,-0.9647851996450374,15236.652099575364,22957.647482174903,27553.750109908924,1433874.1739570329,421580.1377090429,19435754115054.23,62750.01335564051,1.055589433134618,-0.7288792012183714,13942.001961952357,18156.151258211175,22891.59774279914,1191978.4461876012,421435.879934428,13415046328784.043,60496.30115678349,1.174202614544104,0.033100089509880526,12842.760310674646,16523.36169707485,20927.445476450303,1045960.3132989666,393285.5220831853,11211724138746.887,63185.33017337202,1.225869248776305,0.5694700670535546,13985.381419748748,18226.343141229743,22973.690991168703,1372475.3404208827,396880.39923680923,13511436230597.273,66896.42236322988,0.9943360739754367,-0.2519326478909001,26234.968684962594,22593.674497659358,34622.936172530935,2264169.5386002576,523973.8373558173,30687941355703.047,48668.479605611,-0.2931064839705319,-1.900412888205022,1794.1613007250962,1948.1748370099954,2648.471251227487,152890.23561329144,55575.048090677774,179568639195.60938,6284.190392854559,0.5599206393238022,-1.123614888262628,31330.42412883672,26980.371893940333,41346.534844266214,2711646.9345512246,617771.9813264163,43764120156879.86,57933.41312449142,-0.293829003322699,-1.9018512528703428,16869.01982609374,19390.67420153835,25701.402216286737,1696945.6518806675,103864.1565905547,16910389142613.727,63698.321963106966,0.6476399707189316,-1.0429099627669893,12191.471337733534,15627.41675123951,19820.396759290656,973014.5700281527,429777.26737819816,10056912069009.908,57722.063063156405,1.223710653898246,0.5134248040627107,22932.091237898472,23778.653015757365,33034.908018444476,1919485.9556618654,877869.6997793787,27937411783349.418,60005.528052156886,0.29769956151107024,-1.7003821789574896,92,285,377,331,0.3434626405876607,3,80008,80008,noise,darren,original,True
2622.7641410967035,3029.0868862865996,4006.776647692778,280713.2508988802,27858.019041265805,410989033075.1021,7925.8947834739165,0.4576651311160874,-1.5679867782313235,2647.113077912324,3025.210094972776,4019.8387736300633,304848.23969012045,71867.97446943127,413673056409.079,9263.43549283976,0.5236184184418458,-1.1754485268531731,20882.9788578091,25152.129123947143,32691.411799483547,2103022.401279197,274407.2995649243,27359447179351.34,61000.51095765924,0.46618055023903593,-1.693023605349988,9213.687483181566,17432.125047981513,19717.27721380924,942534.0124594906,185654.15469448728,9952538130590.746,61370.21556419006,1.8249305663060207,1.6965222300336347,9596.805601963337,16670.53521765191,19235.525004658637,1279949.7456747517,963232.0995109889,9472138808444.098,54102.94210538614,1.6054696722709627,0.8997810719099988,10554.163029248413,18080.280015613353,20935.30230713045,1294625.7349351852,627413.998531983,11220144196888.104,65689.16236734064,1.6417248477916329,1.3189831464996882,21978.91369389736,23716.353327882513,32334.781000290583,2390068.6999450866,251138.6857140113,26765774395820.87,49446.44961633155,0.15598431803792726,-1.9684861127460396,1870.6277794716582,2127.249993461775,2832.744397931834,210606.3112868898,36068.349980694315,205425685094.7632,6385.48402585723,0.47965563682311896,-1.3094034336305753,19291.12786611478,25108.285272510453,31663.442700890173,2404581.8640781757,1054233.5294156747,25665884254017.41,62947.63121181213,0.6372277732901688,-1.4942251999845946,17585.145073051215,23520.681260300305,29367.66545350344,2142533.280284494,678669.649059664,22078970219235.824,61133.53307335122,0.7416757874164615,-1.322401379477725,9543.852240930595,16747.02770738112,19275.581771466896,1246386.386522617,892975.8427977769,9511630147289.773,54213.01091527379,1.693205039927402,1.2115537462137205,13021.79124442163,19066.105738746017,23088.599681538497,1682675.106310186,821559.8162531605,13646935942511.094,60665.261293830416,1.234750287444746,0.08969949632350804,74,415,489,461,0.25798619173179044,4,80008,80008,noise,darren,original,True
5633.951783228307,15529.212204723926,16519.619983373952,789057.1499385904,691098.5131471594,6986184816514.252,65828.6235077607,2.891952636588348,6.6686474929102655,3273.4799015353337,3978.802563747798,5152.333501147013,396929.46676971455,126609.35104948029,679591436980.2709,9370.25170336409,0.41492258022252987,-1.7819900689245487,22246.37277277783,26909.54351969151,34914.53327747003,2669905.8666431466,777477.8194703666,31207030629979.188,57016.67152409096,0.38519308867272206,-1.846932036021032,11478.697136020983,19664.87608313411,22769.88887336775,1182904.068965418,410475.608848367,13272776686221.217,65269.71885621692,1.3955164442987862,0.299159843336922,12415.639626011809,19393.808624063444,23027.54698767961,1464168.0034002247,556750.2058280479,13574858758906.68,61302.711184480875,1.1913539976665508,-0.18009294470023685,20629.69297572685,25782.815765566647,33020.263794735285,2563431.870039492,932144.414516817,27912648219491.996,59041.65160184782,0.48986414996607885,-1.7129760489593489,21482.935668891227,25991.649603459555,33720.65204088939,2581157.7512803082,759154.7210874568,29109308776006.094,54733.76703846292,0.3864382973078496,-1.8444530169660358,2777.100868196988,3395.477677076341,4386.520020205563,341443.3606450429,119367.61411852919,492583881924.2038,8099.572539467591,0.4427368376866055,-1.738776393033672,21119.82776940742,25552.12495009576,33150.53867548368,2530946.4823988825,730987.0141264295,28133330290553.312,57560.52206138521,0.386507904638171,-1.843959024794477,10790.279666958322,19184.46849041965,22010.769331195097,1501024.706946442,1025956.8808476826,12402533543707.615,64252.24622247082,1.6708156796253528,1.254116800241107,11505.39224480011,19046.49522726179,22251.809615148442,1334065.0326854123,662896.2990887436,12675661597409.605,64042.81258846454,1.2990099955031673,0.028255581897649318,2993.433057586816,7397.625035745411,7980.319394594482,401096.0573625267,245965.21002059508,1630348739577.3657,48545.22602646463,3.6068174615174473,14.106347256790446,65,489,554,518,0.08016379950470139,5,80008,80008,noise,darren,original,True
10140.881839740783,20290.294669945702,22683.33181613344,1475329.7225937662,1160078.0284432531,13172058682388.771,62840.095550489714,1.7487029893389447,1.1823925815545877,2756.677372915209,3775.22730630989,4674.5707131939425,355145.6789714896,165239.41428566925,559401250627.8534,10122.408733073737,0.7986414549906778,-1.0834788883472286,13319.21067178324,22976.876163701218,26558.204215673275,1602461.3440387438,732011.2920026612,18056658205731.984,64797.01067026955,1.2296966563776277,-0.39065693439532234,18291.99634775833,25033.90243270651,31004.731919445345,2367424.96908093,1057381.6180825746,24609111075754.83,59684.21588415437,0.6741491603720415,-1.4997910041403457,13861.950575075718,19566.96036786277,23979.56654702821,1678461.163230544,497249.45851905993,14720502061653.873,57033.57263462586,0.976041033568535,-0.5657846333049603,2320.8833523681537,6848.689348499306,7231.2547547121785,230138.31431815756,63773.92703653577,1338650760385.2156,61650.6450821451,4.937360513436657,29.870572799847942,18905.90171676477,24770.290926406335,31160.879838393157,2397101.5747061293,975423.7982480709,24857611066951.094,54134.84164570556,0.5525375478268274,-1.6833458974989406,1992.1001490069175,2798.588646602659,3435.1945238321928,249774.66603752464,104031.5446788334,302094372264.1072,7779.090134780982,0.878525110991985,-0.9762190504724959,17869.19741308454,23852.67431308067,29803.66232652769,2290987.9438219247,979229.9064299054,22739412174686.35,57926.12791106624,0.6223201986030508,-1.5688643756211482,2891.7725254932493,8497.95646567919,8976.503352184322,395169.2936882119,264016.00664214586,2062786878253.4746,55753.98541188663,4.75810581220715,23.299169747805866,14302.67498641455,20137.675138743518,24700.050035588534,1707392.2002297863,447159.289451054,15618367277070.773,57086.09725966454,0.9602552356808599,-0.622286925176339,5764.060281587798,12942.517448636185,14168.032638232808,617957.6070108047,247782.85841227227,5138768610253.572,54556.44208486956,2.4688413115089975,4.759735959095471,59,0,59,14,0.2456344055245131,1,80009,80009,noise,darren,original,True
2593.394798793398,2801.033549982498,3817.261522418421,266486.6554747858,15219.04429951812,373030029581.72675,7826.527324636001,0.3925793342196172,-1.4844377889558422,3011.8589433473962,3195.4572446192647,4391.154893283934,314149.61679682194,23219.044850318485,493625377198.3728,9565.617977328478,0.39716576822963445,-1.3053698663533753,22522.79482927281,25626.628646806435,34117.44982736603,2555899.4545058236,677050.451187,29798409797704.656,63153.668178118176,0.3582009772854957,-1.7835892648737717,7186.579889655722,13972.466157891582,15712.311766377015,773090.6156922984,539209.8006184509,6320044570722.039,56920.62218794268,2.542729685403744,5.248773189663982,8031.864304229568,12302.779999856713,14692.489235198758,691130.3976587545,591140.0559298767,5526252542116.645,50554.152466879044,1.818625674667593,2.542923828547167,18160.136905056213,22603.677880191815,28995.11728070534,1883151.268989587,96357.85750825421,21522350748719.547,61206.268361131304,0.6514446861365575,-1.3523167209486746,24256.17784234932,23986.539695382464,34113.285536251664,2452188.9174941294,27622.306803862397,29791136001992.613,50627.26964827655,-0.017176341780200787,-1.9895550510948807,2439.3597413817747,2615.502244612081,3576.4966013467697,259574.08263875553,23547.36505719551,327457995249.7918,7937.764962502643,0.4225402395385151,-1.3177813451601523,25228.062237482114,26119.126553932143,36313.412070454,2559405.675054123,185968.19560488762,33757795742684.008,60614.68686003266,0.16779296853938505,-1.8647888322062522,20671.60179353134,23204.474304860687,31076.723580121314,2385675.3029517774,603321.3480437152,24723526360966.86,56277.821122216184,0.34906542992700795,-1.7827515045039937,8596.178371096323,13911.208537888915,16352.859247615923,849765.073057046,638894.6333218215,6845849742651.843,55780.52137262966,2.0260172344081826,3.2003298236991764,17788.280049225425,21480.223332952162,27889.47653763286,1937935.781993816,332500.5612710233,19912266279505.25,62254.6590917812,0.687684614365712,-1.1683133009079811,81,181,262,226,0.27586525474924645,2,80009,80009,noise,darren,original,True
2003.8273534031407,2763.9066913267898,3413.869397122221,255087.97313222024,108803.23722735576,298355309071.55554,7317.656937267511,0.8185088093231644,-1.1278388932228447,2538.5514636768867,3399.7894881652323,4242.972083053915,315910.61474365887,118131.09259052794,460871989697.917,10799.198316755408,0.8524529453240058,-0.7419049008760368,21026.640179520757,26470.721415895212,33805.601451785624,2611848.4940990144,950734.6836147431,29256158451634.434,56874.997160015075,0.4697449766736757,-1.76927789566981,6167.2693119132,13893.728044967756,15201.016076341406,650929.0472714212,178119.80454273496,5915414777681.66,62878.26832088832,2.623482011697253,6.138109626544603,3447.0523241712203,7084.678028685594,7878.758309258801,388566.4105529596,221990.65335748286,1589115711890.294,33833.48647937399,2.47613950962434,5.09171445142926,11050.389520942052,19455.126890880332,22374.3842575567,1388941.8402486627,537480.8951414147,12815694615162.902,72854.48258215007,1.3498248052993544,0.2558082540839228,18592.642243328202,23397.565402603876,29885.321018143983,2298095.2525350386,809605.4814124793,22864189756352.465,50704.44901495364,0.4675744452720912,-1.7738330518250214,1949.3378548092455,2666.7159463110165,3303.2244868464168,242174.9770772352,91904.04679993348,279329075468.8454,9724.244263572016,0.9978837200394809,-0.1960938720784675,19627.153451141377,25310.24841662,32028.640737715767,2422152.434322915,857951.7158151112,26261345984145.047,65622.17070733225,0.5842257508539122,-1.5526586153543824,15965.614515113115,22426.226848188184,27528.83029646532,2083065.6765008545,1027075.8404544028,19400614335784.625,60233.9570149925,0.886549154497983,-0.9935757192195807,3698.450394081413,6759.370667796616,7705.03907466732,435567.3740441059,188464.19482972726,1519811254839.046,26725.744750905156,2.0775916488494426,3.362057816147739,16514.45487201825,23401.60060751099,28641.964505134525,1959692.3403652853,503700.89402273024,21001270546262.684,64361.89867005103,0.8467771516223304,-1.1077399540282538,62,262,324,299,0.28728108956394605,3,80009,80009,noise,darren,original,True
2618.6975120649113,3033.5175683069792,4007.4687144034006,303278.47806823906,72968.63708420203,411131020721.2042,7644.179870280136,0.39873614604987395,-1.6789503628131905,2897.853821768186,3391.5146434399335,4460.933573704498,323314.5812060815,47107.04560931233,509438165734.50195,10232.460073648237,0.5034534778248729,-1.3471824788040676,22648.683924853314,26088.314416649686,34547.981599941275,2560182.49787069,489522.7633347576,30555213635324.945,63409.76294082328,0.3467668007759302,-1.7997684656024873,5285.529289378171,10554.480519413008,11803.977249365707,512551.0178267796,280410.68622580887,3566947299930.706,52240.026940274554,2.654948852141849,6.594491947202659,9031.271328536788,14708.89653304977,17260.228823211302,982417.0026602125,242538.22463143105,7626636775158.124,58177.85276427775,1.9340389247334073,3.0927337223659457,16732.445603151446,21965.927308308277,27612.980613767602,1994527.6625830613,634187.626470349,19519403478433.414,60007.093341800755,0.7762604072255945,-1.1435062280365018,21617.051034712204,24214.016196725235,32459.44355365051,2448254.037311723,442023.5917616088,26972556180803.168,50696.69907036234,0.22925102073894935,-1.9437480463901475,2370.495306288623,2759.657974340802,3637.9884733845943,272355.4078079293,63111.533130315474,338814979391.4667,8017.195063490059,0.4617447768557399,-1.4683957322392958,22508.717718304262,26253.206260782634,34581.39980240101,2512986.5044165,420795.8020334872,30614354234713.62,61349.63969818279,0.3694463073999659,-1.8061639192678782,17473.05986784323,22377.68937422121,28391.350846241297,2143190.1960841827,691024.1297792512,20635361353583.79,59727.71273350214,0.5803973379476519,-1.5426258469004204,8276.482524923465,14150.859170858634,16393.5041482545,923177.8809413023,289177.8948697783,6879922643426.238,58624.90074549139,2.168855801759004,4.184013761371236,18905.15103380707,24358.86277239115,30834.3790463703,2356541.1669908585,938147.0812628646,24339428638086.14,59752.570498167595,0.5945659004806985,-1.5710158245226242,71,324,395,350,0.2270835859882703,4,80009,80009,noise,darren,original,True
11693.380780052363,19543.292107800855,22774.446655805477,1460291.0335410484,948036.9005100167,13278090764240.11,68303.71786288513,1.5335712816895617,0.8096011208370637,3939.846141949057,3834.235843624412,5497.613311862255,389746.96039819444,57609.58544648854,773728054445.1857,9194.737363383358,0.058134141787756693,-1.8186229485313548,28806.49671046923,27082.165686728466,39538.05699593351,2732966.0045873797,298113.28736654524,40019403545950.38,59502.374197276884,-0.12001893314515744,-1.978386893559594,13190.056570612409,19698.40506974547,23706.639462980187,1227918.3211983426,183061.2075219819,14387321718469.879,64241.91570959052,1.1973303832586295,-0.15400192079918407,16840.875751323696,20986.39055344161,26908.059843346302,1623831.6457173082,349672.72608611325,18535518324047.508,63044.859798807265,0.6290272091390205,-1.3329237402771779,25652.586150972602,25635.985042188913,36266.49838785659,2667195.3257184993,145721.3093628735,33670627976099.96,61867.45036246342,0.09065179367016085,-1.8911265804512236,27698.45016829092,26107.044746576186,38062.868088532516,2651654.0640371703,237492.5605492625,37088817334400.68,56764.81660180267,-0.10583084319813844,-1.965491854474263,3496.7404035414415,3387.3457717303922,4868.398589579424,336880.192154627,38101.975746320255,606753403571.6846,9177.211218185575,0.05462523673970561,-1.7670569474126545,26216.87627403449,25439.308053789555,36530.57617700048,2442457.615081082,377843.3485651385,34162764693085.062,58818.863547951645,0.0016438985252503306,-1.9313248175785687,13597.402582156003,18764.407158141847,23173.09502370686,1417514.5034562708,174235.33476643366,13747003724230.342,57370.10081086538,1.057029798752133,-0.47157657876160597,16536.27811969389,20179.027013507344,26089.109322928714,1635757.269558335,258970.69358759501,17424425606751.383,57460.69173070032,0.6708237663295904,-1.2379796295424843,4929.661041072167,8424.375811520986,9760.72055709027,534560.1122268083,367789.726380815,2438954644316.2773,38315.16459933544,2.3700247700326504,5.038005872184897,85,455,540,500,0.1854742040202685,5,80009,80009,noise,darren,original,True
9554.278703763168,19690.299925897103,21885.8893518396,1394899.7149213303,1124952.8574002935,12262199109656.727,60010.707691674266,1.813495798152239,1.3928074990799875,2204.0793327580304,3569.950605709459,4195.534892274931,299942.4683586449,187953.87591737197,450624333626.7883,11063.09067092672,1.376371547992268,0.2977125035714083,14181.76761918775,23435.338460617673,27392.291279999714,1665077.5918536633,605951.550240839,19208643112149.72,64847.26728471575,1.1430265749371433,-0.6023708504122682,12676.70571891025,20149.44450072392,23805.440167566852,1721304.3872642498,976566.5993289483,14507493928233.09,68401.09452539125,1.124335762412564,-0.398879099892564,15382.51439142499,21369.562720282676,26330.210023060812,1796030.9485827943,334517.9079238897,17747966972377.4,60863.83142425231,0.8932176300845163,-0.8657634660299913,2085.279082560629,3308.290070077258,3910.6485446709075,276987.45751089667,142816.14725868122,391505204222.37915,13004.502356348943,1.480815459160142,1.1393897820423105,18769.235281320154,24375.850917094278,30764.692440815317,2358974.1762045464,921366.830845801,24229537305035.75,55904.960373376336,0.5527309275257289,-1.6462665746442318,1931.6574136722106,2855.427504609806,3447.428983732224,244710.40621294666,109406.0551138261,304250024905.6511,7750.005126671484,1.0516902860784736,-0.623485141940348,15534.438267619471,22842.46817905915,27624.212654875977,2091914.5466257108,1132085.5711519774,19535286394926.332,59626.171046517054,0.8465138465179486,-1.2268382804443578,7187.308724996974,15346.983907407155,16946.60207128945,774196.4541204743,305122.11572075344,7351995437123.376,62911.417386001245,2.3973163252090637,4.614113047399754,15084.060734660301,20893.290518646223,25769.3321012298,1764075.6555380512,337467.8422378621,16999897009752.9,59416.05185946693,0.880253000789456,-0.8963669307692501,16103.289631068508,23573.743735457992,28548.858657521207,2183509.9436400444,1238359.7240326593,20864955664566.36,59315.09117371771,0.9008877257090102,-1.081399274760284,60,0,60,18,0.5989886127243784,1,80010,80010,noise,darren,original,True
1933.5341361512353,2735.2238504041698,3349.6274072621745,213568.15964613887,45846.4879139949,287232096447.5371,8201.521658532218,1.0376676201298571,-0.487612404105084,2488.9950218498852,3082.413603104429,3961.8644398056754,292619.76865291386,73409.40862178996,401827067888.5565,9337.559996837028,0.6421167555340377,-1.1471373581705442,16605.04525133387,23879.441688745716,29085.310092296633,2185778.8330833134,1062292.5450591366,21656454737025.344,61883.27809712763,0.8649372506447643,-1.105431119020716,2087.3977766961616,4964.283178711206,5385.288939006998,287594.9589868715,186782.45604680685,742434226088.7327,30009.35154294188,3.66036959373256,14.073309428974415,4159.664633069423,10017.2022140005,10846.527096531177,441583.3009719649,225169.2816308024,3011767041428.0977,57581.98695857416,3.371093468363799,11.844282706336248,13119.742380554959,20782.857195490575,24577.526184306753,1796837.188130517,1098223.8994744774,15463802709511.28,63058.112437823685,1.1768320991672492,-0.3170173079327543,19611.576004852395,23125.354172904,30321.542160918383,2311594.0158786885,592626.3405566332,23536535526818.58,48835.72024551354,0.33447698299126255,-1.881515790910117,1662.6847122024824,2136.1199124414284,2706.9408439270755,201212.36865409874,65480.67137871451,187584735552.52808,6992.955228956011,0.827130884594397,-0.6948755482049949,22550.36197619202,26616.76440713485,34885.111047009836,2660972.5881499043,694810.7223143766,31154456902712.516,57685.53132480763,0.34001076152557075,-1.8713343216573197,21487.03105969312,25511.484418006396,33354.58500671834,2569986.1184315826,752573.5695875342,28480725528842.234,59311.421211969886,0.3719983134749488,-1.8143003856020599,5648.317473782552,12969.069522054277,14145.679713344087,682744.1442431207,488903.94593703904,5122566516544.369,64294.37745269592,3.045715540125846,8.684165688744685,17350.216454285,22840.773773212193,28683.287077488174,1989982.1644744552,521758.8793362467,21061912513781.758,65067.35366860602,0.7608246291157172,-1.1606659089907414,67,285,352,327,0.24693530215960907,2,80010,80010,noise,darren,original,True
905.169498179533,1740.695105557843,1961.976368600707,130722.56403599247,93424.66394996626,98543392536.25902,6914.652431774977,1.7482598805324858,1.9047827031608167,1456.139908482184,2686.453622857671,3055.712110268179,212066.72877603944,156228.9531421554,239036838421.49396,9159.768957735632,1.4536807587229865,0.5025358728955274,10244.216926513249,19994.22881370002,22465.82218152838,1531362.8957435056,1238512.66510211,12920657057076.549,61043.41231887876,1.6233409616789065,0.8548533747342368,2903.605988986349,8442.15682119154,8927.538268350814,430198.3387904986,340491.18572832877,2040344052041.4268,49270.15234514362,3.8421173409778406,14.992537127055872,3791.671508650606,8054.76389263506,8902.58356858335,570631.806447225,474728.12913264154,2028953451407.622,25575.34775121159,1.9516084347716083,2.08298146863848,8147.287627362838,17948.40389283949,19710.999416150244,1137406.457436915,699923.325241052,9946201548376.967,57612.09546995516,1.950667254313486,2.0467798290054766,11124.816588173471,19947.823477788912,22840.254062105487,1617481.3552449956,1182054.5168502834,13354936463911.07,48819.48848195349,1.2387159428277439,-0.45797490317545186,961.195452493005,1772.94135927474,2016.7344300428344,138885.04969371515,98965.55000970994,104120774689.79703,6089.71407400765,1.421039100656578,0.27962620707791386,12641.21158579367,22702.167183971553,25984.391953744056,1843249.3068364959,1363273.5675501742,17284828805268.45,57631.79656864863,1.2490912396573435,-0.417628448038998,9088.670280549359,16677.886240462387,18993.573042435848,1321348.1312397637,967154.2446742742,9235348913109.652,52836.148595878774,1.4047657753525429,0.2527952316850772,3450.807777378239,7321.720491290116,8094.1747738105905,516625.4948173383,423694.73274635884,1677201030886.1885,24907.051205030108,2.0447830874439283,2.661978939193924,8887.643247852746,17509.458662725305,19635.970695710177,1328791.9400176744,1075237.209941455,9870626436167.39,55265.810065971666,1.6255935772383023,0.8775047671534497,38,352,390,377,0.21419851574108972,3,80010,80010,noise,darren,original,True
732.7847819913948,1907.9463049685767,2043.8279378072464,112781.98001806208,100197.85045481956,106937155567.6524,7939.054638022797,2.6716266379176616,6.057959421993093,972.5052805307985,2404.5512203747994,2593.768126118105,150669.1620171403,136565.2242794676,172227407156.89542,10162.326257930878,2.400284816141586,4.661395150193425,4535.152287914256,14583.293129313366,15272.198426227062,714917.4573043563,684549.1289227759,5970945146113.342,64199.103852530214,2.999131561946205,7.32695111217015,638.9254310818119,1721.8103424802243,1836.533844489381,98096.87535536614,86272.53766735255,86345127986.0466,8025.403274965475,2.7471032937637734,6.464062009334588,710.8058606110526,1808.5363772551937,1943.205804678022,108998.1163727793,95529.294541845,96666849262.95958,8195.698306636285,2.6661120252371404,6.515660972966105,3683.1641511043467,10929.787395744552,11533.687644468124,561607.0427232287,484907.71001545386,3405464337412.0103,56929.66466487111,2.869664133787325,7.083584767995125,7385.433852576668,17169.161002359397,18690.23067582966,1134389.5419996677,999235.9844867765,8942712901522.535,49380.08872690474,1.8968000774478617,1.6039503070704964,652.0716040075816,1673.2806572601705,1795.8467458873126,101268.96047550206,92511.46475025405,82561677688.67966,7717.835677199243,2.7126057946814814,6.7581279787921815,7031.837465503244,17222.409753278676,18602.637873459866,1086550.4489791906,976566.1475796379,8859088277787.734,58892.035739523766,2.192810023336414,3.047807729193325,7158.141833399337,16652.858351427374,18126.13267577411,1099947.7770813874,970385.0703096692,8411051155962.009,50140.58088807426,1.9027675879955404,1.6374733414716598,555.2830490047374,1482.4765764604801,1583.059084262487,85266.4746679617,75197.21607746313,64155547245.20918,6553.454217246931,2.8499290142893217,7.205224774616887,7862.107381328652,18415.43999394129,20023.515241984736,1208647.0545032646,1067480.6580071517,10264093763737.475,61685.591727421444,1.9567971262611312,1.9400122422208375,25,390,415,403,0.3338736963326579,4,80010,80010,noise,darren,original,True
4473.0065162532965,11983.721968070695,12791.300930807021,632442.7112465601,485769.2565974837,4188604915263.094,59842.06642575955,3.5011525704141833,11.383400084463023,2151.0055472537856,3084.7756528647355,3760.673569033028,283174.6795943428,137350.64070301215,362052241736.2845,9072.512356839998,0.8740275186257905,-0.9763335815826824,17494.505722176807,24404.928411793542,30027.624968486016,2277263.836908824,1054852.2941004417,23082451487949.95,58255.03810749149,0.710787694177628,-1.4383676383522854,10802.882855735728,20134.862542752904,22849.835176873876,1501091.8189222347,943194.9787229146,13366143170823.752,62619.27240469144,1.5411090961339784,0.6010125533676693,10942.739538484657,18049.812337882282,21107.801260194836,1531228.1192160668,987716.0296224878,11405805415420.996,50813.708915516094,1.2097255403669716,-0.3454095691317658,14652.429914524575,22607.40870000459,26940.46455666824,1890889.3623524285,852481.9240622254,18580188941544.902,62681.65032468651,1.0422980276023095,-0.7441392344309135,17224.37979554258,23915.216308335934,29472.306160454977,2246282.1686736746,1051304.213885206,22236590858639.164,56430.50355442227,0.6887684707995783,-1.4822933475136504,1788.8077426910688,2790.153070384031,3314.330595532822,237980.0066611583,127448.51694933423,281210554790.0148,9020.311399886823,1.2875686033396836,0.234902683414981,18243.925789218156,25456.460562855867,31318.87949130261,2369446.6655587303,1082683.456252146,25110328642322.82,62953.38414320952,0.7113308547510231,-1.4380452557471755,5973.692957802372,14552.284649150155,15730.670553539314,854988.3930417165,676309.3798480398,6334822299238.116,58699.842088006415,2.698502563220369,5.707466995824362,12074.978665726918,19610.62765965959,23030.020125557112,1684518.8300500917,1067084.8603322834,13577774770779.281,54821.60480539255,1.1667104208969463,-0.4620531766780265,4763.751075984803,12816.960132410228,13673.616615575398,667532.6964944928,530078.0349717374,4786375458553.334,57039.75721301639,3.123242397237638,8.362188040400316,55,415,470,428,0.2252320811865283,5,80010,80010,noise,darren,original,True
4998.937501840615,1528.6757603382016,5227.449256334687,91416.35070872339,48513.945992893445,699551378625.3843,6249.58373797267,-2.529351278905449,5.644327009682664,1282.0637563503442,1719.8177957940375,2145.1015654455655,98722.33473094866,45020.32501828036,117797394587.5716,8812.507409828993,2.6162019098306284,7.159257971189147,51172.846515637604,14609.424158025859,53217.43600308186,658441.2516321412,684895.9374410241,72501644665398.1,56632.67365219747,-3.1982263429952256,8.297720035170956,10170.313701587711,13723.958623132989,17081.636955460945,342026.9021904681,260464.835636518,7469627419601.129,69282.46331041696,2.347882059347999,5.678899407476356,13107.369777781661,18057.696733534234,22313.304412654732,965087.3028467085,839135.8067059383,12745818977582.006,69970.84957019887,1.662882183202586,1.5038847781888984,39208.049748855,21220.384011886836,44582.23707622388,1411323.2766899832,884890.4542485793,50881942085648.16,68777.17631888817,-0.8270704560014835,-0.7689683027138825,41420.14458464748,11814.492378774046,43072.15582695173,533307.8236872554,503240.03834937053,47493391554079.04,47191.821208012465,-3.207381408416921,8.338562350293415,1916.9399164246465,929.7161017895696,2130.5000992980317,53288.05877843561,4933.338341988905,116199185231.58841,3922.1478993204746,0.23455904469228905,0.18805812921188592,44786.92318384169,21850.46541177543,49832.833824563204,984035.8140130949,1193284.5362023625,63572769970855.19,68649.2043358679,-1.471802479741875,0.34656509422889936,41190.6516790036,17701.480893147247,44833.159731960215,481632.9325286529,645724.7883641744,51456312615717.36,69606.50765707622,-1.3142604795518913,0.9059586225924736,11001.670611085205,14080.03182024918,17868.521267694352,521770.19193284534,445604.719965732,8173671738727.561,69818.12249256646,1.9475000290492535,3.5141331594788143,19723.309840824328,22370.74587763886,29823.802946623924,1400349.079448969,1259164.560641903,22770156088295.78,71261.48312257651,0.652028535197499,-1.15728196934468,148,18,166,92,1.2577178965384461,1,80011,80011,noise,tse,original,True
2181.176893856199,2332.4005581430333,3193.372043141562,164191.65771384313,101426.4655972249,261059200151.5036,8990.89443780325,0.7646731082062225,-0.12423590014387376,1661.353010309227,1899.7336730816028,2523.703994826582,175503.6587160907,66059.36914491489,163048495449.69336,6644.605045061451,0.7995116187417955,-0.6151823298224324,27822.418255273213,26140.903585391072,38176.35129019105,2454490.825138664,592552.200516142,37310305224501.04,62119.88392888256,-0.05367876266527093,-1.9124782704432528,5342.637167435433,7612.1515822246965,9299.926000438309,582856.2357218302,466630.74443331605,2214108764508.8887,24698.343548416087,1.4337284038125866,0.7378189395449608,10902.898079746543,16840.939070291173,20062.16377429415,1204887.763100813,626365.7195156019,10303754631848.975,60872.94093073845,1.816075005047711,2.178581646273276,28209.32073934547,25606.75524760435,38098.18487652633,2579135.236962584,367978.65089483076,37157675286681.08,58325.5176260933,-0.17993232317464664,-1.9400323435728064,25987.097148602938,23550.96498044207,35071.030348721375,2355103.1853651158,411964.3578855856,31487415544855.96,53176.1790711609,-0.1890586530809584,-1.946892130434559,2337.7918107630794,2390.43999003918,3343.572026508392,211662.4582233619,56611.29552152811,286194531749.10547,8011.662290985611,0.47841552147235017,-0.9848540382334434,20396.046019617643,25115.041063345467,32353.732100762187,1711473.0835718785,1187270.9980299568,26797157909705.977,64558.150266140634,0.5519879625872798,-1.5788145034787755,23017.930969678393,22839.805982239108,32426.561387714315,2137051.4934081817,398469.89779235615,26917936215838.844,61379.788442429264,0.21692399180934469,-1.6233838799652267,8947.59697256782,13986.953626972992,16604.046595532,870912.4254080213,241200.42055902927,7057775701672.903,65561.406534117,2.1741218360302335,4.8418765610394825,9599.104782592749,18115.694556778268,20501.73655819625,1164886.5393867537,703847.3523708304,10760222768683.023,65611.70166449006,1.7647624979959367,1.6053756719229684,88,243,331,317,0.5188043459794316,2,80011,80011,noise,tse,original,True
1503.9976008403687,1972.8444888463603,2480.7507251848265,158246.49429940962,21212.061538784183,157545578508.9291,7484.60160988727,1.232909279957427,0.6443377642292103,2304.259267466156,2472.7643263966174,3379.9665953383887,236690.9884119676,20334.82628227498,292458859151.44666,8247.793874854657,0.4442427427817959,-1.142324742502473,25251.245184914394,25777.338627952395,36084.57523830354,2499199.1318792673,199506.51760362694,33333672195297.0,58473.104903200794,0.09293907010025913,-1.9219818446569057,10224.114728008983,18500.02903704561,21137.256121432154,1364715.9690776668,1042453.202740223,11437660066381.336,59508.72787179616,1.7096921531049685,1.1689847931640598,8807.78902584423,16083.830811749807,18337.57784181909,1075739.5211871814,748681.4511128821,8608429084282.226,59577.161591569515,2.05621332729416,2.838728442836177,13400.773150043442,19702.4860029983,23827.897005763418,1350797.945184411,731296.0469294743,14534878098362.094,61908.74667971811,1.2644407883584299,0.12308800821221899,24481.530891150196,24505.686858398334,34639.19807351518,2495125.6776520945,22973.51430726831,30716775505311.168,51614.29501147071,0.005841921828773725,-1.9923713908018708,2731.002438510775,2893.9657413685027,3979.12201765243,281403.74950452585,20357.306971593076,405335348002.9785,8503.896372087094,0.3176879724375915,-1.5396542149255474,20761.591590366992,24866.17692507718,32393.987717390373,2039614.6792111446,714489.6930949186,26863883270001.62,74011.08113692222,0.4657264039539494,-1.6135128985658889,17387.893752917957,22688.809808826547,28585.32734995118,1868596.9721737774,967037.6276214176,20918296056418.996,59612.91532218704,0.6905196792413164,-1.4007748576610677,9043.354923341889,16014.09582244583,18391.12648208393,1109301.42079844,758071.4955244614,8658778451968.229,58165.075974645864,1.9741844621560463,2.4705153438585317,20131.884638143285,23043.46865745758,30598.925256465125,1802396.1614268378,573404.3386534578,23969132207378.93,60402.7689174062,0.49717479414762106,-1.502431413213119,80,331,411,345,0.27532067418737566,3,80011,80011,noise,tse,original,True
1558.4557750669035,2122.252852099327,2633.0099830959834,161467.73036392673,20057.823974125044,177478184219.7276,9064.763329959522,1.6052505659764011,2.2399437473435864,2135.0775723713195,2298.820679063321,3137.376731368446,222313.6820312935,28707.072174162753,251984198516.0232,6718.928175572783,0.4106575918188576,-1.3643564907931502,26533.887000509167,26596.860908833343,37569.13852565183,2714768.86901324,92733.06714856726,36132868340726.19,56915.93668145395,0.01419433333537595,-1.980975101478805,6354.6197565642215,12382.895279309065,13918.235798722877,702351.7674704049,115759.55420155481,4959162566370.587,66307.41271054608,2.748411392434309,7.946854049300887,5671.089938540461,8416.380413466832,10148.729987303976,601300.2543675709,205553.78432826916,2636716041093.196,36229.51064430326,1.3146558338027585,0.625387393054909,23593.3600818818,24859.795812168784,34273.25615951975,2303919.7247739215,315671.58981949015,30071195847067.09,62769.690962631765,0.21741973294851866,-1.8071718393431222,24351.876483095264,24372.532314065425,34453.36296572646,2465943.569218718,32909.07225368126,30388076022991.137,52118.05123676283,0.005126947735551777,-1.9930274717411287,2687.1287631472505,2830.697817676506,3903.013082828676,270290.8186933684,10895.328200651322,389977884793.13416,8481.601538231003,0.3001115968993585,-1.5322526506307048,15356.480499441333,23326.027000347007,27927.137858195198,1643805.8034245751,821574.7308603352,19966080741136.367,61467.28627359292,0.9619128626160895,-0.9676303782873164,20780.937838696234,23386.930055127345,31285.713590378204,2106502.1183951544,32875.689910879766,25057174396394.89,65526.868727656685,0.3727651262690187,-1.6371466696273589,5555.270309392998,8245.856672184576,9942.594252439063,650511.390666489,318581.25879551395,2530692619997.037,26211.859613193574,1.3349302665391725,0.2690428404267773,17094.446613276807,22373.56336605127,28156.64118301191,2093738.8924007383,944347.8877865239,20295588933347.383,63437.63595855088,0.8250163467973902,-1.0043838390424569,80,411,491,477,0.28219266295433065,4,80011,80011,noise,tse,original,True
1680.7771424429786,1844.0825601930358,2495.1257065260033,146102.60917907412,29152.654844599136,159376698658.99228,7881.914417162835,0.7814736394780378,-0.22651644655595993,1745.1639209407645,1871.516164033149,2558.9392066226765,154704.672611637,75264.63430391144,167633148497.68182,7550.736921599308,0.904183321312753,0.47979298968426054,29227.229990907636,26206.010188309552,39255.39380685404,2621834.7883878425,504212.49718250794,39449240139038.586,57071.089570187476,-0.20329323868005836,-1.9282067924589648,11974.962564461155,17824.13923848636,21473.23142922823,1436270.6825863584,847403.4048166937,11804151501137.797,57589.48772499014,1.4360195523585095,0.5162419289190843,12885.596016999994,18673.783261580105,22688.075414494626,1392063.3816711649,932716.1194537695,13177568409953.164,59125.873678979566,1.4256787212197612,0.5284086282781386,18128.35303927731,23755.776681585015,29882.67239826474,1913754.3165766755,1243733.198657904,22860137207347.54,60608.99657964902,0.7158203227930281,-1.3871764924975811,26814.740054752423,23981.9258222848,35974.47776340213,2425657.55453348,418304.5647688321,33130574088947.57,50198.1446614488,-0.2185595916243059,-1.9420206337021249,2771.097179793607,2692.3155168837984,3863.6177893670274,258367.0877044095,42202.52814383449,382145086011.222,8481.544605302764,0.23429161793267445,-1.4183307916043046,14892.130914221421,22974.543796313646,27378.919369015337,1347465.007567581,1114957.0111236016,19189893780865.1,63392.68810602282,1.0694181463940544,-0.7285464346486212,17326.280066802683,20736.062228526833,27021.92179876593,1870195.9249886763,648963.414592467,18692716997084.7,57094.978437927064,0.513918493160329,-1.5868145621709853,13523.291061853985,18063.65275279106,22564.905315933323,1413186.070881934,816334.7406010291,13034878769076.113,57018.61539771037,1.2374599659887155,0.1129704942033447,21108.925215349238,24068.176866904498,32013.494989516585,1619299.3823342538,1158131.1223071176,26236514852961.375,64544.86520592525,0.44848720231525807,-1.6136210586549162,89,491,580,506,0.44267635202627365,5,80011,80011,noise,tse,original,True
2866.803149000111,1553.624300417117,3260.7221227764144,53471.86035670912,89357.43982598127,272187104306.26627,6726.978635999715,-0.467428438541585,-0.02655525648429835,2649.9950746554605,1378.2956281219097,2987.000625074954,115284.4794052071,50617.79287422767,228407621995.4731,4824.924679524572,-0.7475845404838873,-0.24644314092113895,35117.61064925503,24968.03798319321,43088.85584977686,610460.7197213834,2247476.215143561,47530227160136.945,63396.02253402052,-0.6041768077353205,-1.546052254297283,40722.57958520333,18646.297895015803,44788.5355114776,893840.1411714472,1406520.5491802725,51353930579529.97,58195.74370063642,-1.5385767457582353,0.811163498274162,39025.462335981705,18611.682949269038,43236.34411859123,879853.0520029764,1422184.9151845016,47856165190175.69,61229.58459232488,-1.2915719230156295,0.3316460028391126,12534.814055137907,19124.37115974754,22866.200726239294,580682.5917552591,434881.6418945161,13385296272708.258,68881.78866767311,1.4029013000749513,0.4938748855035686,39112.36919954347,17255.73099425577,42749.709666236515,1182615.1320240851,1041810.9193257384,46784964519616.4,49639.0140887063,-1.8168117943071478,1.3244408586473169,3198.5491492359874,1632.2424883154197,3590.9514339155817,95946.73291227927,124114.1207649645,330110264338.9534,6176.703891363627,-0.7798208169931468,0.033251184424690106,39052.355482008265,23715.467700220255,45689.27529446414,1938643.454360014,720537.2869470731,53440252849493.29,61637.046310082915,-0.9417403373721279,-1.000562465873788,3737.3724348805263,3245.5244967785725,4949.887067014216,270672.86187142046,100609.2560947318,627235378590.5818,12461.851567630743,0.5313945962226415,-0.5429193067729847,39654.44377406892,18493.764298157133,43754.93376690889,767198.6616533143,1316013.8748945796,49011052261032.555,57842.436073713885,-1.4188398424435658,0.5817282157774555,9681.639659090313,17076.382308339624,19630.002018060135,1174198.995697494,954259.8830043956,9864626668263.55,64807.657027791625,1.8389884143723467,1.8859776628666953,134,25,159,92,0.2530968577053467,1,80012,80012,noise,tse,original,True
3357.4253955495687,1781.6299064437226,3800.856536389639,86318.14297491364,118894.23427152228,369830666501.5255,6715.588010516691,-0.6182546673034167,-0.2406056345865082,1984.5684134708124,1340.5944013889255,2394.9332217791357,76602.1322947585,5879.6318629116395,146834051501.60355,5368.720784987688,0.32215536260643657,-0.4353209747531763,38667.02910071125,22703.89528246016,44839.78144987069,1253744.9796417437,1411190.1402015572,51471513612087.47,69461.91844591041,-0.9237482788321978,-0.883989395136779,14930.976752764855,17747.687433508807,23192.983336111178,585967.2298132124,680810.0643005895,13770610586345.75,60793.96305129181,1.2206255911684953,0.14034796397831162,13248.476946899962,16454.043725072057,21124.812338080617,656017.9965018106,557761.1036665586,11424197025769.549,60986.05882980245,1.6706051261097483,1.7868733726836838,30975.08715967318,23687.75097447456,38994.42999683507,1637556.8884542126,1092548.854119848,38926478611918.61,69033.40616627375,-0.3172398715723963,-1.6574840190286766,38550.606100165205,17014.354452509833,42138.31377886087,1158305.1563774494,1009499.6671182922,45456319696018.84,48597.36486278328,-1.8138994409856002,1.3184734353524714,2863.1282076884336,1600.8050283208056,3280.256068107848,88093.52937871801,87790.85736761642,275458044732.37396,5872.84676267238,-0.44035277367077924,-0.6137630825870337,28535.159160191328,25954.24180240525,38573.02134698773,645696.5241343512,1412426.2955791436,38089676181380.4,63177.08903885547,-0.06880760729841144,-1.885305672719213,30839.91969745284,21730.64809893327,37726.93618285232,1915511.9411793007,1073723.0862659852,36437035871872.305,64744.654993574106,-0.35654193848515,-1.4976225178549967,14103.71193267942,16573.654156814926,21762.36895169532,335829.9285425485,532079.4496159798,12124177981176.64,63882.48520749532,1.3538394823284374,0.9094596727838447,26151.615226721602,21405.41331873392,33794.95078132721,1001508.1960259421,276077.25343701465,29237726676795.6,66724.93449796154,0.12542988933302743,-1.4187764450963052,134,203,337,270,0.4686810977354868,2,80012,80012,noise,tse,original,True
2468.7697381822013,2166.8661027563717,3284.833744261466,199179.01483230334,61222.244025174055,276227397822.4333,6708.786910838474,-0.08105022036180926,-1.6201563695944337,1436.0477515239613,1477.3009162152955,2060.255115685331,103087.1605583318,59753.62972135209,108663069227.71393,5389.570957019139,0.706063402718297,-0.42197975570030577,24799.64960100362,25834.858745263322,35811.48624003572,2477583.3026509555,552953.2468826534,32831041196038.855,62403.41870138324,0.15259659683672244,-1.8980395375620143,6697.973928525859,9110.414436449804,11307.630430425515,603067.2302395867,254578.99826601212,3273280152347.78,41156.69152791037,1.5409423647473215,1.8993362410392098,6893.2315426758405,12418.262437859836,14203.16454444226,539177.1087313155,367277.9367769793,5164285006758.442,63543.127027007344,3.001450384288,9.203589989228062,19315.43338692951,23692.389463668555,30568.207101874064,2124505.7770150504,532689.34191423,23921031306830.43,67899.51336684774,0.6463703050670799,-1.3715313442185875,26848.89914877538,22506.919430056674,35034.62298544361,2250848.633904305,591897.3027627114,31422075077943.66,47639.951091554685,-0.35296236552125954,-1.8720629408378104,1890.3563115010816,1873.2961348624851,2661.3315075959067,154727.12997049067,31570.71915309982,181316746069.06113,6691.5200440436365,0.4998218328663107,-0.8155272773342244,22299.391833940128,25751.068344926884,34064.35669535961,1472412.1218966502,1625498.5129780094,29705738164958.484,63345.80424987816,0.38178800073819846,-1.7719617780070887,26274.18664229369,23070.899772883902,34965.68746706603,2071495.0485568212,1006345.6490572715,31298542081140.188,56065.92683217503,-0.11139089394680486,-1.7508909914699622,7347.547901992317,12486.46451818196,14487.865830959672,555911.243772839,375808.12984059146,5373395362198.754,64411.24497186738,2.88349760182869,8.964710543537947,21154.875239222,24569.67231782917,32422.176734336466,2026659.913224117,515918.4670983171,26910657131329.254,63066.774431791964,0.4364098650104944,-1.664275518758643,94,377,471,444,0.4574263907068142,3,80012,80012,noise,tse,original,True
2292.2515307144427,2109.7242351824875,3115.341623093531,188513.8565306051,54269.543565581065,248457047771.62338,6607.827765520837,0.1862374514893324,-1.2961870543770904,1469.0034355668026,1452.9741223514047,2066.1812345314493,132687.80749445604,21423.46464047473,109289085284.60548,4924.807872263407,0.5204726041902824,-0.862432856211826,29961.26546920879,26363.5758546406,39908.84062911114,2391014.2909005005,902848.1379421519,40773518345210.67,64994.14038034839,-0.18782914926087252,-1.8884214626626046,10342.75499623247,18028.733971702964,20784.798039300942,1141499.1887989088,752064.3588392913,11059400436083.926,60931.85865227466,1.6553060214126214,1.100966882085963,10790.747770777034,18150.131500423446,21115.575079433496,1372379.3816977467,874692.2366503137,11414208279940.938,62924.09388725426,1.6956063412569637,1.2990883749320234,18100.21211366174,22501.13495085791,28877.65143906732,1498018.4351732114,499366.42587693414,21348320067488.42,64852.61730300845,0.6915194960493459,-1.2221772996615712,27257.04874219855,22861.9290228564,35575.47617082182,2268099.899436085,628666.5121542057,32399731322386.21,48915.920656316004,-0.3495696048916207,-1.8699513782909543,2125.866445418824,1925.015788542674,2867.9250216657056,175798.6778977143,57550.64057197088,210559844605.34363,5516.46891654542,0.08104957575482265,-1.4945762604729074,18696.496855744845,24743.275827036472,31012.718251222097,1844947.7797647805,631850.9443796163,24621790549239.914,64546.86841781667,0.6703397116742419,-1.43107276288901,22596.11586302975,23964.548356123585,32937.57777992259,1664835.8441085014,1221240.114780811,27773031168216.324,59231.61305904917,0.2655708453213038,-1.806079792130487,11191.1972927455,17780.300204797106,21009.092608150928,1394927.1669624844,820981.972091913,11299378488777.268,57755.50456058887,1.5617593968092323,0.9232888504614785,18907.559743945574,21613.436399087535,28716.483915136152,1456201.4093243193,719204.7579078415,21110693080275.793,68765.29204346107,0.5518749762123617,-1.2504198364715675,94,471,565,498,0.4028010828296981,4,80012,80012,noise,tse,original,True
3451.2244226329785,1867.7501175016585,3924.2120886626135,93344.99249185417,103729.21663534889,394225677230.22833,7026.469099789724,-0.462762622667678,-0.22449037938995708,2027.254977047655,1177.519920822911,2344.422296835466,68990.14641861328,39407.89548225512,140705687191.02167,4861.969937895659,-0.18314599839072784,-0.29766130098900767,38206.40510146817,23605.906847908518,44910.669432659626,822067.5470165838,1796683.3539370066,51634386659574.45,64316.32462272004,-0.9177024643916097,-1.0099152618041807,17770.649251923394,21144.858351136125,27620.66272782926,1096161.5540617288,434260.9090751695,19530265843827.113,60284.12382149532,0.7583222941270957,-1.2023746167446767,19664.25571806122,22068.110977513323,29558.154121344378,729943.8938147753,468313.9600859061,22366322561565.383,63252.467353495435,0.7065469131425024,-1.2071459416499695,24718.438632506633,23343.034169840146,33998.506624311034,1023442.9110548329,640920.2572486147,29591000388693.016,70374.11582152231,0.27568262423440104,-1.5436577877744129,38367.38951941836,16936.6473579056,41939.32047924506,1159817.9378123018,988462.4757939521,45028009017877.086,48355.79056337349,-1.81236442457634,1.315741738195407,2640.0123583543236,1503.418741364821,3038.0805065288414,92078.24451840133,65792.15999258394,236286289002.25385,5475.824775418861,-0.3532645747445167,-0.6242024873852072,30015.451151083085,25941.41356004406,39672.20998755039,881201.1591314405,1156467.540263585,40291436679585.09,65540.93207347515,-0.18294972535865148,-1.8374273001021033,27954.311073347424,23297.645197450045,36389.88567351843,1007552.5023812685,1541247.6449149423,33900128750892.586,60454.725520864944,-0.056894001299111145,-1.8258349229376893,19575.122034481858,22515.174266478734,29834.85335835863,949662.0532317477,218418.61390612865,22787032957817.938,66379.82874471397,0.7481022380158995,-1.197399792563977,27136.88068124068,22279.21698524325,35110.878692841696,604971.4934636394,210081.42639682346,31559009346136.19,64375.21655465228,-0.03758998202054099,-1.6311446343833798,134,599,733,666,0.3464910348699739,5,80012,80012,noise,tse,original,True
3088.2514785660082,1941.2100174420732,3647.6833095380675,138225.36159199028,124614.15637138217,340623194283.0743,6308.769555170813,-0.7516522191526467,-1.0135795791439026,1667.3680421274657,1165.8546077615024,2034.53511995903,113720.85341836217,23728.53821729556,105966928751.27565,4411.66727557462,-0.15284550031787097,-0.9614003589647115,40320.198530466994,24091.49176108252,46969.33451530455,2078913.0251176523,1332610.9297357786,56476630651150.85,57083.08201708821,-1.0692747108506304,-0.841167620546579,34502.11003122981,21447.544698073652,40625.02640224319,1374002.3955990747,1647186.0861884805,42250054916683.68,63202.161726237435,-0.8116311736270759,-0.9737895115170363,34663.948626529,21611.689411499618,40849.16711025778,1367590.3660213647,1637066.4017730614,42717554012205.22,62644.319307160236,-0.7967287314278877,-0.9913413484337625,17546.011490134533,22614.899452277852,28623.350545464975,1076616.42107031,681618.0847557262,20973982629083.39,71703.17138033023,0.8673482819026535,-0.9265746383954836,33867.954666037396,20218.25493157203,39443.83583956816,1723981.4690246934,1167616.0230977817,39828894354913.33,48018.024753284495,-1.0752734669279496,-0.8371839593560684,2379.0769790277436,1564.1115883567097,2847.183227853719,124776.18989179799,84329.44414702606,207525179724.07095,6013.188687834319,-0.4066992718629256,-0.7941967052882952,28791.79352508614,26754.733221355964,39303.72913779456,2125176.0239110687,817000.9390947165,39546447977910.3,68989.54282402557,-0.0840297375312069,-1.8972477374164716,3634.0062516356716,4012.423612681221,5413.459585563465,387693.4637424275,135431.24244845266,750221943923.9417,17667.19251804199,0.529491291813656,-0.5931594191955187,31628.656409311643,21645.010091146134,38325.949017657855,1543284.4575959407,1554710.584026309,37603286223465.19,65908.59565864797,-0.608879743879848,-1.2734225339058716,3850.105236756013,8048.932183034605,8922.3662568394,361748.7357169603,75002.16761599544,2037980662302.3696,53770.8559370568,3.338991299638295,12.344396366186045,118,18,136,80,0.313159013783081,1,80013,80013,noise,tse,original,True
2122.982684227436,2238.227626639217,3084.9178896982903,201669.7481890408,23021.968460860197,243627990686.2221,7017.170607387071,0.4441124316669049,-1.2451665528101163,1327.1659567050096,1433.1635882153262,1953.2862942290237,127357.42198516095,15187.166719369488,97672380088.90758,5178.184577230782,0.6526826262805657,-0.6401802901459113,28849.609101372254,27166.72784098813,39627.40272700572,2761292.9652134106,277349.51971031225,40200474800340.5,58758.39600139097,-0.11095658856534439,-1.9700870196772557,14013.861520998596,20515.16344754725,24844.722699384343,1247607.701151517,554993.6349870842,15801862297838.18,60737.64252567763,1.164367976516658,-0.31541711521369553,11811.378148400307,18964.774583259532,22342.14243886103,1379167.3692416989,1145570.2427270352,12778786016213.89,56480.986056223366,1.5296496708142697,0.6345620593442822,14474.878767353779,21453.715402333015,25880.185855087868,1514520.951567413,371758.8272617746,17146470909283.586,67476.42638933953,1.046055762746545,-0.6175854006090664,24596.005635200236,23122.45795397287,33758.13316876461,2355382.014856978,213451.4460497845,29174055809025.156,48817.77544920808,-0.12045195051532515,-1.9791610907213721,1926.431225959747,1960.802390125569,2748.7966970066955,188320.7559761494,1136.56588234338,193430612005.75793,6180.855870740596,0.34268815901351,-1.2930650361039435,21825.173698987084,26182.334478531477,34085.96259073016,1800088.8144230829,1043916.960262731,29743432850858.383,65847.94246586584,0.43063731816508066,-1.7347617503185617,15938.190945097609,21076.519661486887,26424.337487313373,1813191.498308669,353778.6164199559,17875087658071.93,61522.291114401865,0.8107133732574917,-1.082716047616703,11436.56420837649,19034.08010736413,22205.657081605874,1295710.206247118,1192029.1029343323,12623134884502.352,56483.8282596319,1.4976628714569888,0.4998786704613525,19152.18252999577,22500.238768580148,29547.704484534708,1799244.0343012852,462642.99421147164,22350511111818.043,63398.60212554335,0.6533712231740662,-1.2570435685913393,85,136,221,192,0.38826298074660537,2,80013,80013,noise,tse,original,True
1310.7826768393493,1797.4847175465275,2224.657846886898,166530.11616967697,67785.30791534287,126697024914.31546,6355.319042745413,0.7547737323459215,-1.1053568877526216,866.4811343199308,1224.3228205129003,1499.9186394471594,114623.96737098249,59157.4060672188,57593751679.00205,3712.010732276777,0.9130570702690103,-0.7326929446455277,15243.267708701755,23529.48946953322,28035.58604944837,2079173.0249458922,1229741.3181746425,20121448579482.22,68717.76004068032,0.9258495312792419,-1.0486050534545595,3322.490434771811,6094.768072267273,6941.551738903825,430784.9067098505,251089.15846326615,1233539597923.2947,21817.03001749676,2.0390607784253034,2.9731860466451243,4642.405815525691,8611.458729170508,9783.105498778683,548627.1787286606,120637.48587780086,2450154321925.9824,55275.92387473437,2.993886085079261,11.85629818869117,15588.906025028238,23078.146288113072,27849.862246566117,2095355.2221583156,1122631.0266589855,19855739575109.344,60344.11487810239,0.8962351232441728,-1.0792413531715903,16464.338843261947,22143.68674075678,27593.791258515237,2119087.1761614666,927338.4191988163,19492283290073.902,48108.08104741714,0.603557166513882,-1.6313196665226164,1221.127458994582,1807.3389372021747,2181.19836444044,161407.88739496798,86800.62825913732,121795233408.96382,5117.115346541567,1.0525685389381116,-0.5567297143857712,11115.02697186192,21489.772607170613,24194.09331413596,1649458.442374218,1301704.2953966407,14985066273103.828,62331.66732695724,1.4930545772934476,0.29595474253598786,15403.842876721345,21299.66016709339,26286.001951692535,2015432.2810535457,983225.7169705528,17688419804272.22,54576.669084866706,0.7569705853499066,-1.2588952107716773,4808.3722714223095,9314.925424883793,10482.761066232955,559426.3560061485,169730.843256452,2813139957036.2744,55143.236868300635,2.6004564095524936,8.276107559651875,11872.565910570374,20923.777599353794,24057.478885536973,1621134.1901473494,972086.7343171879,14816314632398.268,65883.86367389634,1.303216596455891,-0.09286547393693789,57,221,278,251,0.2598273502665665,3,80013,80013,noise,tse,original,True
1780.1094450625133,2046.4969507683388,2712.3678596209766,173726.92274583536,15064.791970424803,188337648791.16486,6594.676740737312,0.729221446985151,-0.7202592697573431,1511.7957456899228,1733.4472978123458,2300.0795444895107,157750.3258009378,16238.581697820393,135433367321.06433,5845.30290231131,0.6952780856562998,-0.8010845358157597,23507.211386980205,25479.538089208443,34666.92730011697,2232005.852068471,433890.3063192068,30765973719848.84,62740.34880365594,0.2640644661182296,-1.8221380870763466,9123.22641061152,17495.73689270075,19731.5501052981,1299233.8512757283,978762.4835737027,9966952180681.97,58750.91063295679,1.8228005813929506,1.567164746986509,10739.10370585766,19046.8113484591,21865.71222139714,1323467.8894850821,602089.216439259,12239599896293.277,63765.24924535625,1.5691177445281352,0.7534015637431848,16482.154283455213,22637.69057921221,28002.25784796244,1678500.0568515866,163340.56016879747,20073636981344.617,69035.99602661801,0.8656216392037578,-0.9407724356366582,23425.323732007284,23451.406702648925,33146.85910131442,2382918.4589072242,24799.420830134834,28127085268029.207,49050.853258442476,0.006529137952595943,-1.991636295132796,2091.13196530571,2255.1928932077185,3075.504492257802,203306.1044132634,30492.27798478965,242143433776.58673,6259.353518060926,0.3937503109367703,-1.444716382103707,13042.486220195113,21820.232045097928,25421.034072316917,1652820.8603417596,955624.4043952872,16543461716630.98,64231.9639223968,1.196698685205526,-0.3820935416959612,18452.65319681164,23902.681599431457,30196.665339828534,1510845.3479525787,1002862.875545625,23343068099727.41,59572.268185590816,0.6531491076021602,-1.488285857362034,10736.866045353036,18614.66054385598,21489.203792575554,1330129.3923286798,610519.3153598675,11821718518754.395,60631.677995164006,1.5514338287244656,0.6807466999745948,12672.449680086183,18727.378548274446,22612.069524585455,1287528.4919512263,217755.4336205931,13089425617527.967,66588.93307908597,1.3843490104854215,0.6263292742031639,80,278,358,306,0.39668966452452864,4,80013,80013,noise,tse,original,True
2639.547951661062,1969.4858559278662,3293.3399347498316,154414.4691466581,101820.99469909513,277659850900.94147,7196.455023400209,0.02043911434305314,-0.7009309275464388,1796.7353414093282,1520.0632288655222,2353.476175111695,100467.33005456779,48459.12927870548,141794562734.55035,6068.877346305724,0.5888919464338982,-0.14243935489442938,30364.39767353748,25337.945999367243,39547.542952041644,1612770.4400180546,1688813.4847544308,40038608730715.625,62322.13917218652,-0.26794011619938457,-1.8290829665383832,10351.948805188138,14378.188607675656,17717.08643381101,309640.4320701333,892556.944190492,8035715883600.132,56388.22917173998,1.6602638079329275,1.860212027287357,11881.930312226043,15819.194842987821,19784.51903446249,773473.2383312619,382714.72398332827,10020536151680.219,61977.11828633715,1.7542281412775567,2.18637265671662,26613.232925148914,22482.61578526727,34838.65926347022,1600517.716976356,1307768.5544861108,31071543789470.184,68829.75686581028,-0.015077877776332719,-1.637538373249398,32992.73791180336,20979.49707516112,39098.08246504732,1839448.8643042613,1174592.409273071,39133697342557.195,48363.311396753415,-0.9322800455458211,-1.1212769587237397,2567.0146616652573,1916.5252532769503,3203.534504208231,129397.23328380902,126866.09546885094,262723412983.10846,6434.386534293857,-0.185893134933225,-1.3443790640784217,23433.301705169135,25625.428070008587,34724.37461750271,1135505.5020301407,664396.2576263628,30868024129962.67,62668.55225556539,0.29210380102284395,-1.8095922162181068,27683.024025732855,22368.518939171405,35590.73557460385,2102592.814505806,701517.8907703403,32427531743779.13,59967.44932774672,-0.1506893167326862,-1.662771081812873,12026.650134808393,16232.05361499713,20201.977082088477,546253.0776494303,680834.1877419036,10447868877445.838,66305.99858600125,1.5187501637208403,1.384019194283133,22129.03060892362,22515.491230555395,31569.626875271988,1348347.7618740546,534267.9784771485,25514018330723.72,68628.93501812377,0.35984876103982666,-1.474909857793628,114,358,472,410,0.47166143724524046,5,80013,80013,noise,tse,original,True
2938.7074550586294,1732.4061787687194,3411.338839026872,108463.30391895243,73350.81472489025,297913156471.122,7179.072320288048,-0.18799469002476293,-0.3074348238541251,2458.1324439613004,1466.920334615603,2862.5636028154745,64019.74717271848,69288.63651588402,209773321732.1961,5572.797493016199,-0.19671830366077928,-0.5595600776962617,35031.71888770531,24943.26146293098,43004.50698049388,848244.9477701369,1750340.2211277636,47344323088264.89,66281.63353862878,-0.6128703513739522,-1.4932693379789,31290.108477164,21030.18685141868,37700.65844939944,1396571.5030168842,490310.05611646123,36386294976467.81,58138.444060745656,-0.5986316957852206,-1.4368621610892816,29619.739371258765,21133.05062733331,36385.914709386234,1970341.0428115989,482627.29416216415,33892730604511.465,58953.851811956614,-0.45357746057139464,-1.5438020701445037,14997.991047241736,20032.60705650262,25024.88922919304,280603.77607567405,542526.7714868053,16031874071894.574,67270.48015532873,1.0473786469354294,-0.4728971370988435,38393.401988943835,17713.568731488638,42282.66587491627,1237664.8307192577,1067087.3441227,45768290137339.09,49193.94765991394,-1.697082944949913,0.903333990452305,3101.1361389127273,1771.8898101489742,3571.6437184271763,107206.99171132452,102067.68490210791,326569954595.3359,6789.517805798701,-0.36466450067278267,-0.38270594789561363,28914.857189837523,25926.962679395714,38836.53383204373,774942.4079998322,1254661.2201007537,38611874818239.41,66527.9911483905,-0.12800917750242083,-1.8759157330584335,11408.668015004998,17374.795347977415,20785.601248477167,1135797.977043892,1160007.8817523057,11060255213073.809,59467.482978768225,1.7148344431031495,1.2602667266661216,30681.0829331522,19922.098526640955,36581.67382250507,1672875.7521196909,223729.2318705166,34258402807197.51,56044.79354107177,-0.6521569183187371,-1.2622415545469785,17442.641852136367,20627.567404513393,27013.742647209077,1200224.2855335586,459521.6302046259,18681402670326.85,64426.53103643587,0.8395892710731973,-0.8461247145121638,132,68,200,134,0.3446783288234516,1,80014,80014,noise,tse,original,True
3311.1933838553487,1902.739568684207,3818.955287971306,97134.46554851091,106770.02602335838,373361138983.0144,6955.437123966785,-0.32137468146930914,-0.38883502015077465,2079.233212621721,1301.8453344918498,2453.163677255849,73748.20302272265,44445.07190477214,154061107901.63046,5458.328278128499,0.07463465396137778,-0.2808627872529743,44320.804113439124,20562.45859563971,48858.45250065989,1444635.3847540354,1316770.1216156592,61110998547436.53,58783.78921371584,-1.6551609441132715,0.8296475849730864,16267.104109368509,21121.886686726375,26659.9469862928,1187329.7231731995,440441.125558485,18195270996785.734,61010.84762212493,1.0844161411916275,-0.6216424674084666,10036.183827115305,15322.768900453062,18316.993000717728,906433.0942365432,800098.3446584893,8589113154261.564,58947.43000303169,2.0910678704121737,3.093148679355636,23176.740017878346,21424.255914629182,31562.002777894926,1341568.5545451492,867764.906631901,25501696495407.28,63390.399165804,0.293615879066585,-1.4300019525395202,38012.27117497449,17545.76089301923,41866.29294784528,1241513.0622452442,1035499.3844970914,44871334020986.875,48686.62712560228,-1.6934407103053641,0.8974373164160121,2898.541590749225,1662.3408172456175,3341.3949700662256,100361.09451521038,64661.27813773946,285821960857.1872,6383.185277621947,-0.41261643875087217,-0.5552490599739466,27447.041859014913,25811.333466198408,37677.11562890412,790599.5102973,1312109.209784417,36340865078113.555,63048.47390713502,0.03862571838482022,-1.8659951153382504,29297.7055247616,23310.240018569402,37439.58919030712,1198773.4491194393,1764353.8139116077,35884104671717.4,62176.96397719257,-0.2358389645070504,-1.7819563995116827,13418.531070132007,18756.481908843678,23062.146250444213,1163343.668130759,829893.1321635592,13615682295728.082,63574.49176024045,1.3681443986609385,0.22707590727312787,30321.022244748863,23501.136293755088,38362.32262343103,880673.0287054831,241762.52310864656,37674695604843.73,67571.01385244959,-0.11961665656263845,-1.6067693252907755,132,412,544,478,0.38525263207994365,2,80014,80014,noise,tse,original,True
1850.0966534912811,2028.6568196531662,2745.597588719974,203409.24377216585,33922.76903935289,192980636651.13437,6657.155782243649,0.4458993770316016,-1.3005116880502998,1229.3791820805643,1416.8496725641805,1875.8561160116471,117255.95164585118,25635.038026200902,90082205900.2445,5443.475062526647,0.8241669702376239,-0.173288764867495,21460.03997096704,24994.36151766454,32943.15442138493,2120184.6163837095,601711.2848988278,27782436434719.055,60210.582162367566,0.36656487818072647,-1.8044734005378185,4468.690627330024,6299.88041607796,7723.839018238909,454796.3862135532,256408.60367712853,1527236842999.5469,24577.20619913311,1.6442860496861946,2.1585988831717033,4938.671522324958,7201.071349026909,8731.890114929283,437550.2315211097,238483.49573058207,1951895167467.514,29529.483893068948,1.5438011315494458,1.5875338362167195,23835.718977681994,25064.181905363923,34588.36095810558,2547530.4206630485,359465.79005802906,30626680672465.96,58207.80847666863,0.1907542983466548,-1.8468704730736936,22879.909061082148,23191.0999642328,32577.866047278596,2340274.9324188842,32702.689220095024,27169724318577.344,49966.99482438471,0.03108733174948834,-1.990824568217111,1811.815477831568,2062.9843345025906,2745.647408192306,169180.01889680696,52012.43650927186,192987640066.89612,6601.82207561273,0.5936269946502009,-1.1001747765942054,12943.327535818466,22233.96320757245,25727.006192232355,1511481.0705072803,1080541.5667585942,16944098498948.146,63154.15509609782,1.2601905586815756,-0.26936063512670616,21964.44680794343,22966.94527835225,31779.199156017174,2392369.7967279907,420441.37209214445,25853887974343.758,55392.12821933526,0.18810126282029696,-1.8102638922370884,4872.111981403012,6711.764404397079,8293.687755122111,495879.4262905751,277871.7061380168,1760902568434.2393,25442.78974883596,1.3880950822408609,1.058086182331027,17009.830508508614,23327.663896329475,28870.64662920289,2110487.802353698,976490.4677954945,21337964461780.586,67740.38845633912,0.8946480205490179,-0.9498983599941591,79,560,639,626,0.386739471518227,3,80014,80014,noise,tse,original,True
1061.7264132110663,1741.4272710057758,2039.5666002150213,140562.74409655365,68206.79652170188,106491697067.84412,6070.508420724798,1.4957604332830818,1.0450978018207548,1092.3544741827761,1659.035141314535,1986.3624788501386,149156.64854624457,86165.99594750706,101008278973.02191,5638.40943256556,1.0998918782419238,-0.2942146264767094,17415.3178412801,24964.255128367364,30438.582910954072,2308192.485750296,1161617.5433380082,23718587638451.848,60468.55769205818,0.7657473063614542,-1.3617964679214654,9611.139400051004,19112.91253614509,21393.396789232535,1428267.8882679914,1147599.9417825467,11716542110247.545,60010.688618608074,1.7224371002946774,1.1479180751718907,7011.658123994537,15553.280481133714,17060.711690096447,1056368.3800182377,889333.5803210605,7451337814338.395,59316.42327051151,2.311132820797637,3.8815346486362046,9408.520354098064,18387.10076994384,20654.436084714274,1206696.0405750235,546544.5794598092,10921106687425.205,64181.38591445019,1.7622811159005933,1.517889971621937,15541.354323703887,22097.74731899222,27015.627529060606,2058252.5391134187,1033774.3413573512,18684009748196.797,48859.470436013195,0.7214813532770818,-1.4734227650327119,1379.8839708762505,2055.9151272995286,2476.058719768222,181278.11687057198,85861.36293580686,156950189663.7503,6675.656944583794,1.0213424044872934,-0.5180483846407493,12291.204039153576,21814.772873871087,25039.12962286603,1795063.911375178,1339021.9667303145,16050125114129.59,62827.98616582224,1.3298767690085298,-0.11425724601395748,10019.327626220465,19476.945207256354,21902.929500137896,1226372.3860785603,503052.1918481273,12281301009613.08,59817.28488556887,1.678707495560267,1.0045421158749654,10437.595912220486,19665.980528773744,22264.19094835718,1546970.0746235547,1221588.2771093806,12689771483773.69,60042.060869613786,1.5899118459814217,0.7456821725337721,9933.241797125349,18553.330975466008,21045.079778545496,1356033.9899661562,757405.2307681108,11338121801864.82,62795.62096035506,1.6438457729177844,1.1089697368108906,53,639,692,653,0.3087585345454857,4,80014,80014,noise,tse,original,True
2996.2620793849915,2286.2497607851283,3768.889016281924,234983.6940663352,60259.80742951499,363635825076.4934,5927.837651858448,-0.40283829235450047,-1.6277825140796147,1414.844110414296,1355.8259718587753,1959.6040219240242,105209.46125912393,64959.94523358704,98305226822.16481,5957.032145388857,0.8446532113667887,0.5301177161657598,36100.15924571721,26143.724996122473,44572.59084054931,2507565.9681629348,1122170.2163580277,50859925868518.914,56443.11713780093,-0.6540728624073207,-1.5669423024235958,17092.13550819577,22586.575116825974,28324.803119148928,1106639.6065175936,1583490.3435537298,20538738476506.85,66227.12250503598,0.787731120572248,-1.0879793238744924,20447.767310537874,23098.19168824691,30848.624722228702,1466013.262078419,810796.1048849466,24361923769674.242,80548.52505301405,0.556367321011423,-1.198171238466997,19508.34532207201,23853.74459015861,30815.201900648488,1586163.888234223,967606.8690574302,24309162705349.89,64722.545295293894,0.768148079748901,-1.1901567517581082,29867.96030684257,21630.220934325505,36877.65597972377,2015841.4948311544,1005136.7864326009,34815014670306.72,47953.84394344787,-0.6539878638116747,-1.5665763777526645,1869.265204377623,1539.2857656133297,2421.4774565369657,106354.33595316896,104083.60386469844,150106958656.4283,5029.0570021787435,0.06104326544452415,-1.1304383242841156,32068.541840823145,27488.79971934646,42237.72585979229,2787078.8729828284,589089.8864898167,45671052436658.336,64841.573138341366,-0.28089710746508073,-1.893456536007271,22804.19840617382,25904.816861828363,34512.18627663289,2327962.9630682226,1006304.2150383258,30491929640780.996,64813.47367406125,0.41771753123353617,-1.6920724449803846,20060.473732064005,23354.563531512835,30787.306541857462,1194850.1510630427,1480977.3219203756,24265171049018.863,72097.8693861088,0.514402389727187,-1.425684140667516,15589.71028085351,21568.85076149896,26613.04923928793,1124702.6975596684,1529757.1568511329,18131312379206.758,62064.05089883217,0.9105773874402723,-0.8945725949600698,105,692,797,731,0.508815174804358,5,80014,80014,noise,tse,original,True
2610.068391785967,1892.759921650458,3224.127344074119,133598.01448598318,125166.02354877538,266111926548.64468,5936.86146208364,-0.30104342748739843,-1.371942558120276,1917.361462284071,1610.5665061715545,2504.0366306932806,148442.32833397688,52151.32291055719,160517105865.05624,5770.6487390431,0.47128990665785186,-0.6351088450262004,37998.873875051664,24583.701535304237,45257.84790452375,2170713.219331034,1342623.7994734843,52435783601894.49,59964.834086519535,-0.8855296689119107,-1.188045165346801,29110.552103503585,22031.58689989723,36507.7397971789,1542690.9389592258,1396293.7914519662,34120065666522.125,68658.60639750553,-0.3027804154025813,-1.5021693976466048,27616.85524708736,21590.316863493998,35054.70690227847,1549576.084895072,1308276.6657437852,31458111385719.035,70774.28116969428,-0.21672351925529895,-1.4471719395296108,11017.004989147868,17445.665644441593,20633.120188390287,708552.9772072581,250240.73571127685,10898576606939.105,73228.04556876142,1.557541955104372,1.3799058733590597,32887.213364322924,21234.940553020813,39147.04973763449,1901532.1974705535,1145364.5856406894,39231782480917.21,48955.5730442441,-0.8978077983700787,-1.1823856332982274,2662.245343630838,1983.24859856129,3319.762833905368,167181.12003914616,104504.32830588464,282133126998.51263,6351.660541522369,-0.06297646765791831,-1.0727460133124729,29725.62520581229,26605.399555394353,39893.10816893816,2222909.519663557,888806.7025184297,40741378032092.18,66533.09202155433,-0.14083459195056686,-1.8784472991391838,9380.618728149002,14222.771507876023,17037.700463623307,692575.03539192,322180.9289265768,7431250869456.635,70188.72202702436,2.216675280714608,4.726632491789651,27272.264493446575,21212.957422365766,34550.91855802982,1452846.048847552,1332253.0672703052,30560408914012.41,72798.93867603362,-0.1910159694369733,-1.3504577582842638,7890.109758392464,13767.277446952157,15867.94757682409,719077.2401918272,651400.6509448654,6445869063701.44,62798.70535913569,2.213946849352599,4.230559654875205,113,57,170,119,0.45229349364437815,1,80015,80015,noise,tse,original,True
2376.134405989245,1800.0605729239126,2980.978493971573,146533.11939227913,69564.09994926958,227487559206.9383,6477.584005991111,0.002104336847151161,-0.9744819010271413,1921.7436586389936,1482.3700398786189,2427.039271344599,105957.56565884278,65849.36286404227,150797302391.0124,5199.916629543877,0.16311453637521373,-0.7159296094127359,35641.56519788181,24681.637946529536,43353.251567540196,2311976.3899705084,1020410.3791442637,48115313189847.734,62836.31613252367,-0.6762011763470229,-1.4540044383282635,15552.4974563752,18891.993622212427,24470.13690505781,963040.1580535334,752327.2609336575,15328962563898.168,59192.39953560948,1.0559243687709186,-0.3360972878945421,12955.377700229548,16664.89534185713,21108.305192759,840289.1678363852,1315115.1479428965,11406350031632.805,55574.82202183951,1.3992314025273351,0.6561934561241727,25161.264459809645,23314.18206374462,34302.191103746,1778421.4916561006,1026795.9703047159,30121992051658.53,65728.88318756274,0.02977759718082051,-1.743034259882868,33232.22521948124,21458.734508135745,39558.28711823834,1920956.9254351687,1164167.4079735233,40060366841061.92,49968.4876255474,-0.8975695971449795,-1.1826732448263202,2973.197638304081,2154.752781207598,3671.901924689553,179589.62527138653,112115.85751685502,345161311860.19434,6798.968268513438,-0.2627959233616779,-1.2732296568514725,21126.39259939637,25185.936462868394,32873.33052453727,1361350.958899723,929513.4194231019,27664790010252.125,62364.14010091734,0.47994394590104195,-1.6581281659652105,22143.99106238661,21085.98035130441,30577.359394601976,1539873.6792101706,912366.9359563519,23935357633194.332,59076.975994811415,0.19539468801826118,-1.648184257304736,14477.951174738522,17500.96904640392,22713.32181300878,808606.745859301,1493855.1995560986,13206911687201.295,56456.32837964441,1.1087801427085473,-0.08554057738242005,22325.882343658428,21757.37516242711,31174.162320445426,1181054.185277417,660772.6427178914,24878806947365.867,65180.871491057675,0.352882184070435,-1.4094812371307912,113,170,283,221,0.35563176790594964,2,80015,80015,noise,tse,original,True
2741.2846382001435,1813.7610654957748,3287.0002540828104,118475.14090858257,86774.09012916833,276591889160.71576,6424.245840560807,-0.07981372248823268,-0.6437889415906999,2269.4662273353756,1516.4994465285608,2729.514156097618,95654.09161750397,74794.31116163672,190726336725.4347,5125.151360355476,-0.09024894346246415,-0.8672441789220016,36146.71981222137,24636.856309730567,43744.25724606085,1397293.57088458,1169346.2771078697,48987137075444.39,71142.26368400492,-0.7158852255881146,-1.3523691709213521,11329.867542481816,17260.835930200523,20647.09072822329,1145730.3943831257,638874.3142084876,10913340301810.795,60066.32953510159,1.6939327968259055,1.3225750936705731,10597.044930423897,15163.27286560481,18499.24877540193,982158.0849434156,584762.2799795798,8760888454507.7705,56983.28710538888,1.7564449574931207,1.9124194668079255,27698.465655144973,23416.417096692116,36270.285211113245,810950.0095399645,1517647.842099145,33677659885964.805,68719.68118957712,0.024136247329794597,-1.6306928271034418,36137.66400763027,19507.296717520705,41066.5969512178,1542500.8825759287,1177419.490720806,43173513859936.53,49591.18119117701,-1.3040137677635641,-0.2789179702439455,3050.811411615602,1984.2082596528332,3639.30387394602,127509.31438560056,98558.79629584224,339060036785.1138,6340.968469221925,-0.3490922483522381,-1.0974242350860548,25791.442834494832,25577.25486732683,36323.470236655645,910551.3609567148,1099400.0690468082,33776498944850.133,62554.97445093867,0.11573569677245188,-1.8595138832956213,32258.05387078044,23103.93703932903,39678.38134611155,915860.225680339,2029077.045670347,40303973023934.8,59095.8348844577,-0.5060863375892661,-1.583237912023686,11280.28944045624,16104.785352372028,19662.376283309328,1090202.5895371675,596082.0111334249,9897191452324.994,61051.81658326896,1.811917630777796,2.1731007049871813,26869.25885029535,22300.796036915443,34918.226974522615,487559.5736860671,1063216.3872531555,31213633921133.53,65289.10063074426,-0.013223589719178218,-1.6157250955422573,124,435,559,497,0.3479223050770522,3,80015,80015,noise,tse,original,True
1278.5232981142813,1546.6360345665983,2006.6651059010594,146046.81922931838,28323.06228627991,103083644089.36731,5037.362816728129,0.6830575083396706,-0.9676761648044057,1603.8702876325076,1863.8124209311773,2458.9015108311514,173738.94252453116,31439.82596351063,154782633983.17358,6536.102621444616,0.6242385406345053,-0.8802127350452262,20768.63145286463,25385.530999453033,32798.79931566259,2216006.4945422313,461226.99378643464,27539487655657.18,69338.38728880449,0.423974998923972,-1.7493989867077349,5233.40667040858,9981.630824925922,11270.38150654131,537848.2280486987,55292.86175413638,3251750382156.501,54814.09624570017,2.44637210011144,6.186329587568206,7548.976632072171,13486.925844540512,15455.879687928034,812208.8400837332,325287.8943591114,6115435953349.286,64384.03855648955,2.472590841524327,6.107253144675864,23164.955296560744,25712.565432460375,34608.54193707406,2626249.682092682,535604.9929841802,30662430080261.473,61860.836291282154,0.2678346095357868,-1.8577112259775435,21897.884436780096,23627.608754501944,32214.612185503534,2380262.6160930763,245910.24325076106,26567199699517.258,51597.62481356595,0.155888575130909,-1.9679993721579967,2094.312411968554,2445.6814231119397,3219.860571869594,213667.09577766454,15964.893857729025,265408053818.3779,7971.5655702414215,0.591361854423516,-1.117574550241329,16203.985867674473,23626.30028142676,28649.10509925119,1917966.6757176016,1040531.297824281,21011743308491.27,62464.704591597154,0.8927360261574626,-1.0650051245779937,19470.019622791693,22927.034068009543,30078.739256617184,2187588.3458981505,388389.7184350914,23161102214849.633,62783.76944510868,0.4946823906900612,-1.5144478854188104,5877.8537976632015,8516.391884318564,10347.85465659384,573714.8398809679,182430.80368656392,2741199257446.1646,31326.812544568285,1.1793150207210665,0.006895108809534367,12173.321907869697,19727.580482252673,23181.181979277437,1515037.8721851308,892832.9118943538,13756600267683.25,62396.43116752717,1.3971022034058729,0.3418004529549421,74,567,641,629,0.29506782113312563,4,80015,80015,noise,tse,original,True
1324.3014272397613,1677.2446795547655,2137.036262042373,147200.1850414833,23678.733452654124,116913254023.27133,5449.983365003118,0.9410061129145992,-0.3976364485266637,1782.5564498717226,2062.487693142322,2726.052637302299,195565.20962598725,29317.72418239735,190242892322.3761,7540.899435366895,0.6686285533243251,-0.6754565441426874,23441.139479232905,25929.38036483121,34954.538849610726,2485768.7374845035,256682.27398647415,31278586526437.016,64403.45788701864,0.2809056395560451,-1.8243393821204936,13957.21427906066,21565.587795829415,25688.09855577562,1400017.3967401714,489878.9371036672,16892887229727.785,60841.14012697303,1.0843118199277186,-0.6734902162879659,12850.895187428945,20248.752439260184,23982.4411281406,1333371.8677051251,278772.7071217057,14724031551097.078,65252.51134048118,1.2134197787577028,-0.2389416854095261,8234.78334163795,15114.441182436698,17212.146552393064,910185.2663859006,354798.4475334306,7584204516891.041,63370.47110828947,1.7157334655018408,1.7448090675083554,22270.24615923038,23722.395552963077,32537.91503406384,2409870.012440343,241048.97045365057,27103127417957.32,49039.071769698334,0.1287362914163162,-1.9788533992408732,2112.1559411851513,2386.852555079855,3187.2037649913386,231722.92942073467,27520.580327839347,260051656693.11902,7623.700545355214,0.4863615390809631,-1.2671507645715028,19600.359877281942,25014.66974210547,31779.046707312835,2021136.6159029196,614717.259829405,25853639926414.61,66947.59184663398,0.5738402605978961,-1.556349834185326,12561.615054107893,20782.64854718538,24283.999946537162,1473081.3847459569,603809.8568597779,15096643927127.469,61090.18125197517,1.3161946853117257,-0.07156961621372693,13912.352759957235,20947.404662641242,25146.51708324502,1474346.1677380092,239038.89745254425,16188091428299.105,59488.71477812456,1.1702913855444121,-0.3697067371385456,17627.913540721165,22794.9837727808,28815.87446183927,1862572.751260722,20961.97131787102,21257078297612.305,63028.38531505914,0.7544022729323356,-1.1721146317083309,75,641,716,654,0.31029702200333253,5,80015,80015,noise,tse,original,True
4189.468134522913,2569.6894030885537,4914.768242606003,145915.00870089608,136040.52752709857,618366640090.3297,7779.254914717283,-0.6033157341253053,-1.114920196487439,4978.824337597008,3017.17381144009,5821.686146906942,207252.16022995397,134843.5137924173,867635957583.0579,9683.519588688634,-0.5588373108761869,-0.9441573617996788,42079.30747164233,21539.665163168385,47271.82345366448,1629279.4622323092,1333371.2708632285,57206407491441.25,56617.76775607887,-1.4213645199851779,0.0695632877129162,21340.48891592282,21828.405820513002,30526.96787818323,282621.7289076091,1195400.2569755837,23856531656592.14,66304.61107621618,0.39692005607068576,-1.4317061492746366,18595.157333722083,19495.315255145364,26941.55142458173,1697512.342156612,268436.4151675272,18581688144982.57,65675.43133295148,0.6692750037729565,-0.9578745245511757,18235.947201120027,18208.057620162963,25769.81048865536,1196701.981340373,834497.3753428845,17000528195103.025,69036.30179158058,0.5541506288498975,-0.9484169230986184,40426.951115570344,20665.273093533462,45402.55376662234,1583464.664850344,1193586.2110330022,52771632346394.414,54763.31486531869,-1.43136865034196,0.08246571968540062,5115.927867605134,3099.9470200784076,5981.838302213779,213336.79981291495,127636.0082689805,916029170530.0942,9564.861655751349,-0.5656891873360003,-1.0073719051683505,34863.721556825665,24235.637738220947,42459.92483943124,1386846.3685826987,928928.8727822346,46152837564675.84,68008.70539741269,-0.5829668579790631,-1.4979904234040902,23255.51205039691,22448.991079265434,32322.99554810932,1407759.3442666966,791457.8485685434,26746266654799.227,66283.1230796754,0.4385554281457233,-1.440720570937372,20154.165132713497,20031.329728841716,28415.56867110462,1747759.4686314971,446871.0395685127,20670580298297.914,61682.564059902885,0.5170233748038974,-1.2533021944117784,22718.98685128247,22453.02735228966,31941.991184511546,2136030.35854141,507796.386295316,26119444501284.176,63714.91920128821,0.35184095678158966,-1.6161224638034208,127,117,244,182,0.2919670959269266,1,80016,80016,noise,gucheng,original,True
2390.2477659270257,2585.7874152549784,3521.303869223751,146150.4021504661,130343.78879113556,317429272048.9,7670.69900469568,0.6784285182479917,-0.9717111166948329,3428.886117053347,3046.226845158025,4586.584567614838,260833.60305393796,100441.55208776396,538541004694.5945,9389.775814053439,0.0796425663765376,-1.4518499588408584,30496.271676778095,25406.303532872676,39692.6044167968,2288310.9904492004,1036209.5808371122,40332872841940.91,62903.26408568624,-0.2962028558183075,-1.8223801238549358,12231.400488848714,17802.366496115395,21599.338202376028,952903.0306725644,967555.0332352585,11943204115983.88,65569.0566510222,1.5235997597527944,1.094076644023036,11785.834828645995,15036.131617872688,19104.741731782604,565501.4386172873,941685.9755308004,9343773609935.766,59741.43223392795,1.031642340683814,0.04909241490773786,26421.47432124272,23078.91165843652,35081.76832267731,2129051.127946055,706204.3856620347,31506699997337.723,59679.01563446684,-0.05057095643259067,-1.68440785826378,29215.070716598966,23568.163555243045,37536.36490581587,2288850.7190573746,811706.0816326148,36069854472769.66,50816.04375925664,-0.42879520492172374,-1.80776735582037,3080.920520152916,2766.866809692405,4140.968871420882,218041.8237434867,127958.68367019562,438979153768.3646,8032.58741019304,0.08248180900864796,-1.5548342868519989,26611.466003630067,26156.830363446952,37314.2050367484,2007782.1193032106,1137896.325961577,35644157376627.17,64540.744328265995,0.02207853199976109,-1.925827482155309,20252.790057572987,22495.341390740417,30269.058284031336,2278684.5249998183,607076.1282449982,23455126768693.402,60491.991617362175,0.4288288231427912,-1.550521474421207,10427.678802316144,14323.054093111396,17716.838424461304,375437.9913326988,1100017.939359725,8035490912216.796,52435.45384911479,1.433211441837789,1.069944683948532,20452.719493734687,22390.79723667035,30325.921842263586,1855234.6239876426,810499.1427499526,23543335310926.836,68983.47802535212,0.4372963691469491,-1.4562581903384004,97,244,341,306,0.29109614413026186,2,80016,80016,noise,gucheng,original,True
3352.0525595777085,2787.7533149567994,4359.79642956229,227600.89991320707,130199.10698240329,486600317624.9367,7979.385409702864,-0.1299236717434394,-1.6022467273966956,4144.923649847345,3490.0883870691446,5418.589208698029,329175.0020489198,98944.70761617589,751644390723.0396,10097.231850836864,-0.06141855523080515,-1.5512896049160032,34313.07690500737,26267.987606648334,43213.35927224336,2502884.1686445647,1037613.3244387459,47805297141554.7,58741.22020083777,-0.5340698998815478,-1.7010402625050198,25435.66554685482,23749.551881318454,34799.63069308199,2321274.977795674,193573.97396998547,31001965987197.285,59877.20088143622,0.025413050930975532,-1.797532903225601,25226.872801763624,21416.46224051224,33091.69029009621,2122598.719474945,298355.8840508801,28033535136144.58,58143.93810674217,-0.05340727627598406,-1.6265091600919854,13042.641336207638,19194.68183530809,23206.600435730747,1581642.6423212353,1165754.6743812945,13786785376861.66,59065.20985731928,1.3867498925577064,0.35196049847699395,31534.51904397908,24122.37401528575,39702.83137848499,2355997.8218242326,902311.7976695921,40353659378391.36,52576.805018504616,-0.5388333886191952,-1.7024883368930486,3582.7208827161658,3085.957561259049,4728.532858439539,295041.9561168979,77457.65584658236,572390988629.5654,9310.549667389623,0.03875793801540759,-1.4911822362696814,33072.00632166859,25509.55889977503,41767.154528427935,2485437.9793251473,886108.9357012914,44659077053480.39,59133.02098586647,-0.4951383673184,-1.7046021173771775,10154.919219897247,16780.319553564022,19613.809132403672,705299.1564660268,923816.8506273199,9848358622268.457,65215.0239773315,1.8039008055350676,2.0281286720790757,22517.97539385811,21047.795223528996,30823.18769384519,1913830.4572860836,89798.17903302216,24321763830016.24,64445.19985766242,0.1729249739402656,-1.506646021896407,8188.664326821599,12743.377801577217,15147.53779500456,938021.6660049738,393160.0501588535,5873866272027.945,60868.83805303505,1.8537211074472015,2.6952648499565868,101,341,442,377,0.2807126622339846,3,80016,80016,noise,gucheng,original,True
2764.541738899664,2806.3157413976146,3939.3018501422835,260042.0426455445,28846.718740509747,397263336103.281,7939.1936919850905,0.3561536653112808,-1.443042450931094,3355.3730803936937,3148.579675768112,4601.313125977268,294401.3286488477,64904.9554323357,542005311572.2417,9122.95091439608,0.13559058517284536,-1.5162479884070332,29901.972192487672,26337.360541013943,39847.01370576802,2618913.0543284793,543464.795412835,40647283232452.21,59063.351563842705,-0.22143783952061807,-1.9020192933072733,8367.206190996181,16698.855224421004,18677.845305302682,1049922.1109291709,873112.4336168765,8930864774369.725,66628.25976430831,2.237822271922778,3.5795880610434088,11353.315219474322,17491.106639088608,20852.735502391926,1144191.4323326964,1138359.3512522415,11131816395077.549,62481.85621618881,1.557010250903669,1.0072157140768967,23438.604318767928,22950.816660295648,32804.087516440246,2353987.8240764965,201676.20907371514,27548368839328.53,58675.44553321879,0.22068390618613404,-1.6390433567353342,27444.835479822,23921.978167667494,36407.1426229642,2406411.8751714774,508550.3793003128,33932288869602.727,51348.31979300923,-0.27157671142115236,-1.9180168232530705,2865.105579355064,2751.8471738901603,3972.592711227616,254878.72916642463,54771.26309875561,404006216942.04877,8433.147698407123,0.26927358291865183,-1.31218619954444,30437.41994984351,26674.928898955168,40472.06894844202,2618573.188501226,667257.5428119814,41932502143166.58,58686.44254411289,-0.2437101328469492,-1.9059892844180872,21518.085223254748,23641.661808421275,31968.049123132605,2004988.5261823174,825308.912633022,26162077817318.89,63582.19475798809,0.27482428794579444,-1.793596075657719,11485.501464655315,16779.356127052626,20333.802790748658,1190843.1280196926,986051.7425259528,10584666519886.283,59523.37984417866,1.4951890628908033,0.9773041554243243,15431.625641311364,19802.90000981935,25105.575451132,1417102.4071017685,716277.6455720575,16135421919551.53,66782.23386639106,0.9377774755448868,-0.5808298335525031,91,608,699,673,0.2637339059935383,4,80016,80016,noise,gucheng,original,True
3229.7131945628716,3281.170195937405,4604.033576532802,288184.2443009204,114638.46531899039,542646404450.34033,7834.559325668192,0.20713178782198804,-1.754113352133824,3413.4219644134732,3305.981457420553,4751.943066151873,332821.5661608515,28615.409470139515,578072650341.0908,10062.170518010258,0.12239556259822179,-1.570916177171806,28853.85864901593,26771.59489576288,39360.684092127114,2728546.7729367577,292596.1956993985,39661144376325.84,55017.62565750951,-0.1489990835053262,-1.9759263676436807,13138.155719747243,21078.872731124942,24838.07583794062,1506378.29163473,1099752.7945460987,15793408290081.02,64652.80509685789,1.285874454622212,-0.05242917180963591,12617.332926412511,20192.251623105592,23810.16832756005,1155580.8113665965,1053266.9140977988,14513257364140.639,62614.8853456207,1.2777575563764927,-0.01808784758160087,14306.148783826433,20212.94551560908,24763.462186091016,1145754.4632229968,736163.0570890176,15698663921714.168,66871.67042625503,1.2021208431535062,0.06517808156568705,26854.422692982655,24924.80733429464,36638.85968237944,2537799.6377219,269677.752424175,34365594593922.297,52694.81333070353,-0.14693050486405848,-1.9736370909938077,3221.8810487854366,3084.9031744007375,4460.621603313881,308181.38955926814,28067.94765537925,509366914251.5326,8262.894795720451,0.033880439909499425,-1.7630772980855227,29159.229270658845,27113.86649855585,39817.363149263874,2752047.3463191874,330818.6526909535,40586813648905.14,57479.30858101939,-0.13677124101713672,-1.9651821281268,17531.286538342152,23844.18383856829,29595.4576010728,1888450.8256231642,1110768.4806070859,22422812431792.582,64794.23720665731,0.8256212330922934,-1.1314351170566814,13350.857396415624,19997.994702591845,24045.06571719689,1329121.1435702757,1007440.5915502637,14801028744814.518,63427.00088227722,1.1374703166829245,-0.3984546987791746,13932.866450273665,20923.859066000055,25138.27053985604,1547287.514139775,362427.44576418557,16177475730815.848,67233.912727016,1.0224239178139078,-0.5421551604233414,86,699,785,725,0.20419581930184957,5,80016,80016,noise,gucheng,original,True
1595.873737816928,2510.979926989526,2975.2030486671156,183636.3468012446,27754.58675787994,226606929428.43134,8496.869712565993,1.3223938684290084,0.3456595461445984,2365.7317276829654,3172.6486322475057,3957.573240139441,288020.1456574485,90114.28318017001,400957080347.33545,9968.770300419272,0.8283658296432154,-0.8715783486057496,20969.314321140228,26385.434298793993,33703.16433563399,2571255.316881207,852437.281739987,29079124127609.625,56315.321166718866,0.466962212356417,-1.775010582658127,15274.354228830114,23593.18595137687,28105.94813280682,2122659.903058233,1320547.9667271026,20222574603367.09,59406.435799141,0.9464081053930592,-1.0549680961638634,16009.711876495634,21788.325164017304,27037.788145877523,2023465.3709588437,821894.2747777447,18714674888226.688,60521.196089172896,0.7912536323031978,-1.13365590144482,5445.309768774867,11747.80709308075,12948.450485450117,790986.2015095301,611384.9327408868,4292156671338.326,45957.64047837984,2.431085723239535,4.53537442454915,19079.200193108914,24003.91161226143,30662.740462946007,2360997.128366211,835272.9281278689,24069213509068.453,52062.62845589637,0.4661308371229349,-1.7769310608836275,2219.3895772646238,2989.2873274978924,3723.107414782756,276805.55463879724,104596.4720508432,354855137843.4646,8567.168479019323,0.8318854865973415,-0.9129887921062165,17293.137246395363,24699.660729745414,30151.713649263693,2008805.0917732965,359860.22550740826,23273621401272.18,67079.06945676864,0.763587847311337,-1.3452297824167174,7416.947961814044,16212.305221377064,17828.347025435298,990870.6142794336,672757.5931169875,8136958916079.298,59757.06515724414,2.413693506126354,4.342298030001314,15390.90306988017,21193.327570780028,26192.308619685125,1908719.7040340994,676923.3762913427,17562547989218.09,57715.35158599988,0.7954724840778165,-1.1543570685667863,11071.391167635073,18814.642622475832,21830.40263939885,1482368.4366554166,815417.4607609059,12200101872595.764,63703.81413056523,1.5358256028234378,0.8965527648980753,62,85,147,124,0.2905560169738975,1,80017,80017,noise,gucheng,original,True
1229.819449025364,2109.895812814629,2442.1540119602932,174664.61949140867,118373.2087123084,152681375184.2241,6641.387903873859,1.3796538293827751,0.3296382988215485,1612.3158162425675,2817.0798245432093,3245.8436544532356,222022.64668529574,132805.76855919813,269708826346.351,8763.311936337013,1.4438003357593987,0.48238907631653305,15461.067621550192,24397.24820170623,28883.73818974624,2150532.046244966,1329146.6707391317,21357320494433.414,58167.05554809389,0.9540273267976754,-1.0696136137712857,7244.313805434702,16087.177750713181,17643.054454789082,1079857.4119683881,870150.7827746117,7968700684663.116,63199.11876061171,2.247214235927764,3.6846780106967705,9878.469563606137,18525.82097201952,20995.004253545914,1420894.5016179036,1033882.3481166115,11284229212324.121,61492.26541541763,1.516955988257287,0.58851755457379,7279.785680812417,14594.413575983534,16309.266911342582,1015284.1760863091,634584.7587498657,6809399991946.599,65990.33317633002,2.111665606403199,3.6978498074497974,13736.931542997563,21643.54584541374,25634.86619780817,1909787.6799341256,1177763.8959600916,16822946943475.912,51052.54619188919,0.9445983282367912,-1.0995251154444334,1362.8178045295413,2441.3064793397043,2795.934493940933,184295.370342744,101161.15363147027,200121592176.86377,8543.242562383057,1.5622485389991734,0.9752712324877049,14873.050022617095,23678.978766693133,27962.504401587044,2089175.3143587727,1345975.5810671053,20016682301664.633,59723.344281299906,1.0030997114537463,-0.9247839782933323,7770.516130531197,17600.76257446446,19239.744388570092,1013559.3182335534,529202.015770038,9476294761920.365,60569.90543201393,2.1544003051413494,2.951758260846617,9818.533494329702,18017.38192341445,20519.00707523286,1399280.897790668,985303.8742670564,10778359074648.477,57615.357718862586,1.397468418784039,0.1577976148075475,8117.4883511332155,16769.23366682475,18630.641827466712,1201611.062644104,966296.0410465408,8885780861525.818,56610.409499576905,1.9438294195666928,2.188534795793289,46,147,193,170,0.40642274074284346,2,80017,80017,noise,gucheng,original,True
1800.5084881636008,2684.021079753165,3231.9962828735624,242149.9775879318,137705.56450898538,267412479296.21823,8308.186245351566,1.2094994771587162,-0.012935342792873783,2089.9696462687834,2832.706297811938,3520.2554015281735,264497.16654857295,110530.41386266319,317240271154.89996,9037.231756258108,0.9002936852400698,-0.6393175839996994,20457.61269711612,25742.13138437506,32881.168553985946,2537809.992263339,919166.9989399038,27677983884176.234,55463.726117305865,0.4671080441477472,-1.7746415179960768,7428.491096549859,14716.61489450759,16485.18225330746,958783.6444939197,489299.34760537284,6957087588473.9375,68954.9686172544,2.377257588651379,4.980637342513142,6272.415000933505,10067.886090242502,11861.935772462863,726562.1142015132,279912.54288992856,3602061318912.874,37193.2897497374,1.2988288444514007,0.158905521008323,17879.933396898174,23822.564877545785,29786.013758514127,2239636.178375649,835086.8425670208,22712489359933.258,59260.07349383212,0.7057342633293141,-1.3475134126453419,18977.114650441614,23872.26530904148,30496.16256910484,2344636.7236479903,822509.1623900342,23808407844896.54,51828.577214466946,0.4653266109578076,-1.778720321517757,2151.7118822969856,2873.2975438977505,3589.666112633163,269843.26787154307,105119.5301055776,329873991684.7843,8253.29348492462,0.7864370085465787,-1.0410805096952804,16555.771905799607,23855.245997103804,29037.326753322184,2239208.8436594806,1252529.5808980698,21585058431467.53,67895.82559246903,0.8519358917062966,-1.1428520622032357,15364.948811289569,20556.098561195104,25663.882014050723,1928415.9010655445,782450.1262438865,16861051904796.574,63066.95428710833,0.822219815929693,-0.8710263295613112,6221.744788852729,10126.945451310608,11885.500931447386,714100.9821163322,248550.5758159856,3616387389220.7793,43227.438983411346,1.5583207000541848,1.4952812237645752,17868.663553427516,23442.151755090825,29475.814087049348,2282118.8858374422,979909.6790095298,22241884572013.996,56456.770639920716,0.638070560709446,-1.4897943558968783,62,193,255,216,0.31521487697573786,3,80017,80017,noise,gucheng,original,True
1442.449944636702,2363.583467671202,2768.9688787400714,193767.35354284078,107216.50619424322,196280029476.63483,7391.227296990591,1.3645436675534175,0.37144533659417034,1867.5979643363275,2819.1559052422704,3381.650806108691,250388.40733505075,133747.39790781587,292750391666.0623,8698.371726925638,1.050512424190941,-0.5333131991807538,17844.588142967914,25415.89775642495,31054.744963647627,2366799.400955727,1195511.3023925058,24688567929784.27,58311.57157714366,0.7315795742618717,-1.4463882109248622,4787.027343688246,13061.727540256008,13911.303214476391,698203.623466425,554234.7513897149,4954223542402.591,63858.31911480079,3.208983500837637,9.475744460015079,7813.234888785994,15293.68616494218,17173.91847945851,1149840.1077626233,888047.6555719723,7550552984040.613,60143.76958613869,2.0372680580380527,3.0509627995236945,12892.594048823918,21485.40215094185,25056.765291941945,1669249.3707834473,811158.8523309261,16072742064523.941,67132.10692934222,1.2252309611374315,-0.24644900612569076,15843.110327163868,22532.234327846883,27544.6134233844,2097961.7327427487,1052312.2942977052,19422866653278.41,51451.3819804276,0.7230640799678862,-1.468755505647996,1559.3930285901808,2392.412627342333,2855.7564316801777,205884.21340385126,101879.36944032618,208776826805.3172,7191.601071326353,1.0855110431866002,-0.5231185433511105,17873.48415696464,25449.178403644746,31098.587063238167,2368495.6020618896,1193060.6911355746,24758326203642.992,57714.00570003066,0.7297450723467579,-1.451333331472729,12658.97461051947,21653.89073030477,25082.675733457054,1636285.6008543842,707246.7804103608,16105999921913.738,62063.89978982386,1.2933199662240071,-0.12828786250479673,7297.332368504317,14966.275110325094,16650.539041555297,1049858.5693359096,751119.5334782301,7097355529583.543,67556.6357506177,1.9974103892021284,2.8178362470155607,5614.045226647278,11737.393356575922,13010.914903027908,721968.5977370288,302062.32977746264,4333668009314.142,52074.07658141924,1.8690859404142828,2.373399215843034,53,303,356,342,0.2933291742649812,4,80017,80017,noise,gucheng,original,True
1776.9679200570804,2674.2974292960434,3210.83816615715,234372.2270026338,116502.75901857033,263922732268.83618,7579.431146685611,0.9762192362401363,-0.8380664564674181,2100.783690919181,3109.426492492282,3752.575812458007,283157.48419565207,153750.56816609317,360494725843.0687,8655.162991738574,0.9404657469297913,-0.8778779903715463,17953.236727416406,25524.975834578545,31206.45927282478,2388642.887640754,1228427.8833651785,24930383368869.676,56767.068448106824,0.7209930428361079,-1.474683341869207,7248.241845049808,15444.623677566558,17060.87367006686,1065514.4335895095,852139.8208068525,7451479305881.102,59397.97436373428,2.3152909097863312,4.1517222081436636,10487.839119398757,18620.124069680558,21370.629138251596,1482947.754402702,1014280.177447561,11691617017976.016,62932.58877441413,1.6122547822528723,1.1722371974712296,11102.244056184147,19146.606490760987,22132.60859445011,1387709.7293384704,508755.4395889235,12540220497795.25,63761.27687901583,1.4496596464556795,0.533755715917672,16414.0084480909,23336.550720165425,28530.935365824458,2175095.934075357,1094232.2580978752,20838765384930.63,52626.28477326805,0.7210230229096867,-1.4744875267316664,1902.676153921307,2860.751576889361,3435.7060600953255,253677.66620701292,130326.57562644096,302184348963.219,8585.44143292387,1.0195572161241095,-0.6565793101243687,18068.346777251336,25687.46383612758,31405.587935833508,2388465.958930836,1185017.2410214136,25249560412041.504,57341.491969322386,0.7207089371152998,-1.4754782439055365,12598.859627749789,22250.0437580486,25569.4292301338,1719694.854487906,1097157.3801539417,16737170205563.414,65509.48290590175,1.3148038318261692,-0.13800232077432506,8905.979813625327,18109.46318857975,20180.91012365961,1264697.0400011705,866868.2427524371,10426089815532.207,70653.6047429706,1.8309631555144914,1.972039455189761,6150.424047009905,14193.325491210557,15468.619992018846,826078.3133472607,434327.69923742185,6125522034111.619,68490.25124400374,2.1426759435451874,3.5913308933616417,53,356,409,370,0.23863036198678664,5,80017,80017,noise,gucheng,original,True
1660.3136206935676,2538.510808703957,3033.262013899789,210107.4418973306,81733.11993590718,235537368191.16556,7569.125701201673,1.152890814746898,-0.2554400513958641,2098.318183539952,3114.9461269889075,3755.772699913774,279655.6334918776,146084.0703227989,361109211479.4906,9115.64370658753,1.0490452301762099,-0.501942167800562,18360.439464105573,25392.683632765496,31335.18979340642,2407140.0222684853,1157616.1606038576,25136489456353.336,56044.519837715125,0.6638703270610824,-1.5511784540008844,9277.164505400395,18575.643159080635,20763.43661424477,1176464.6401526406,614060.7881620489,11036679680864.266,64695.671493030604,1.8121795560863252,1.6239405387927146,13337.967736603296,21333.154261639545,25159.587717082723,1791561.0724097094,948815.9413838581,16204924264795.645,57346.403372448665,1.1742912999631552,-0.38735156238781965,9445.531776425774,17160.571473266897,19588.34561234232,1258710.91402655,645032.0262229823,9822804066011.408,67910.73160582886,1.6590593594190797,1.4782253019876253,17111.099552399235,23664.846426391767,29202.991015935757,2232181.3656989443,1043407.5003164763,21832055917486.71,54213.29571216434,0.6640181352319581,-1.5503617623532426,2057.217057360792,3096.3472764400058,3717.45994967177,270737.4185868792,131942.27671904326,353779417021.7891,9784.131841204302,1.116708935602288,-0.2813335366897718,15869.009865677795,24267.03912143427,28995.07995916204,2076455.4185674675,1035997.3538247262,21522295343057.93,69173.63325374918,0.9223661521145875,-1.0581206714810873,10168.161316464388,19100.397003986225,21638.31486663249,1382877.6773256653,894001.7901953008,11986346758848.73,62697.44788951583,1.6322394518736691,1.0003646192802407,13101.979002766631,20843.10631615851,24619.036022875156,1799898.9408479298,1067719.618222454,15516081528207.984,63198.73857279347,1.1802729784427424,-0.30150113732411254,8798.635064853219,16691.200712017606,18868.284506369986,1107815.462765247,442033.6267249945,9113911301461.035,71147.83177876784,1.715535849013115,1.6690708254464912,55,131,186,173,0.31824864636226824,1,80018,80018,noise,gucheng,original,True
1101.8731233778242,2234.4610777781218,2491.37325347443,161318.1620105503,120578.32624003178,158897681616.0708,7924.081642167275,1.8837586047006063,2.1599773529547566,1331.9582244615897,2704.3346928771575,3014.5545015490866,197400.0268486428,154919.0714947241,232640994375.93246,9720.12958380439,1.8847191500670564,2.1450917305816564,12398.291170364786,22614.48088952706,25790.160330015984,1814569.4556089041,1358532.4848498434,17027388668107.012,55568.478465854314,1.2776213791131212,-0.3633091122916823,7628.6685797026785,18180.25716434064,19715.941135550747,1168023.5201590757,1026197.0129233558,9951189372428.855,60607.74928744068,2.167707339950432,2.8484776848073565,8200.221326135692,16732.520227107667,18633.86333931259,1218710.6122528785,964405.0068498265,8888854091473.35,59556.842700558926,1.9349311025583722,2.4083396255794804,4321.836639700505,10218.045112665259,11094.44536084252,643943.0493107701,515886.2001973516,3151019977336.835,43361.48238257949,2.440997603835584,4.885551556648722,11384.74196023903,20768.81677899312,23684.511814698933,1667815.5244062191,1253253.9351471493,14360476157455.703,51409.53104542585,1.278635045662775,-0.35920987864177434,1335.9582408244023,2703.3595363566615,3015.44975153577,197363.11526501479,153270.73903250962,232779192423.35065,9716.656719394094,1.8758543671154468,2.1324868453620214,9783.124088651803,20174.470782714783,22421.391310455547,1442620.519670428,1120956.7889338161,12869600980392.232,64460.72089109608,1.6711359241162076,0.9323469587583921,6263.542387267885,15299.58465670571,16532.0674419386,916660.3707718031,705428.6060037205,6996716899963.041,57917.13767948245,2.3945316378580235,4.224175947002425,8824.54828742501,17648.430671029764,19731.694241175534,1304850.320264312,1011977.3349446261,9967097795257.336,63443.62768322055,1.816267144221783,1.8976656253094113,6322.493406984905,14451.372798723214,15773.905624449666,947831.5571056178,772713.9327760278,6369692125415.549,65217.83956157667,2.1839156880302615,3.6390100372103893,37,186,223,199,0.4295719315043961,2,80018,80018,noise,gucheng,original,True
2183.766102034124,2950.554000464731,3670.7769338454414,267888.58093149494,88529.92978595974,344949844430.12445,7817.058660986225,0.7906618379788709,-1.155409105610868,2360.421967927894,2984.695738277031,3805.2595859895896,287958.01179151214,100376.2571129733,370688013229.201,8912.318772812416,0.6761444183616289,-1.1533742465885402,21824.40568079137,26083.427855491806,34009.55589260766,2622518.959716957,784100.9548734683,29610237235517.555,55963.675286915175,0.36421600146098815,-1.8558248980736693,10308.552743703074,17346.987234232307,20178.80635157409,1345290.2311047006,807857.4621662574,10423916179822.77,59870.19905579082,1.724711252916416,1.6762172022925688,5961.3545703758455,9005.61915666657,10799.950217878826,681792.088594285,316049.49853270437,2985956472541.7188,24665.36847513757,1.1559913780489326,-0.3488665928304311,16718.64101174835,23396.911034370936,28756.36283033691,1944284.6462906231,437252.64453118655,21169367122687.547,64904.39312447772,0.8482744167317167,-1.1025075833870683,20487.05715781144,24463.551178690457,31909.008873041486,2430864.1432405254,652192.33732015,26065532089851.902,53334.75504905767,0.3590106240689722,-1.8662089913938298,2426.9519825930606,3001.0815711888463,3859.6096334657605,286140.373783596,75110.03259009904,381352614982.18756,9214.211353576638,0.5650403268047057,-1.406904609744929,19291.86490170452,25511.863672581072,31984.859534379397,2467597.5264659086,1055604.5152516288,26189599729509.914,67476.46237304833,0.6096864955839588,-1.5542312783700276,12401.88799534349,18441.819845304875,22224.03080126838,1471566.5607053062,497310.89147250424,12644033153426.578,62853.893074380554,0.9602997642632112,-0.7357893564911469,6223.564370878167,9988.388345442881,11768.630133445582,683098.7328575653,243554.84116438637,3545616773576.79,41776.34590518256,1.3968351917552928,0.7942551891942897,19744.986775370162,24459.820248788434,31434.810471236873,2405476.808705106,767779.1856585467,25296571119682.145,58503.98207835491,0.5164507670420297,-1.6199700497750054,66,223,289,247,0.26841300321887307,3,80018,80018,noise,gucheng,original,True
1874.1643506562498,2850.4836285925526,3411.4145057651563,237055.45431621114,95380.31043521568,297926372611.7101,8304.212816711512,1.0747184141748756,-0.544945948874457,2065.3651075017233,2961.4349310863136,3610.5165666901194,271777.2008396634,134529.0554536364,333717244885.60144,9147.863098495698,0.926540110801056,-0.7689698155916389,18820.501028886458,25666.472788349747,31827.332347738702,2450459.9193417574,1139858.1413799338,25932264559959.402,56067.73296872338,0.6334383638399129,-1.5926656545590003,7326.936682969385,15798.420911167837,17414.76685008064,1042803.6955040788,811417.7174996666,7763817073732.289,62276.135816328584,2.118456644787226,3.1713157456772354,9904.468318225365,18268.46918016995,20780.651069048563,1419906.2491487376,996787.3086844851,11054987746650.863,62089.21091250209,1.7954214664197277,1.7759455212297333,11876.394389817748,19211.805000551183,22586.327613883976,1513416.3312386072,669974.5171918189,13059640194091.465,63682.12920993527,1.1678640513717717,-0.340181988634793,17177.154468332305,23425.1406399693,29048.09545617905,2223371.630068056,1000586.7872119001,21601071350561.023,52663.49315060218,0.6334677369952707,-1.5923398829994537,1933.3383333721554,2787.412637076064,3392.2656618575093,250461.88687840154,113628.62775748494,294591137807.80963,8298.713585137395,0.9314484012459432,-0.816375819048373,17812.73239838593,24782.809200044696,30520.17475936741,2325847.2739262553,1107717.6780295102,23845915323963.586,61440.24947422877,0.7304142423043527,-1.3800817561987675,13254.905262521526,22499.15021922767,26113.29688311672,1688746.7646504773,804477.7379678778,17456749417108.309,64318.211644916766,1.2655805841833427,-0.24641902625183176,10198.22682345275,18770.332247768303,21361.863285635965,1471088.3582029184,1058585.4327712385,11682027597675.566,63226.016525866384,1.7086862164153533,1.4799529026570202,7579.481220988589,14635.349812529334,16481.56545096433,902439.8007217569,233697.7945143937,6954035192689.178,56813.36888344239,1.7662282613124984,1.7180201334374852,56,342,398,384,0.263779201063252,4,80018,80018,noise,gucheng,original,True
1830.9234542269703,2694.762041417603,3257.916996349599,236496.7225456585,107584.0772772411,271718992770.65186,7861.351643409329,0.9958466377118328,-0.7034923263868782,2204.649588775299,3101.4138410185337,3805.1606566015616,289820.60966505815,140521.29543794057,370668739137.2397,8546.341332105148,0.8035885564823358,-1.1632723253188557,18837.85412153585,25683.519789418886,31851.34120689012,2450524.428691633,1135563.3826393238,25971403178950.055,55651.12672162178,0.6318620758656677,-1.596742704560486,10985.76390678173,20753.213521614907,23481.543392402637,1584832.216316903,1199162.4267637834,14115401730285.773,64705.44523320523,1.5236289083601224,0.47506811566765217,10026.531617874965,18971.003280571145,21457.639706074096,1468037.428768523,1121259.8379063734,11787015724945.602,60788.23024366097,1.64423341419014,0.9795590260071516,11035.557535061958,20324.245212915554,23127.007449827648,1274119.3567969329,164377.0143607048,13692376923760.215,63000.67392702851,1.5205867039246166,0.5769175765536589,17383.210795398474,23701.633622152116,29392.91502923774,2250666.9670954575,1013738.1147541899,22116952420249.34,52369.550341211725,0.6322437326920555,-1.5956773220599763,2067.474895959029,2922.359981279048,3579.7542241894307,268277.8496160399,120586.38546635522,328054791823.4131,8096.887859470773,0.8336022001486112,-1.0800946323318383,19200.476173312876,26183.96066047775,32469.340633148095,2480250.7573740105,1101100.3358142646,26989006877475.89,60669.878363303666,0.6333934377482784,-1.5924281633711952,11429.08613964301,21369.04037165429,24233.44582168972,1650526.4906361864,1243102.147019566,15033853347654.934,62601.45609970134,1.5237499193741952,0.4245023631486009,10045.174240071152,19374.722465817107,21823.96380451606,1482963.2008294542,1166115.0617533028,12192906141205.176,62112.78582347186,1.6546994395664976,0.9511963951527282,10660.22776598432,16537.0509699639,19675.225813338126,1376875.2711720818,621620.4614752566,9910131476629.68,58765.14885505327,1.1658469628541994,-0.2034806636251143,56,398,454,412,0.20649754075339885,5,80018,80018,noise,gucheng,original,True
1771.9688097981166,2659.5569220838656,3195.796690138714,228717.50714440807,100294.22929349837,261455782008.3599,7376.622009401256,1.0366852214385442,-0.6200300351397319,2187.8389302160867,3214.984726262936,3888.8000687452472,291529.84630802687,151093.1975494551,387142808951.6298,9858.035130093389,0.9858676970346496,-0.6166961598724123,18045.783407264425,25307.943553262707,31082.82975658798,2387774.6751596597,1198903.7671369896,24733243025332.004,56238.25635836989,0.6935248729350867,-1.5102572661500926,10820.820919334798,19592.68012821432,22382.209005699995,1502783.0993084717,1044479.7130848278,12824659967355.844,55087.01695888641,1.4978512147518608,0.45333533695868633,10903.797440344755,18423.453969644866,21408.32676300724,1502428.6105673406,907366.77559952,11732901242667.316,56339.8347211698,1.457104747575191,0.5014907291361119,9447.060987052342,16918.312809881896,19377.21005785147,1264197.2939412456,677053.6144214093,9612192502428.164,68339.81016060297,1.5150915289430913,0.8284737405106792,17072.624594624158,23934.044455936295,29399.200577017407,2243659.7021580106,1085773.6913746367,22126412660933.137,54386.39635192721,0.6911289577157713,-1.5168828705082182,2121.1408963730255,3109.6837684543457,3764.2226079304323,276924.5770810078,128314.19584113326,362735919156.5973,9322.687409658589,0.9494474873081347,-0.775299342542858,18447.163068187936,25870.656101703516,31774.025121109957,2417309.999394622,1149643.738251057,25845470013361.312,57099.715747326416,0.6934196117455386,-1.5107110149012937,8445.806395911253,17689.794116122583,19602.562627065385,1247628.2938959762,1010793.1099752038,9837067815629.326,61169.536463568795,2.0083540095513905,2.3580874623183234,13068.741738182693,20445.684094650427,24265.572499274767,1762375.229702143,967926.6655807893,15073741023169.535,59211.86450011749,1.094124938573191,-0.5837399235440897,7673.201945142386,15727.84639680773,17499.805152415694,1028280.4008612087,564496.9631428145,7839825417536.379,60662.477219062836,1.9688174112049046,2.4443552929140235,54,94,148,135,0.2574635843187851,1,80019,80019,noise,gucheng,original,True
1748.29765801346,2725.8748614731003,3238.3542828767736,223414.9838053642,93051.18153390389,268465624612.51425,8284.264388139683,1.2163926149540847,-0.06980440904586915,1916.4831537424786,2918.0772402340513,3491.1434313918835,260033.1977754326,146193.8355741536,312014910938.8978,9672.621411143107,1.1421192059991137,-0.19241205491158597,18031.304131609453,25280.310138621437,31051.924407216404,2377892.347410897,1174164.5764699453,24684083440421.934,55605.81710909671,0.6916179017207057,-1.5157707980341855,9572.118915433257,18805.59213201462,21101.55814073656,1197318.5514264344,549009.6245585788,11399059352752.266,63391.210545694856,1.6995062030260872,1.2104698161057357,7911.856662855831,15865.525366848311,17728.8570139105,1156981.6566240867,880691.8136583654,8046396698103.8955,57242.4305019892,1.8615830102562285,2.0011382396976094,8744.402766331408,15996.010396967009,18230.110486766145,1041793.3928903508,258259.1691212744,8507825366008.346,58454.17794526533,1.79436141858631,1.9875381243746695,16732.15168007131,23455.05174689232,28811.53158536196,2202379.474479712,1074481.2587568867,21250671418734.33,51704.187179654815,0.6905932450950997,-1.5186086986868814,1913.42403161316,2925.759204464758,3495.8916526781854,256630.08116742488,135999.09046794203,312864216249.9844,9414.380162957663,1.1572277440342773,-0.16245641710055914,16199.529389563617,24377.498103662056,29269.218750034695,2144653.2350196773,1113836.9934238556,21931191455676.992,60177.771287324606,0.9144239852979601,-1.0963179166833554,10673.24235325983,20077.397153737624,22738.07333087681,1424835.7832597704,820378.0875606938,13235711457288.477,62581.957818825074,1.5365233491629082,0.5691228455544386,9068.49705129823,17915.721915793645,20080.10783171877,1343723.8815930989,1068432.9882225874,10322194701656.408,62286.772428062766,1.7689451220882104,1.4536958722641007,13663.497978294025,21902.278798473726,25814.743724641477,1808683.3510405964,952967.7210635553,17059865435364.264,69174.70152782058,1.0923678514806654,-0.5980505773702793,54,148,202,161,0.34633990137037146,2,80019,80019,noise,gucheng,original,True
2320.8319474495524,2984.6405965376316,3780.785688028745,279898.5197382568,84381.7483977195,365935114721.3567,9047.105512799031,0.7242077683760979,-1.1408967302317592,2596.1845474907373,3193.3496825191073,4115.538409427686,313712.45458598714,100974.1221686496,433604003826.5491,9875.897189190082,0.5963198370554847,-1.2659010330273195,19177.52654603768,24990.835938395685,31501.10165254208,2147930.641033441,274059.00508912734,25403376776289.004,68676.44358581529,0.5601490007872868,-1.6247514080583338,2561.3527993847547,5213.748191608356,5808.932635899259,263874.06335550465,52484.05156264813,863838678231.4373,45240.870728982874,4.968663475277971,32.06461256522753,3223.888667641642,5505.155134704886,6379.67014809667,364138.223750575,126320.77311218253,1041924894682.0039,25005.473257994377,2.2142110939213766,4.893766810185809,18591.609491913674,23676.62065764039,30103.65939990715,2229130.9464510684,668799.5261443071,23199495917199.824,61707.53943276121,0.6456862442651095,-1.3770374318946628,20413.704362356693,24067.03074355624,31558.537586602168,2403505.3279709886,605347.0182304088,25496097141887.535,51891.67771205351,0.33356650300279067,-1.882975043308409,2168.863793041678,2688.933798632605,3454.6107054479967,252923.1010315083,57321.8562749638,305518979230.6152,7427.458567136511,0.6064401076420772,-1.329134222174097,22249.469826697583,26473.8912052794,34581.8713073497,2632061.993700076,679693.8414505674,30615189071823.26,61295.68911806596,0.3760170429971279,-1.8199339971346795,20851.92726170224,24834.702188496627,32427.847651650274,2499909.145623087,726072.4709583053,26920071764957.184,58844.06986684529,0.38209621996328,-1.807037798396202,4188.845409699452,8419.791530427627,9404.217951654513,491966.27957894164,105341.27580772268,2264046471224.857,43177.01302719245,2.6597933235408795,7.030154371881377,17865.83722795256,22952.601848475497,29086.252276124134,2000276.013859518,433607.7054607873,21657857829640.61,59352.12359349926,0.6750698356330462,-1.34943423395823,67,251,318,292,0.22867840619258403,3,80019,80019,noise,gucheng,original,True
1360.3362220609802,2576.363569225391,2913.445362089864,199678.5648222374,151355.0406539243,217296995273.80316,8151.299795283728,1.5620835000714517,0.7481400561180149,1582.2784566721084,2887.5293790708693,3292.632841579223,227438.2482352798,159007.07663078373,277540634353.81934,9044.57906585925,1.4150842818227574,0.2879030087464578,13113.101811617647,23115.328235015368,26575.775407960326,1902001.1194259278,1379796.4896577133,18080559066479.33,55831.84570901019,1.1989532738780528,-0.5546539148616443,7189.661982000189,17125.719853287766,18573.678147009916,1023419.4772346442,722691.1616463807,8831526909663.07,63713.54015256362,2.158866233083789,2.9342917769681955,7577.061259008071,16290.224430139315,17966.17013464664,1146458.321969196,968577.3857098584,8263251694260.961,57829.43177349473,2.0665140615703637,2.7151971361117306,5313.384849132673,13666.33685297138,14662.906312661084,794631.7811060471,640601.4539031562,5504021031267.232,64961.85377842196,2.5312689201407714,5.312556264216655,12045.46062091145,21233.10614521491,24411.83971239963,1743958.5566832663,1255528.82774978,15256010704483.629,52840.461362454196,1.1989863783621388,-0.554193318559157,1469.6764558638768,2715.38160352123,3087.595526888542,210724.53556163446,145938.53616052773,244051101124.1505,8931.005060670106,1.4734138917572235,0.49987657000908303,12643.736155611008,22470.92289541448,25783.84067093899,1833215.829348633,1329708.7759937155,17019044857455.8,59446.40417320239,1.2472299794835118,-0.3841233558000181,6492.22782700998,15223.247175499599,16549.811984556178,992295.7445117091,865631.9213744326,7011744684138.477,60544.29708597685,2.2793934092891597,3.901150662737243,7504.577421325621,16660.861481665448,18273.01254812445,1134103.4668702548,952735.7355366953,8547916482148.188,59267.382451657795,2.090260609540453,2.8223451716221053,7261.43360330225,15835.885599542695,17421.357315001915,1002880.7349995072,583973.5045644689,7769694481842.449,62172.592244552055,2.1049543264779005,3.079727904849565,39,318,357,344,0.2356213507131335,4,80019,80019,noise,gucheng,original,True
1799.8142890707215,2726.295594988234,3266.8056487026274,230236.1452521326,99348.42029548375,273203690147.72208,7702.3616729890455,1.0666229753236338,-0.5912835621248962,2101.1670982310125,3081.902383665249,3730.0168199527034,280558.64504150045,146774.69957036644,356173452214.52997,9505.936423429393,0.9897786435147636,-0.6356609861282694,18599.08540414626,25720.212574732584,31740.436555916476,2440544.361556003,1179546.699076258,25790856006660.062,56551.609111977814,0.6632762573321259,-1.5527353543937723,10443.48678410251,20109.03006077807,22659.20356488727,1413312.5360455445,963462.9729280475,13144051358592.0,62813.36346880976,1.6258912208982808,0.8171619952151588,9080.0331184899,17808.430582974383,19989.677367618784,1330156.7930888848,1020340.009613693,10229432352294.158,60961.446933249405,1.8311402705554791,1.7866611472125733,11563.671731198987,19257.403561448926,22462.548738632406,1494036.1460357353,713392.4720873189,12916892053387.168,63626.119367353014,1.1896600316892207,-0.32613825267042085,16968.28869781101,23460.066263178185,28953.36820483883,2216668.5039232643,1043600.8354569342,21460416778367.285,52699.10468603628,0.6620096360346126,-1.5559966017290363,1910.0099176035578,2827.5875043965034,3412.2410495689182,251713.99690331734,122893.46886998581,298070757897.2978,8508.87871645923,1.0135433738302195,-0.6221165268294575,18470.33948370606,25581.400803104305,31552.519831107253,2401743.6113276123,1104257.3542502294,25486374596925.86,59530.56619216585,0.6726209907261774,-1.5280002263105543,10248.393205984361,20231.008269007936,22678.696146055972,1520452.0027353088,1200867.8713909483,13166675427459.432,65979.61688551704,1.6479070644623515,0.8707402264633317,9718.68683852541,17750.341466775066,20236.785714446884,1404730.9300195097,1022120.9511863843,10483903898942.5,61168.72751633536,1.6400396518566134,1.169671273802356,9291.429386874608,17332.86281642695,19666.184008707765,1108933.1178927065,382703.6786659797,9901025112687.436,60957.35427279772,1.7326777724476827,1.6165586262646698,55,357,412,371,0.2885930242873012,5,80019,80019,noise,gucheng,original,True
2094.5188236484664,2927.1761760473437,3599.356813131605,248335.19334311518,65588.06274622792,331657458386.8648,8408.133216230897,0.9701298088973578,-0.7175963767889626,2342.0945196254183,3088.3394478444015,3875.9833957295646,283923.54500580195,89572.98527622757,384595130469.6648,9442.956715057218,0.8312185204361948,-0.8595458110509493,21933.327715297604,26545.608576404928,34434.57854190095,2614681.0503409635,715400.4171969111,30354949103573.63,56333.722274257365,0.3884491364104361,-1.8403512410462277,8964.376228334688,16958.080744481096,19181.672077779676,1246707.295438966,838577.5564451647,9419175518706.496,62490.1937649405,1.8445921079048477,1.9102229740723322,13892.966507478075,21269.773550316535,25405.07400618334,1676611.2163305474,450190.74403568066,16522695302647.102,66293.99192575122,1.1107313573136868,-0.41989504373029796,11309.907822383564,18817.932757718434,21955.14992489975,1486628.9662240515,768765.1493411099,12339932370555.531,71095.2986886494,1.3995840159022594,0.6353645594477415,19963.38183874854,24153.393333152868,31335.65100561449,2402933.92324995,716824.2419344562,25137229413009.1,52462.00112170655,0.3865158080000113,-1.8442185661446762,2187.5332263560963,2952.286618722541,3674.4112311362333,271097.0585717715,100682.86483412607,345633226124.8021,9113.682622844417,0.9087562864887104,-0.7277327971331387,20284.93972455386,25472.76258505183,32562.868628903067,2374862.330615974,541142.847778978,27144714581585.906,67001.97329130014,0.5574764410107681,-1.5543032754434192,13526.453516594536,21714.789608646784,25583.139613510833,1395500.5696317411,429782.83674095134,16755124031600.31,61619.84814181937,1.2434396218148283,-0.24853290375881265,14322.971294727855,21701.44045693416,26001.923479147783,1704992.2933446397,441123.58132620674,17308160630155.695,65025.46830473641,1.052302379659265,-0.614980382439648,10281.746735601308,16305.779225021752,19276.741220190695,1218943.5159681074,423513.93586060527,9512774452997.096,62676.11708084986,1.1653891809179453,-0.09012864636281259,65,127,192,168,0.33559472822792596,1,80020,80020,noise,gucheng,original,True
1569.4830408811172,2349.909815341536,2825.8367178327785,183399.44520301334,54623.24794490792,204425040789.8094,9088.299620144837,1.2211545470625302,0.27100909359756864,2287.2180120265853,2926.112356532564,3713.9601179322585,275503.72304050653,87115.78477105436,353113593794.33984,8965.773255086395,0.7162437197563237,-1.0933606003025542,22076.52122762409,26376.381251225735,34396.02124408795,2647346.0858189827,777814.3120954441,30287008702047.992,56167.301015957986,0.36233340154399357,-1.8596185340686378,11235.286045307914,19054.12360090101,22119.92944650375,1484880.87761394,925316.0862534797,12525856735188.57,58173.064889201545,1.577495045725968,0.9031420241805015,8637.251887113902,13643.3629802831,16147.553176045343,1068906.9787910185,387479.4556887857,6675032923474.229,62547.679276092655,1.857118730762138,3.4602715056935454,14845.700508355401,21829.954025945426,26399.65371664323,1792899.1744317417,502875.34728330973,17841707938782.07,70758.94444251961,0.9619085702828025,-0.7890275400067868,20137.517648673696,24043.29218783946,31362.390155733774,2392024.7869481747,646473.7013316589,25180147616779.953,51499.046017085806,0.358245385433099,-1.8678975924170171,2209.036297360858,2827.321882922122,3587.9785942377166,258896.40627927397,64515.469516332414,329563914053.32635,8430.19568885035,0.7069147872900199,-1.155060665118333,21507.729099133092,26048.939335284016,33780.61058499392,2606412.18130772,815283.8376368658,29212919078272.08,60523.38987304895,0.42618968374187993,-1.7579282013055468,10204.386563639015,16821.855110156193,19674.96669596328,1157889.5262955425,474462.3887558237,9909870450873.969,56268.52703899788,1.3439238172213646,0.2722602192714847,8986.93292432385,13269.04950462291,16025.998818870212,1076058.6453784462,334198.04885871167,6574915536446.195,55710.443753909676,1.2420645806025317,0.5598193029113308,18426.16202500834,24103.61009004863,30339.865957926602,2116910.553116978,424580.5630367027,23564991138430.81,65128.55032289852,0.6687053311929758,-1.4132609633543765,66,192,258,217,0.29603262084194615,2,80020,80020,noise,gucheng,original,True
1805.03322169694,2574.991409797647,3144.634428985555,235080.0526689931,110472.02257479887,253151377714.20953,7712.971375072606,1.0537345008438348,-0.4777390064297289,2237.1769981536245,2920.2509269990946,3678.6990088490156,281330.02700638096,113911.49092370314,346440355781.2923,9085.325767884435,0.7860519594259673,-0.9513901472033797,21459.440571965686,26172.14197902235,33845.06766770944,2573085.2019779524,748993.6896380265,29324508299054.86,60916.72500467434,0.42793266719796325,-1.770165511515345,4306.117309318626,9997.943382418474,10885.840259697865,546116.7963797213,351573.4069360292,3033638864887.266,58077.96567058757,3.4983935025348134,12.396754498551289,4583.057503733422,11074.60474220992,11985.461454558423,476139.4467529118,306940.17004450713,3677472928734.865,63514.387177369106,3.351312869096898,11.801419935245335,17566.602908759232,23099.98665011866,29020.594773189758,2044989.7856764619,503080.51008853037,21560189977336.023,63357.20863748692,0.7653541603856512,-1.1342484081821897,19421.224598441604,23503.02201110128,30488.948957899887,2334331.154736774,686774.9544036431,23797145819070.066,52512.643440601765,0.3881219868340477,-1.8403565784578981,1816.5530592810624,2493.8599096192597,3085.320447861059,225494.2512488239,84472.85797784686,243691578009.333,8417.378892068264,1.074219727943533,-0.09875940895476765,18076.950879174576,25150.158995752663,30972.675870833784,2368742.9561573234,1126904.6908886756,24558250255353.066,61390.359545514606,0.6991986862533184,-1.4673682370579457,18620.024848028406,24535.12853344977,30800.614563578052,2385935.008483259,1022691.3770145084,24286153151848.867,63725.518983025366,0.600221582121255,-1.576127758876992,4646.286406328025,10297.399330170389,11297.097429633071,480599.0086080494,214739.765913223,3267184904566.326,64094.24008099832,3.553675082877054,14.386097654087049,11899.89900509371,20003.42410229538,23275.40702431908,1352796.934923371,246558.27581206462,13868661046981.68,68713.77833190789,1.327749964019812,0.1759582257566259,65,262,327,303,0.3137710594821646,3,80020,80020,noise,gucheng,original,True
1709.8830750538496,2741.2805118554993,3230.838741725491,238954.02796398473,150538.63035209203,267220965760.87952,7761.315341196312,1.1443600231642457,-0.449801582302368,1856.9450143876188,3053.941043656037,3574.1853176053924,252956.580606547,144572.06526043775,327034897525.40063,9628.973676006915,1.2905749494044647,0.06812541109607073,16621.577534528344,25038.571639261183,30053.400963464217,2267874.8042979357,1296863.456163482,23122096882451.25,56513.95339856224,0.8461664171693996,-1.276405445203913,8419.713390214663,17567.710675041708,19481.171215697846,1048552.3274874687,320635.2212777703,9715610417544.559,64269.203200441436,1.9649707677127428,2.3287541682583033,7579.645098560007,15481.88508820618,17237.74305715646,992089.9167940245,517152.67857952864,7606778514036.367,59448.46529325262,2.0409159873993024,2.896717902276488,10950.92414009738,19433.425901237642,22306.51881807338,1438279.412629863,682689.8328534776,12738068013595.18,65096.48532319331,1.4607694191496943,0.5466780242593208,15015.231089912482,22618.584076498166,27148.80311006529,2051494.2060340464,1179651.100074271,18868672263912.72,53015.57811661055,0.8462615083640306,-1.2756613342122853,1671.3640729327212,2794.9768189433535,3256.586139306154,227681.91315045668,129766.73255777058,271497044037.65662,8820.991581912745,1.3073940164093447,0.030951351555577933,16059.392866356875,24384.424012199925,29197.67514105783,2176762.558372587,1205480.762101046,21824108381254.312,59376.431357094036,0.8894879427498841,-1.1579221020260693,10634.72415449307,19654.924717220765,22347.559676210152,1571496.637495702,1223226.8735586288,12784983641133.418,60038.0680490395,1.476740390997967,0.362922155238127,6942.313209827858,14884.780760343745,16424.14110347478,950746.1171505377,610629.4142024195,6905661721263.354,66026.1464879964,2.198229908519284,3.7715949006010305,6210.243978222748,13415.195865023992,14782.916165831715,863856.1312248204,532309.2009573006,5594486025369.822,69151.04785428874,2.340081315071048,5.23171424483246,49,327,376,352,0.3668408516471467,4,80020,80020,noise,gucheng,original,True
2104.196093345937,2735.830226770016,3451.435676491854,259905.14958778225,92698.11670997262,304957650661.396,7808.46590299193,0.7247197431479223,-1.2127529501944971,2694.778546704186,3408.799943757378,4345.313391728775,310636.4311595111,62121.873846630304,483372760891.83813,9365.997683904568,0.6431914490466993,-1.3188934019975878,21858.602570270064,26154.536617444155,34086.04248073167,2600278.2360395542,709403.7065704786,29743572275155.043,57602.87905157248,0.3707011987200411,-1.8436530348482831,15754.446713489922,23347.262947758467,28165.53351882348,1710503.5383125178,512081.168262502,20308410327039.2,63475.57220123405,0.9187710106044179,-1.0568413584905962,14161.544289091786,21110.883903263537,25420.833106508915,1494985.341898059,125499.38811171931,16543200149221.883,59946.24312172536,1.0156957302923804,-0.7627537067334353,12821.478069935381,20032.434106809982,23784.211488748533,1597447.941597348,663061.201552413,14481631133222.854,66598.75440430435,1.199073064253286,-0.07588418345154002,20480.451750525168,24460.190815281774,31902.19175269286,2438455.072420015,674255.4586573194,26054395868814.953,53295.30450588326,0.36008282208104736,-1.8641338765822555,2488.3335524693257,3191.0449470477597,4046.5505955595877,293680.517107535,78618.37136025052,419189036094.04553,9401.931746430435,0.6910961758419759,-1.2124690383483503,21767.70384030011,26183.015696047358,34049.7172002717,2574564.362751169,663734.1188314088,29680210980313.043,59900.35014769468,0.39637896555176355,-1.8025645341479368,9748.807633597953,18115.14276602431,20571.768220314476,1419640.4614198396,1080358.2446446402,10833859781384.72,62800.03308779464,1.7182348176288735,1.3743356971648701,14295.028326430542,21232.42609866043,25596.166761617413,1495215.6172386454,164707.00726882173,16772192073946.316,58978.77998878873,1.030601365777306,-0.7267612503553691,10356.295303444438,17489.429582699144,20325.673409270777,1302637.1187589236,587215.3226968262,10576204788232.633,70102.4361360765,1.6475207984195481,1.643008830505667,66,376,442,401,0.269362309030266,5,80020,80020,noise,gucheng,original,True
